point_id,year,available ammonium nitrogen[NNH4 mg*kg-1],available magnesium [mg Mg*100g-1],available nitrate nitrogen [NNO3 mg*kg-1],available phosphorus [mg P2O5* 100g-1],available potassium [mg K2O*100g-1],available sulphur [mg S-SO4*100g-1]
1,1995,,1.8,,3.2,3.9,1.37
1,2000,,3.0,,4.8,3.2,1.25
1,2005,,5.0,,9.1,4.7,1.05
1,2010,,3.3,,42.6,8.4,0.96
1,2015,5.64,3.4,7.11,56.4,10.8,0.83
1,2020,2.7,13.5,32.7,39.6,16.4,2.1
3,1995,,2.6,,13.3,3.9,1.0
3,2000,,2.5,,12.6,5.8,1.25
3,2005,,3.2,,12.8,10.7,0.83
3,2010,,2.8,,11.8,6.5,1.0
3,2015,5.7,1.94,"<1,00",11.0,7.9,0.39
3,2020,33.3,5.5,2.2,17.2,9.8,3.9
5,1995,,4.2,,9.5,16.1,1.0
5,2000,,5.2,,7.1,15.5,1.3
5,2005,,5.3,,8.1,21.4,0.88
5,2010,,4.4,,17.1,21.9,1.68
5,2015,11.11,7.4,10.3,9.5,29.6,0.68
5,2020,21.4,9.8,2.3,8.8,12.7,3.0
7,1995,,5.4,,4.6,20.6,1.87
7,2000,,6.5,,7.0,16.6,1.65
7,2005,,6.0,,8.9,21.1,1.28
7,2010,,6.3,,3.9,9.4,1.28
7,2015,10.61,4.8,7.3,3.0,8.9,0.43
7,2020,26.6,4.9,39.5,17.8,37.2,1.9
9,1995,,11.0,,88.0,9.0,1.38
9,2000,,12.0,,77.5,10.3,1.38
9,2005,,8.2,,23.5,14.4,1.23
9,2010,,2.14,,23.5,18.0,0.52
9,2015,7.75,1.92,"<1,00",27.0,9.9,0.32
9,2020,2.2,1.9,33.4,20.9,5.3,2.7
13,1995,,5.8,,1.8,7.6,1.38
13,2000,,5.9,,3.7,9.6,1.38
13,2005,,6.4,,8.4,11.7,1.13
13,2010,,6.5,,8.4,13.1,1.21
13,2015,5.27,6.16,8.18,8.8,14.3,0.91
13,2020,2.3,7.7,34.0,18.1,29.3,1.4
15,1995,,6.6,,8.7,7.8,1.38
15,2000,,8.8,,9.8,10.0,1.25
15,2005,,8.7,,6.6,7.7,1.35
15,2010,,6.7,,8.3,13.1,1.66
15,2015,7.19,6.4,2.56,4.8,7.5,2.13
15,2020,5.7,2.9,33.5,10.8,5.9,2.6
17,1995,,4.2,,21.8,10.4,1.25
17,2000,,3.9,,26.0,9.6,1.38
17,2005,,53.0,,23.6,11.0,1.25
17,2010,,5.1,,25.0,16.2,1.3
17,2015,7.71,4.5,2.75,23.1,17.5,0.52
17,2020,3.2,5.2,33.4,23.5,17.3,3.3
21,1995,,7.3,,4.4,8.1,1.38
21,2000,,7.1,,7.0,11.1,1.55
21,2005,,20.1,,56.6,24.7,1.5
21,2010,,13.3,,69.3,16.4,1.46
21,2015,9.81,10.7,3.63,78.7,16.8,1.0
21,2020,3.8,13.3,35.9,42.6,13.6,2.8
23,1995,,5.8,,24.2,7.9,1.38
23,2000,,6.8,,28.0,10.9,1.08
23,2005,,6.3,,24.3,10.7,1.15
23,2010,,7.1,,22.5,19.7,0.87
23,2015,6.11,5.4,1.71,16.0,20.4,1.81
23,2020,2.3,9.2,34.9,6.2,5.9,2.2
25,1995,,19.8,,3.6,8.6,2.88
25,2000,,21.5,,5.0,8.8,2.87
25,2005,,20.1,,3.3,7.1,2.0
25,2010,,21.2,,2.4,7.1,1.86
25,2015,7.17,17.6,"<1,00",1.8,7.3,1.59
25,2020,4.0,1.4,51.2,10.6,12.7,4.78
27,1995,,6.4,,10.4,16.6,1.88
27,2000,,8.0,,7.9,17.7,1.75
27,2005,,6.0,,10.9,18.2,1.5
27,2010,,5.5,,7.2,11.6,1.24
27,2015,9.5,4.2,8.93,10.2,11.0,0.62
27,2020,4.4,6.3,33.9,5.3,13.0,4.5
29,1995,,9.4,,4.8,10.6,1.0
29,2000,,8.9,,3.7,13.3,1.0
29,2005,,10.6,,2.7,17.0,0.75
29,2010,,13.9,,2.2,24.6,1.07
29,2015,7.73,10.8,12.38,4.5,32.8,0.59
29,2020,2.3,4.5,33.9,5.7,9.7,3.5
31,1995,,9.7,,2.6,13.3,1.0
31,2000,,10.4,,3.0,15.1,1.0
31,2005,,11.1,,5.0,12.9,0.88
31,2010,,16.0,,3.4,8.3,1.06
31,2015,7.59,5.7,"<1,00",4.9,12.3,0.61
31,2020,4.3,2.7,34.2,12.4,10.0,2.7
33,1995,,17.0,,2.7,24.0,1.25
33,2000,,20.0,,5.3,26.7,1.0
33,2005,,31.6,,26.5,43.2,1.05
33,2010,,14.7,,16.9,32.0,1.66
33,2015,6.61,21.9,6.74,12.2,27.3,1.05
33,2020,2.6,13.7,34.1,17.9,25.3,1.8
35,1995,,7.4,,4.0,11.2,1.37
35,2000,,6.5,,6.4,9.6,1.38
35,2005,,8.9,,12.5,17.2,1.08
35,2010,,13.7,,42.7,9.0,1.09
35,2015,4.9,9.3,13.93,5.4,34.3,1.28
35,2020,2.3,10.0,44.5,5.3,5.5,2.3
37,1995,,6.0,,10.2,9.4,1.25
37,2000,,8.5,,11.0,10.5,1.15
37,2005,,6.1,,6.8,10.3,0.93
37,2010,,4.2,,6.0,10.8,2.24
37,2015,10.52,8.4,"<1,00",9.8,12.0,0.59
37,2020,2.3,13.0,54.1,18.1,17.8,4.4
39,1995,,4.6,,7.1,7.8,1.75
39,2000,,5.4,,6.2,7.2,2.0
39,2005,,5.0,,14.9,8.9,2.15
39,2010,,6.4,,7.5,4.7,1.35
39,2015,9.03,5.7,"<1,00",6.5,8.1,0.46
39,2020,5.4,6.5,14.5,5.8,1.9,2.8
41,1995,,15.7,,15.9,13.7,1.75
41,2000,,16.1,,13.0,10.8,1.75
41,2005,,18.0,,25.2,19.4,1.63
41,2010,,12.1,,40.1,9.7,2.08
41,2015,17.31,9.9,6.67,37.0,12.3,1.68
41,2020,2.5,9.5,37.3,30.7,5.5,"<1,00"
43,1995,,15.2,,18.2,33.4,2.0
43,2000,,16.6,,21.0,31.7,1.88
43,2005,,19.5,,32.2,23.4,1.75
43,2010,,7.6,,25.0,10.9,3.28
43,2015,13.22,7.3,8.26,29.2,13.6,2.56
43,2020,6.3,13.8,8.5,35.1,17.8,3.6
45,1995,,3.8,,5.8,12.8,1.37
45,2000,,3.3,,8.1,9.0,1.25
45,2005,,3.6,,16.7,14.3,1.38
45,2010,,7.4,,19.8,22.0,1.19
45,2015,18.44,4.7,13.69,26.5,24.6,1.1
45,2020,12.3,6.4,65.1,23.6,16.4,4.9
47,1995,,1.5,,6.6,12.8,1.62
47,2000,,2.0,,10.0,11.2,1.57
47,2005,,3.2,,12.5,14.8,1.75
47,2010,,2.1,,9.6,7.6,0.82
47,2015,5.71,1.8,"<1,00",6.0,5.9,0.33
47,2020,2.2,1.5,28.0,11.6,10.0,2.0
49,1995,,2.9,,5.5,9.3,0.37
49,2000,,3.0,,7.0,10.8,0.38
49,2005,,3.2,,8.2,12.5,0.46
49,2010,,3.9,,11.3,17.6,0.39
49,2015,5.49,2.78,12.0,10.6,14.5,0.28
49,2020,2.3,4.8,34.2,21.3,11.2,2.9
51,1995,,6.7,,25.0,23.6,0.75
51,2000,,5.8,,30.6,19.6,0.6
51,2005,,5.5,,27.0,19.6,1.0
51,2010,,7.2,,18.5,14.8,1.56
51,2015,7.57,6.9,13.88,23.0,18.9,0.68
51,2020,2.3,8.5,34.8,28.5,21.3,2.5
53,1995,,8.4,,10.0,2.1,0.5
53,2000,,6.6,,9.2,3.6,0.38
53,2005,,6.2,,6.3,1.6,0.88
53,2010,,8.0,,11.6,2.8,0.55
53,2015,1.51,0.1,3.96,12.4,1.5,0.27
53,2020,20.7,2.6,28.7,17.3,4.1,2.6
55,1995,,26.8,,5.9,44.9,2.0
55,2000,,28.4,,8.0,52.1,1.88
55,2005,,40.1,,18.5,66.4,1.38
55,2010,,30.8,,13.1,54.1,1.65
55,2015,8.96,21.9,15.79,13.7,59.0,4.26
55,2020,2.4,13.5,39.4,13.1,48,"<1,00"
57,1995,,18.0,,4.8,15.2,1.12
57,2000,,21.3,,6.8,15.7,1.25
57,2005,,21.4,,14.9,17.7,1.13
57,2010,,27.2,,18.6,20.8,0.96
57,2015,4.46,21.6,5.16,9.7,19.3,2.56
57,2020,2.4,26.6,19.3,17.8,23.0,4.3
59,1995,,0.6,,5.6,6.5,0.63
59,2000,,0.8,,8.7,5.0,0.75
59,2005,,0.9,,10.2,5.1,0.63
59,2010,,0.54,,12.2,2.3,0.67
59,2015,4.59,0.72,2.91,10.2,7.2,0.34
59,2020,1.0,1.9,13.5,11.7,2.6,3.1
61,1995,,6.8,,8.5,20.2,1.25
61,2000,,7.6,,10.8,22.8,1.0
61,2005,,7.5,,9.8,21.2,1.13
61,2010,,8.0,,10.6,18.0,1.0
61,2015,6.4,5.7,26.36,11.8,18.6,1.66
61,2020,2.7,6.8,33.4,15.2,19.9,2.9
63,1995,,8.9,,7.8,7.9,1.12
63,2000,,6.8,,12.9,15.3,0.98
63,2005,,6.2,,16.4,11.4,1.0
63,2010,,6.1,,16.6,14.3,0.66
63,2015,6.28,4.5,19.06,18.7,11.8,0.79
63,2020,2.1,5.9,32.1,16.2,13.7,3.5
65,1995,,3.6,,30.8,29.4,0.88
65,2000,,2.4,,15.4,19.8,0.8
65,2005,,3.0,,15.8,14.6,0.88
65,2010,,2.5,,11.2,10.9,0.94
65,2015,3.26,2.48,10.56,11.2,11.3,0.81
65,2020,3.3,3.2,31.0,17.8,24.7,8.8
69,1995,,4.4,,18.3,17.2,1.87
69,2000,,4.1,,14.6,13.3,1.55
69,2005,,3.8,,14.2,11.1,1.4
69,2010,,3.4,,10.0,10.4,0.97
69,2015,4.58,2.06,2.42,10.7,11.4,0.6
69,2020,1.0,2.3,32.3,13.1,14.8,4.3
71,1995,,3.9,,15.0,13.9,2.0
71,2000,,3.0,,11.0,10.4,1.87
71,2005,,2.5,,9.5,9.2,1.8
71,2010,,2.2,,10.4,5.9,1.1
71,2015,4.71,3.18,1.09,24.6,10.6,0.57
71,2020,2.7,12.4,30.6,32.2,40.3,8.7
73,1995,,10.7,,8.8,9.4,1.0
73,2000,,9.6,,11.0,10.1,1.0
73,2005,,18.9,,23.8,16.6,1.12
73,2010,,13.3,,21.1,28.2,1.45
73,2015,15.5,13.1,66.31,50.6,70.5,1.15
73,2020,2.3,11.8,34.0,32.4,49.4,9.5
75,1995,,2.0,,7.0,5.0,0.63
75,2000,,2.3,,7.9,8.3,0.58
75,2005,,2.6,,8.4,11.0,0.88
75,2010,,3.3,,8.0,12.8,0.65
75,2015,4.39,2.62,11.63,8.5,10.3,0.25
75,2020,2.2,2.1,27.9,10.6,14.3,2.4
77,1995,,4.0,,4.8,12.4,0.12
77,2000,,5.0,,5.8,14.4,0.2
77,2005,,4.1,,15.9,20.8,0.25
77,2010,,2.7,,14.5,14.6,1.24
77,2015,6.47,3.06,31.57,16.0,18.0,1.83
77,2020,1.0,16.6,33.3,22.9,20.6,4.4
79,1995,,20.0,,1.4,18.8,0.38
79,2000,,18.8,,1.0,21.3,0.28
79,2005,,20.1,,7.2,34.9,0.31
79,2010,,22.9,,22.9,43.6,1.75
79,2015,7.64,13.9,14.23,21.6,47.5,0.5
79,2020,1.0,15.2,6.3,7.1,12.1,2.2
81,1995,,1.4,,13.3,6.7,0.37
81,2000,,1.2,,13.0,4.0,0.38
81,2005,,1.1,,16.7,5.0,0.55
81,2010,,1.0,,20.8,5.6,0.41
81,2015,4.44,2.44,5.86,20.9,11.6,0.28
81,2020,2.2,11.7,53.7,30.5,30.8,2.9
83,1995,,1.0,,7.0,2.8,2.5
83,2000,,0.6,,6.2,2.5,2.63
83,2005,,0.4,,5.6,2.4,2.41
83,2010,,0.7,,7.8,4.0,0.68
83,2015,5.46,0.5,"<1,00",11.0,3.7,0.39
83,2020,3.6,3.8,17.4,6.3,6.9,3.9
85,1995,,3.0,,9.2,6.5,1.13
85,2000,,2.0,,9.2,7.9,1.3
85,2005,,2.3,,13.5,14.0,0.98
85,2010,,3.4,,13.2,15.7,1.54
85,2015,7.18,2.08,1.65,8.5,4.8,0.89
85,2020,8.9,7.1,39.3,17.1,11.5,2.3
87,1995,,7.5,,6.3,6.2,1.37
87,2000,,8.0,,6.7,9.7,1.63
87,2005,,6.4,,9.6,12.6,4.48
87,2010,,4.9,,13.4,13.9,1.05
87,2015,6.22,2.8,20.24,2.1,4.7,0.76
87,2020,7.8,1.5,9.8,21.5,2.0,1.8
89,1995,,4.4,,8.4,16.6,1.25
89,2000,,3.7,,10.0,13.0,1.25
89,2005,,10.8,,6.6,12.2,1.13
89,2010,,12.9,,10.7,20.2,1.14
89,2015,7.75,5.0,52.01,11.9,25.7,2.38
89,2020,10.2,3.3,33.2,6.5,8.4,4.8
91,1995,,2.1,,15.6,3.9,0.75
91,2000,,2.5,,15.0,4.2,0.5
91,2005,,2.3,,23.3,8.6,0.88
91,2010,,4.2,,36.7,13.2,1.01
91,2015,5.69,1.7,"<1,00",15.4,10.8,0.68
91,2020,2.2,2.9,13.8,12.0,3.6,3.9
93,1995,,3.8,,20.6,17.4,2.25
93,2000,,3.5,,14.6,15.9,1.88
93,2005,,5.0,,12.0,15.4,1.63
93,2010,,3.8,,21.7,14.8,1.31
93,2015,9.08,3.6,15.43,20.8,12.2,3.48
93,2020,1.0,2.4,36.7,27.0,26.6,3.27
95,1995,,3.2,,6.2,9.0,0.13
95,2000,,4.0,,4.7,12.2,0.13
95,2005,,3.3,,5.6,11.1,0.3
95,2010,,2.3,,6.4,9.4,0.36
95,2015,5.83,2.3,2.3,7.1,9.4,0.44
95,2020,1.0,2.2,32.7,6.4,7.3,3.2
97,1995,,5.4,,27.2,12.9,0.63
97,2000,,5.0,,21.8,13.7,0.95
97,2005,,5.0,,18.8,12.8,0.8
97,2010,,5.5,,16.9,19.3,0.94
97,2015,8.17,17.6,2.07,3.3,18.7,0.66
97,2020,1.0,3.7,71.1,22.1,26.2,1.58
99,1995,,18.0,,25.0,21.8,1.0
99,2000,,16.2,,32.0,18.0,1.0
99,2005,,13.4,,27.1,17.5,0.75
99,2010,,5.8,,51.5,11.9,1.11
99,2015,2.66,9.4,110.58,56.5,14.7,3.49
99,2020,9.7,1.0,2.5,1.1,2.6,1.6
101,1995,,2.6,,15.0,7.1,0.75
101,2000,,3.2,,18.4,9.2,0.75
101,2005,,3.8,,24.3,7.2,0.6
101,2010,,3.0,,23.7,12.0,0.52
101,2015,8.17,4.2,2.91,30.6,3.6,0.56
101,2020,11.2,1.8,33,3.2,3.9,"<1,00"
103,1995,,3.4,,12.9,7.9,0.13
103,2000,,2.4,,9.8,10.1,0.2
103,2005,,2.7,,11.3,11.9,0.3
103,2010,,2.5,,14.2,18.1,0.82
103,2015,6.52,2.8,9.99,12.1,16.0,0.84
103,2020,1.0,2.7,32.5,10.0,18.7,3.7
105,1995,,8.9,,12.2,11.9,0.88
105,2000,,7.1,,16.0,15.2,0.88
105,2005,,6.5,,14.4,12.2,0.68
105,2010,,11.6,,3.6,11.5,0.69
105,2015,8.35,6.6,"<1,00",4.1,11.5,1.0
105,2020,2.4,11.8,4.1,12.6,24.5,1.4
107,1995,,4.3,,9.9,8.9,1.12
107,2000,,4.7,,8.6,6.4,1.25
107,2005,,4.7,,8.9,7.5,0.83
107,2010,,5.3,,10.5,11.0,1.16
107,2015,5.13,3.92,6.77,8.6,8.6,0.44
107,2020,2.2,3.3,17.5,6.5,4.8,2.8
111,1995,,3.2,,13.1,8.0,0.75
111,2000,,2.9,,12.2,11.9,1.0
111,2005,,3.8,,14.2,17.6,0.88
111,2010,,6.2,,13.9,13.1,0.97
111,2015,5.2,4.7,9.42,12.6,12.1,0.69
111,2020,4.9,6.2,32.4,14.2,9.1,2.7
113,1995,,4.1,,12.7,10.8,1.38
113,2000,,6.0,,15.3,13.1,1.25
113,2005,,7.0,,11.7,12.9,1.12
113,2010,,11.0,,10.4,6.4,1.71
113,2015,4.55,7.8,4.95,8.2,10.6,1.27
113,2020,2.2,5.3,33.3,12.7,12.5,2.9
115,1995,,12.7,,25.4,24.1,1.25
115,2000,,10.8,,18.7,18.3,1.25
115,2005,,12.6,,14.6,24.4,1.12
115,2010,,8.7,,13.9,26.9,1.38
115,2015,6.99,6.2,3.11,8.6,26.3,1.94
115,2020,2.9,9.7,42.4,6.7,11.2,3.8
117,1995,,7.4,,17.0,35.0,1.0
117,2000,,6.0,,15.8,29.4,0.75
117,2005,,5.8,,12.0,28.9,0.7
117,2010,,11.9,,16.4,20.4,0.9
117,2015,9.16,7.6,4.66,12.8,20.2,0.8
117,2020,2.3,10.0,34.2,11.4,10.0,2.1
119,1995,,2.6,,16.2,13.0,1.55
119,2000,,3.0,,19.2,13.3,1.35
119,2005,,4.2,,16.3,14.5,1.63
119,2010,,4.2,,14.2,17.3,1.5
119,2015,6.92,5.0,2.26,12.9,21.6,0.87
119,2020,2.2,1.3,22.3,12.7,10.0,4.1
121,1995,,3.0,,13.1,9.5,2.75
121,2000,,4.0,,19.6,16.9,2.88
121,2005,,5.2,,20.0,25.3,2.48
121,2010,,5.0,,22.3,23.5,1.32
121,2015,7.86,4.5,5.92,23.9,29.2,0.67
121,2020,28.3,4.9,39.8,17.8,37.2,1.3
123,1995,,3.7,,8.8,14.5,2.12
123,2000,,2.4,,8.4,10.1,1.77
123,2005,,2.6,,6.0,7.5,1.63
123,2010,,1.6,,42.0,18.4,3.64
123,2015,2.67,2.4,8.01,38.4,19.7,2.81
123,2020,2.2,2.6,33.3,34,12,"<1,00"
125,1995,,10.7,,9.0,9.5,1.25
125,2000,,9.0,,8.4,12.0,1.25
125,2005,,12.0,,6.5,10.2,1.11
125,2010,,13.0,,15.8,19.0,1.48
125,2015,8.32,9.8,25.46,16.5,20.2,1.73
125,2020,2.3,15.2,34.3,15.6,15.3,4.2
127,1995,,6.0,,17.0,5.5,1.0
127,2000,,4.9,,14.9,5.0,1.25
127,2005,,4.5,,17.4,4.8,0.88
127,2010,,2.2,,21.4,6.8,1.31
127,2015,3.84,2.3,9.11,17.8,8.4,0.64
127,2020,3.6,2.3,32.2,24.6,6.6,3.2
129,1995,,5.8,,18.0,10.3,0.75
129,2000,,5.5,,14.8,10.8,0.75
129,2005,,6.2,,17.1,16.4,0.75
129,2010,,8.7,,13.0,11.3,1.25
129,2015,5.93,7.1,5.54,13.1,16.7,0.67
129,2020,1.0,2.8,46.5,26.5,21.3,3.27
131,1995,,9.8,,16.5,5.7,2.38
131,2000,,10.1,,11.7,7.0,2.25
131,2005,,9.4,,9.4,7.6,2.25
131,2010,,7.3,,21.7,25.4,1.03
131,2015,5.05,4.6,4.74,19.0,18.2,0.84
131,2020,2.9,5.0,34.1,20.2,22.4,6.0
133,1995,,7.7,,5.6,8.3,1.38
133,2000,,6.7,,3.9,9.5,1.65
133,2005,,6.0,,7.8,10.2,1.13
133,2010,,12.4,,6.8,11.6,1.02
133,2015,4.14,9.3,29.09,7.8,17.1,1.03
133,2020,2.2,9.8,30.3,8.1,7.3,2.3
135,1995,,3.6,,14.2,14.5,2.12
135,2000,,3.1,,10.4,10.1,1.95
135,2005,,3.8,,16.7,8.2,1.88
135,2010,,1.8,,20.1,12.8,1.33
135,2015,7.01,3.08,15.68,20.4,10.5,1.32
135,2020,3.09,4.4,42.2,9.4,10.2,1.9
137,1995,,1.8,,11.9,4.6,1.12
137,2000,,2.0,,9.4,6.2,1.13
137,2005,,2.0,,11.3,4.0,1.13
137,2010,,1.8,,13.0,7.0,0.93
137,2015,8.73,3.3,5.45,25.3,34.2,0.96
137,2020,5.2,3.9,63.9,13.8,22.5,1.4
139,1995,,4.7,,18.4,13.6,3.25
139,2000,,3.4,,15.2,10.4,3.13
139,2005,,5.4,,18.0,13.9,2.88
139,2010,,8.7,,18.4,19.5,1.63
139,2015,5.73,5.9,7.1,16.9,16.9,0.68
139,2020,2.2,4.9,30.6,14.0,8.1,2.0
141,1995,,1.1,,14.8,5.7,1.13
141,2000,,1.5,,11.7,7.8,1.13
141,2005,,1.6,,10.9,5.7,1.19
141,2010,,1.8,,27.4,5.2,1.3
141,2015,7.99,1.7,5.22,14.1,7.9,0.48
141,2020,1.0,5.8,60.2,10.6,18.5,2.7
143,1995,,16.0,,6.2,14.7,0.75
143,2000,,16.9,,9.0,11.0,0.56
143,2005,,19.7,,15.5,26.4,1.03
143,2010,,19.9,,15.3,13.1,0.93
143,2015,10.24,14.4,1.29,15.3,10.7,0.65
143,2020,11.2,14.4,25.0,15.2,10.0,3.7
145,1995,,2.2,,12.0,7.8,1.12
145,2000,,2.0,,10.6,7.5,0.85
145,2005,,3.0,,9.6,10.3,1.5
145,2010,,6.6,,20.0,18.0,1.36
145,2015,5.84,3.2,11.03,14.4,16.9,0.82
145,2020,2.2,5.3,32.6,16.4,14.1,2.1
147,1995,,5.4,,4.8,3.8,0.63
147,2000,,6.3,,5.2,4.3,0.75
147,2005,,28.8,,7.3,6.3,1.03
147,2010,,13.4,,11.2,8.4,0.47
147,2015,5.23,11.0,12.89,7.8,9.7,0.63
147,2020,16.6,6.1,8.1,15.5,8.5,3.2
149,1995,,1.8,,6.3,1.9,0.88
149,2000,,1.2,,5.6,2.1,0.75
149,2005,,1.6,,11.7,2.4,0.63
149,2010,,3.5,,9.6,6.8,0.73
149,2015,7.37,2.2,11.49,7.2,8.6,0.73
149,2020,1.0,4.7,38.7,7.3,16.4,4.62
151,1995,,17.4,,39.4,16.2,1.12
151,2000,,18.6,,28.2,18.5,1.12
151,2005,,23.9,,23.3,13.1,1.13
151,2010,,20.7,,21.1,13.5,0.8
151,2015,3.91,16.8,10.79,6.6,17.0,0.77
151,2020,2.3,18.4,18.1,6.4,8,"<1,00"
153,1995,,1.5,,10.7,10.3,1.38
153,2000,,2.8,,12.5,13.8,1.13
153,2005,,2.6,,23.4,24.2,1.5
153,2010,,4.5,,13.2,16.1,0.91
153,2015,2.38,2.1,2.18,10.6,11.9,0.39
153,2020,2.3,6.1,30.8,25.9,31.9,2.4
155,1995,,2.8,,28.3,12.8,0.98
155,2000,,1.8,,21.2,10.2,1.13
155,2005,,2.2,,23.4,24.2,1.13
155,2010,,1.3,,16.2,5.2,1.1
155,2015,4.36,1.4,1.43,15.1,6.8,0.55
155,2020,12.5,2.9,3.5,14.6,2.4,2.8
157,1995,,3.2,,8.0,3.4,1.25
157,2000,,1.9,,11.4,7.8,1.38
157,2005,,3.7,,10.0,6.3,1.13
157,2010,,1.5,,13.7,6.4,1.25
157,2015,7.89,8.0,25.84,25.6,30.4,5.75
157,2020,2.4,7.1,7,16.8,7.3,"<1,00"
159,1995,,5.6,,4.4,4.1,1.88
159,2000,,4.8,,3.2,3.6,1.58
159,2005,,3.7,,3.8,5.1,1.39
159,2010,,2.3,,3.9,5.7,1.15
159,2015,14.6,2.0,3.34,2.7,5.5,0.43
159,2020,2.2,7.8,32.7,35.2,8.8,2.2
161,1995,,1.9,,16.0,12.6,1.62
161,2000,,1.6,,13.6,8.3,1.38
161,2005,,2.2,,11.6,7.4,1.08
161,2010,,1.3,,16.6,7.6,0.94
161,2015,4.31,2.4,25.97,13.7,11.9,0.67
161,2020,1.0,2.4,32.0,9.0,7.9,3.8
163,1995,,2.6,,14.4,6.6,1.38
163,2000,,3.1,,17.9,10.1,1.63
163,2005,,4.2,,13.0,11.0,1.13
163,2010,,2.8,,19.7,12.5,0.64
163,2015,5.64,4.7,11.15,18.6,12.8,0.47
163,2020,17.3,4.7,2.5,23.2,16.5,2.4
165,1995,,2.4,,7.4,10.8,2.25
165,2000,,1.6,,5.7,8.7,1.88
165,2005,,2.6,,6.7,12.9,1.8
165,2010,,3.6,,9.4,11.5,1.36
165,2015,4.3,3.7,14.97,6.0,13.3,0.64
165,2020,2.4,15.8,35.9,18.5,17.1,1.8
167,1995,,10.0,,8.2,21.5,0.75
167,2000,,8.5,,6.7,18.9,0.63
167,2005,,8.7,,5.6,18.4,1.13
167,2010,,4.1,,23.8,16.1,1.01
167,2015,15.27,4.8,86.63,41.8,21.9,1.36
167,2020,2.4,19.9,35.5,34.6,64.8,1.3
169,1995,,3.2,,6.5,13.1,0.75
169,2000,,3.2,,6.0,10.7,0.88
169,2005,,3.3,,5.0,12.7,0.63
169,2010,,1.0,,6.0,10.3,1.38
169,2015,6.83,2.0,"<1,00",5.6,11.7,0.53
169,2020,18.0,1.7,38.8,12.3,5.3,6.51
171,1995,,3.4,,10.3,10.2,0.75
171,2000,,2.5,,9.5,13.5,0.6
171,2005,,2.5,,6.8,12.8,1.13
171,2010,,3.2,,7.3,12.8,0.8
171,2015,16.05,4.3,4.28,9.6,16.0,0.75
171,2020,2.7,1.9,24.1,8.5,5.4,2.6
173,1995,,4.0,,9.2,11.1,0.63
173,2000,,4.2,,7.9,12.1,0.5
173,2005,,5.1,,9.1,17.6,0.75
173,2010,,2.2,,9.4,10.3,0.74
173,2015,19.42,4.5,5.22,7.5,14.1,0.93
173,2020,1.0,5.9,33.3,10.0,9.1,3.0
175,1995,,1.2,,14.2,4.5,0.58
175,2000,,1.4,,16.7,7.7,0.5
175,2005,,2.2,,32.0,9.2,0.5
175,2010,,1.7,,18.6,10.3,0.68
175,2015,5.93,1.3,6.63,18.9,13.6,0.8
175,2020,1.0,3.9,33.1,16.6,12.9,1.9
177,1995,,5.5,,5.4,14.4,1.15
177,2000,,4.1,,4.5,11.8,1.2
177,2005,,10.7,,4.2,17.6,1.48
177,2010,,12.9,,8.0,33.1,1.24
177,2015,16.38,11.7,6.13,10.2,18.5,0.98
177,2020,3.5,10.0,34.3,14.3,30.5,2.0
179,1995,,2.4,,16.6,13.5,1.25
179,2000,,2.2,,15.0,10.9,1.25
179,2005,,3.7,,20.5,10.9,1.05
179,2010,,2.3,,11.3,12.4,0.82
179,2015,9.32,4.1,4.37,17.3,33.0,0.85
179,2020,2.2,2.1,33.4,17.6,14.9,2.0
181,1995,,1.7,,8.0,10.3,0.98
181,2000,,3.0,,7.6,14.5,1.2
181,2005,,4.5,,11.8,19.6,0.75
181,2010,,18.6,,9.1,26.4,0.84
181,2015,15.93,9.8,6.91,8.9,22.5,1.51
181,2020,2.2,14.8,32.4,9.7,26.5,2.0
183,1995,,1.7,,8.0,10.9,1.5
183,2000,,2.2,,8.7,8.4,1.42
183,2005,,2.3,,6.9,10.3,1.5
183,2010,,4.6,,3.1,8.1,1.03
183,2015,13.04,3.8,1.75,5.7,15.2,0.62
183,2020,12.1,6.8,32.0,9.6,45.7,2.7
187,1995,,3.9,,11.0,13.6,1.75
187,2000,,4.6,,10.4,13.7,1.57
187,2005,,28.8,,12.5,14.9,1.33
187,2010,,3.7,,12.6,18.0,1.32
187,2015,9.88,3.1,10.12,4.8,9.5,1.21
187,2020,5.2,5.5,33.5,8.7,15.7,3.2
189,1995,,7.8,,21.4,10.4,6.38
189,2000,,10.8,,24.3,20.4,7.05
189,2005,,22.7,,20.3,17.8,1.56
189,2010,,15.9,,13.1,11.2,0.91
189,2015,10.74,10.6,2.18,14.6,11.5,0.47
189,2020,18.2,6.7,10.8,25.3,20.5,7.0
191,1995,,6.4,,13.4,4.9,1.12
191,2000,,8.4,,10.4,6.9,1.0
191,2005,,5.4,,7.2,8.7,1.38
191,2010,,12.6,,18.8,7.3,1.28
191,2015,10.24,9.4,1.62,15.2,7.6,0.73
191,2020,2.3,10.0,34.4,13.5,8.6,1.8
193,1995,,12.0,,32.0,51.0,1.25
193,2000,,14.0,,29.2,40.5,1.25
193,2005,,13.4,,21.5,31.6,1.62
193,2010,,20.1,,54.0,39.0,1.15
193,2015,8.65,12.7,2.4,63.0,73.2,2.08
193,2020,2.5,20.1,37.0,41.5,55.0,6.5
195,1995,,20.0,,5.2,7.5,1.88
195,2000,,20.0,,4.0,9.5,1.45
195,2005,,16.1,,10.1,20.2,1.5
195,2010,,21.6,,2.2,7.8,1.12
195,2015,7.59,17.3,2.91,3.7,8.8,0.99
195,2020,5.5,15.8,34.3,2.5,9.9,1.7
197,1995,,10.0,,22.7,18.4,0.8
197,2000,,10.3,,28.0,11.2,1.0
197,2005,,16.6,,21.3,12.2,1.0
197,2010,,14.7,,18.5,23.4,0.94
197,2015,8.54,9.6,8.15,18.5,23.1,0.68
197,2020,7.2,10.9,34.7,13.3,24.9,4.8
199,1995,,1.8,,11.0,7.8,0.88
199,2000,,2.0,,11.3,11.7,0.88
199,2005,,3.9,,8.2,8.4,0.75
199,2010,,4.4,,8.8,15.4,0.7
199,2015,8.93,4.1,"<1,00",8.2,9.5,0.41
199,2020,3.3,4.8,33.5,8.6,15.8,1.1
201,1995,,1.8,,13.0,7.5,2.0
201,2000,,1.6,,16.5,10.2,1.75
201,2005,,2.2,,14.5,15.7,1.68
201,2010,,3.1,,15.6,4.4,0.71
201,2015,10.64,6.8,6.09,15.3,6.3,0.31
201,2020,6.85,3.5,42.2,18.1,7.0,1.8
203,1995,,7.1,,7.7,4.6,1.63
203,2000,,8.7,,6.9,6.5,1.38
203,2005,,7.6,,9.4,7.8,1.29
203,2010,,6.8,,9.4,9.8,1.31
203,2015,8.99,5.4,7.78,7.2,7.2,0.57
203,2020,2.3,4.9,42.5,7.9,9.0,3.09
205,1995,,1.9,,15.3,8.5,1.42
205,2000,,1.4,,13.6,6.0,1.7
205,2005,,5.6,,15.1,11.7,1.75
205,2010,,3.4,,11.0,12.4,1.07
205,2015,6.56,1.58,3.24,12.3,7.2,0.6
205,2020,2.4,11.6,15.1,1.9,4.5,2.43
207,1995,,6.2,,14.2,20.4,1.87
207,2000,,8.4,,16.7,21.0,1.68
207,2005,,16.9,,19.0,21.1,1.88
207,2010,,13.6,,12.0,37.7,1.06
207,2015,12.12,7.2,2.95,13.9,22.7,0.73
207,2020,4.2,9.6,35.2,9.2,34.6,3.4
209,1995,,3.8,,8.5,15.0,2.5
209,2000,,3.2,,6.5,19.3,2.25
209,2005,,2.7,,18.2,35.3,1.83
209,2010,,7.9,,11.4,20.4,1.74
209,2015,7.96,5.3,11.17,8.3,15.8,0.75
209,2020,8.2,13.0,44.7,13.0,44.7,3.2
211,1995,,2.3,,3.8,10.9,1.38
211,2000,,3.3,,5.9,14.0,1.38
211,2005,,2.1,,8.3,22.0,1.25
211,2010,,11.4,,3.5,11.6,1.03
211,2015,11.13,5.8,4.62,4.1,9.5,0.36
211,2020,2.3,5.3,35.0,16.0,19.4,2.7
213,1995,,3.0,,23.4,10.8,2.25
213,2000,,2.8,,26.6,8.0,2.5
213,2005,,3.8,,25.2,9.7,2.12
213,2010,,6.9,,20.2,11.4,1.12
213,2015,10.56,7.1,31.2,20.4,17.6,1.71
213,2020,1.0,2.0,28.3,11.7,5.7,3.15
215,1995,,5.4,,13.4,14.5,1.5
215,2000,,5.2,,15.0,10.0,1.75
215,2005,,5.8,,18.7,12.9,1.26
215,2010,,7.1,,16.6,15.4,1.47
215,2015,6.94,5.1,2.0,16.1,15.2,0.72
215,2020,1.0,1.4,22.3,14.4,3.3,2.18
217,1995,,1.5,,2.4,3.4,1.38
217,2000,,2.0,,4.8,6.4,1.38
217,2005,,1.4,,9.5,11.8,1.28
217,2010,,15.3,,20.6,24.3,1.22
217,2015,9.19,15.1,3.29,18.0,23.4,0.77
217,2020,1.0,3.5,43.9,7.2,15.3,4.92
219,1995,,4.7,,36.1,16.2,2.0
219,2000,,4.8,,42.0,13.9,2.13
219,2005,,4.0,,38.6,21.3,2.0
219,2010,,9.0,,49.0,30.0,1.27
219,2015,7.91,7.3,3.35,13.9,22.4,0.72
219,2020,1.0,6.8,49.1,17.7,14.2,5.23
221,1995,,8.4,,42.6,18.8,0.63
221,2000,,6.1,,37.0,16.0,0.63
221,2005,,23.4,,36.3,36.8,1.01
221,2010,,13.7,,51.8,25.6,1.33
221,2015,9.77,14.0,17.46,45.9,23.9,1.08
221,2020,1.0,8.1,32.0,30.5,27.3,4.3
223,1995,,6.8,,13.0,10.4,1.25
223,2000,,5.8,,10.2,13.3,1.5
223,2005,,6.8,,9.9,12.8,1.18
223,2010,,5.1,,8.7,11.1,1.4
223,2015,9.16,4.6,1.82,11.2,15.1,0.94
223,2020,2.2,4.9,20.7,11.6,16.0,2.2
225,1995,,0.6,,11.0,2.4,1.25
225,2000,,1.0,,11.9,4.0,1.25
225,2005,,1.0,,13.6,8.2,0.98
225,2010,,1.0,,18.2,7.4,1.04
225,2015,7.42,1.4,3.09,20.3,7.3,0.73
225,2020,2.7,1.4,21.1,10.0,4.4,3.2
229,1995,,4.5,,15.7,15.2,1.25
229,2000,,5.1,,14.8,18.0,1.25
229,2005,,4.6,,16.8,15.5,1.11
229,2010,,6.5,,13.2,11.1,1.24
229,2015,5.65,4.9,28.18,12.9,7.5,0.9
229,2020,2.8,4.8,34.5,17.1,8.0,2.6
231,1995,,4.4,,22.0,10.7,0.5
231,2000,,3.9,,17.5,6.9,0.63
231,2005,,3.4,,16.4,8.7,0.63
231,2010,,2.9,,19.4,12.2,0.98
231,2015,11.57,3.0,12.28,20.3,9.2,0.8
231,2020,2.1,2.1,26.6,24.5,8.4,3.9
233,1995,,4.1,,12.8,16.6,1.25
233,2000,,8.6,,20.0,25.3,1.25
233,2005,,8.8,,13.3,25.5,1.5
233,2010,,3.2,,13.2,12.0,0.91
233,2015,32.48,4.2,45.12,21.1,21.1,1.41
233,2020,1.0,4.8,33.5,19.1,16.6,3.8
235,1995,,10.3,,12.0,7.8,1.88
235,2000,,8.4,,15.5,7.8,1.65
235,2005,,3.1,,25.2,16.3,1.6
235,2010,,7.4,,14.2,9.4,1.02
235,2015,6.98,4.2,3.33,17.5,9.5,0.82
235,2020,2.3,8.3,34.3,21.9,14.7,3.7
237,1995,,4.2,,9.9,11.1,1.25
237,2000,,4.7,,16.9,19.2,1.25
237,2005,,3.0,,9.2,12.5,1.09
237,2010,,3.4,,10.4,11.0,0.66
237,2015,9.15,1.3,3.34,12.8,13.3,1.0
237,2020,7.7,7.5,34.9,12.9,11.0,3.4
239,1995,,2.9,,5.4,13.7,0.83
239,2000,,2.9,,8.8,11.1,1.0
239,2005,,2.6,,6.0,9.0,0.63
239,2010,,2.8,,7.0,14.6,1.07
239,2015,11.32,2.46,2.08,4.8,9.5,0.71
239,2020,2.3,4.0,6.2,7.5,10.0,3.2
241,1995,,4.4,,7.4,5.5,0.88
241,2000,,5.0,,4.8,5.7,0.8
241,2005,,10.5,,3.9,6.5,1.0
241,2010,,5.6,,7.0,10.2,0.86
241,2015,9.92,5.8,16.81,8.9,8.2,0.92
241,2020,2.3,8.8,30.7,10.7,7.3,5.6
243,1995,,1.5,,3.5,1.8,2.0
243,2000,,2.0,,5.6,2.5,2.25
243,2005,,1.3,,7.5,2.6,1.83
243,2010,,0.5,,3.8,2.8,0.55
243,2015,6.84,2.7,2.22,5.7,2.8,0.6
243,2020,6.9,1.5,23.6,7.0,2.3,3.3
245,1995,,4.4,,13.0,2.2,1.13
245,2000,,5.8,,17.6,5.6,1.25
245,2005,,8.0,,20.4,18.1,1.07
245,2010,,2.4,,24.4,7.4,0.89
245,2015,22.69,2.3,31.58,31.5,9.0,1.36
245,2020,10.0,1.7,34.6,29.1,10.0,3.3
247,1995,,5.2,,10.1,7.6,2.75
247,2000,,6.3,,13.4,7.4,2.5
247,2005,,8.3,,105.0,28.8,2.25
247,2010,,9.3,,90.8,31.5,1.75
247,2015,11.8,3.1,11.11,6.6,13.2,0.76
247,2020,2.4,6,46.6,49.2,28.3,"<1,00"
249,1995,,5.5,,9.0,6.6,0.63
249,2000,,4.7,,9.0,9.3,0.5
249,2005,,5.5,,12.7,10.2,0.76
249,2010,,6.8,,11.1,14.2,0.82
249,2015,9.49,3.7,5.75,14.0,11.0,0.9
249,2020,1.0,11.7,53.7,14.2,14.3,4.0
251,1995,,5.8,,30.4,20.0,2.0
251,2000,,7.5,,36.4,24.7,1.75
251,2005,,5.3,,29.2,16.2,1.68
251,2010,,4.6,,18.6,8.7,1.52
251,2015,9.74,3.7,13.29,16.5,14.8,0.81
251,2020,2.2,3.5,27.7,14.7,11.4,1.2
253,1995,,5.4,,12.7,16.2,2.13
253,2000,,8.6,,25.1,28.8,2.25
253,2005,,5.0,,22.5,22.1,1.96
253,2010,,2.6,,12.8,4.1,1.11
253,2015,6.88,2.9,"<1,00",6.1,4.2,0.7
253,2020,2.5,10.0,13.9,28.4,29.2,3.8
255,1995,,2.9,,9.0,5.9,0.75
255,2000,,3.4,,7.2,6.4,0.58
255,2005,,5.8,,10.4,35.0,0.63
255,2010,,7.6,,3.4,3.2,0.55
255,2015,10.45,7.3,9.55,5.8,8.8,0.83
255,2020,2.8,6.1,34.3,4.8,1.8,2.4
257,1995,,1.9,,7.7,4.6,0.5
257,2000,,1.1,,7.1,6.8,0.38
257,2005,,2.3,,6.6,6.1,0.63
257,2010,,1.4,,9.0,6.9,0.56
257,2015,6.29,3.5,54.25,27.4,23.9,5.45
257,2020,3.5,4.7,24.3,21.1,14.7,3.9
259,1995,,5.0,,12.7,5.3,1.12
259,2000,,3.6,,8.9,7.3,1.25
259,2005,,5.4,,4.1,17.0,1.13
259,2010,,4.4,,7.8,23.7,1.1
259,2015,10.62,5.4,2.05,6.9,9.5,0.58
259,2020,2.3,4.0,16.9,7.4,16.1,3.8
261,1995,,1.0,,4.5,4.8,1.25
261,2000,,2.0,,6.2,7.5,1.25
261,2005,,2.7,,8.6,8.1,1.07
261,2010,,3.1,,6.7,13.8,0.9
261,2015,11.27,3.3,3.19,8.0,16.1,0.52
261,2020,6.7,6.0,26.0,5.8,8.6,3.8
263,1995,,5.5,,5.6,10.5,2.13
263,2000,,4.5,,5.2,10.0,1.87
263,2005,,6.7,,3.3,9.0,1.73
263,2010,,5.1,,4.7,14.0,0.67
263,2015,9.46,6.9,"<1,00",2.1,15.3,0.74
263,2020,2.2,9.5,33.5,3.7,9.9,2.3
265,1995,,4.2,,7.0,10.9,0.88
265,2000,,3.1,,7.2,7.3,0.75
265,2005,,4.2,,7.2,5.4,0.75
265,2010,,1.6,,6.8,6.9,0.91
265,2015,3.22,1.02,"<1,00",6.5,4.3,0.37
265,2020,2.2,2.5,15.6,1.9,3.8,"<1,00"
267,1995,,2.2,,4.4,9.2,1.25
267,2000,,3.0,,4.4,11.9,0.98
267,2005,,3.4,,5.8,9.4,0.78
267,2010,,4.9,,5.3,13.2,0.88
267,2015,5.54,2.6,2.17,6.0,15.2,0.36
267,2020,1.0,4.0,32.0,8.5,14.4,4.5
269,1995,,17.3,,6.5,3.9,1.25
269,2000,,19.3,,8.1,5.3,0.98
269,2005,,29.8,,7.7,7.3,0.88
269,2010,,20.2,,8.6,5.6,0.94
269,2015,6.19,14.8,5.09,8.3,9.6,0.88
269,2020,2.2,16.7,33.2,9.7,8.9,"<1,00"
271,1995,,1.4,,7.0,6.3,1.38
271,2000,,1.4,,7.4,5.7,1.38
271,2005,,2.5,,8.0,10.3,1.38
271,2010,,3.8,,11.8,9.7,0.97
271,2015,4.08,2.0,18.33,8.8,10.9,0.79
271,2020,2.4,4.7,37.1,20.8,6.7,2.9
273,1995,,1.5,,10.4,13.7,1.38
273,2000,,1.4,,11.7,10.6,1.25
273,2005,,2.1,,9.3,4.5,1.13
273,2010,,1.1,,17.3,8.6,1.05
273,2015,2.98,5.3,19.49,11.5,7.8,0.93
273,2020,22.5,4.3,15.4,16.6,15.1,1.4
275,1995,,2.3,,8.0,2.3,1.0
275,2000,,2.0,,6.0,2.5,1.0
275,2005,,3.0,,5.5,3.9,0.88
275,2010,,1.5,,8.6,4.0,0.6
275,2015,3.5,2.0,"<1,00",6.9,5.8,0.31
275,2020,2.1,2.0,27.8,14.8,4.8,1.7
277,1995,,12.4,,12.2,10.9,1.63
277,2000,,12.2,,10.7,8.3,1.63
277,2005,,13.5,,13.6,6.4,1.88
277,2010,,16.4,,11.3,7.9,5.07
277,2015,11.24,11.7,"<1,00",6.9,6.2,3.79
277,2020,2.5,9.9,37.1,17.4,27.7,1.1
279,1995,,4.6,,11.2,10.9,1.25
279,2000,,3.2,,7.6,8.0,1.0
279,2005,,3.7,,9.7,5.5,1.13
279,2010,,4.7,,40.9,10.7,0.75
279,2015,8.98,3.2,5.4,12.0,5.0,0.81
279,2020,2.4,3.1,36.3,26.6,14.8,2.0
281,1995,,7.4,,10.9,8.3,1.38
281,2000,,8.2,,12.3,10.6,1.38
281,2005,,9.3,,19.7,13.3,1.62
281,2010,,10.6,,17.1,21.8,1.19
281,2015,12.06,5.2,2.02,27.2,33.2,1.11
281,2020,2.5,9.3,77.2,14.2,18.2,3.2
283,1995,,13.2,,12.6,6.6,0.75
283,2000,,10.8,,15.6,8.9,0.75
283,2005,,10.4,,18.0,8.3,1.13
283,2010,,4.1,,22.4,7.1,0.74
283,2015,5.0,10.9,1.59,50.3,25.3,1.12
283,2020,2.4,4.3,18.9,6.0,6.9,1.2
285,1995,,6.4,,3.5,6.0,0.75
285,2000,,5.2,,12.9,10.0,0.75
285,2005,,7.5,,5.1,14.9,1.03
285,2010,,9.6,,2.2,8.9,0.88
285,2015,9.26,3.8,"<1,00",23.4,11.1,0.89
285,2020,12.5,8.9,31.2,5.9,14.9,3.8
287,1995,,4.6,,25.0,16.1,1.25
287,2000,,3.4,,21.0,14.0,1.08
287,2005,,3.4,,25.4,16.0,1.13
287,2010,,1.7,,4.1,4.4,0.73
287,2015,8.94,1.04,10.46,6.4,3.6,0.44
287,2020,2.2,1.7,5.7,5.1,2.1,2.9
289,1995,,4.2,,13.0,15.0,0.38
289,2000,,3.6,,10.9,10.1,0.25
289,2005,,5.0,,9.8,10.2,0.6
289,2010,,12.0,,14.4,17.6,0.43
289,2015,10.75,4.1,3.13,14.2,11.7,0.73
289,2020,8.2,5.4,34,8.8,21.4,"<1,00"
291,1995,,6.2,,14.7,13.9,0.93
291,2000,,5.2,,22.2,20.8,0.78
291,2005,,4.6,,21.4,22.5,1.05
291,2010,,4.9,,10.4,10.4,0.77
291,2015,9.61,3.9,4.09,6.9,10.6,0.66
291,2020,2.3,3.9,34.2,8.9,13.4,11.6
295,1995,,3.6,,8.4,21.2,5.0
295,2000,,3.3,,7.2,18.9,4.6
295,2005,,3.9,,4.7,13.4,4.38
295,2010,,7.3,,7.0,23.7,1.51
295,2015,10.61,5.0,39.69,9.7,25.3,1.32
295,2020,2.3,7.6,34.7,7.5,15.5,3.4
297,1995,,3.0,,24.2,10.9,1.25
297,2000,,3.0,,18.3,11.6,1.25
297,2005,,4.6,,19.7,11.1,1.13
297,2010,,4.8,,36.0,19.5,0.92
297,2015,0.63,1.52,11.55,46.1,15.2,1.19
297,2020,2.2,1.9,17.6,41.8,1.7,2.1
299,1995,,6.4,,2.6,17.1,2.25
299,2000,,4.2,,1.7,15.4,2.25
299,2005,,5.0,,4.8,22.0,1.95
299,2010,,6.3,,3.6,37.8,1.28
299,2015,18.48,4.7,2.58,4.2,55.7,1.43
299,2020,2.6,6.3,39.6,2.4,25.4,"<1,00"
301,1995,,12.6,,1.6,11.7,1.88
301,2000,,12.6,,2.7,15.0,1.88
301,2005,,15.6,,10.8,16.5,2.02
301,2010,,22.8,,2.0,7.6,1.17
301,2015,21.8,14.1,"<1,00",3.6,13.3,0.71
301,2020,38.3,20.7,67.5,10.0,26.3,7.0
303,1995,,6.6,,13.8,17.1,2.88
303,2000,,8.0,,18.4,26.3,2.6
303,2005,,13.0,,18.4,21.8,2.75
303,2010,,6.9,,9.0,13.6,1.07
303,2015,16.49,7.3,1.19,4.4,12.9,0.58
303,2020,37.8,22.6,2.5,35.7,76.5,1.8
305,1995,,5.5,,13.0,12.4,0.75
305,2000,,8.5,,16.4,15.4,0.88
305,2005,,6.5,,15.2,10.0,1.0
305,2010,,6.8,,12.0,23.3,0.78
305,2015,42.6,6.3,6.94,5.5,28.4,0.69
305,2020,35.0,7.9,35.0,5.6,23.1,3.3
307,1995,,9.2,,25.9,20.8,1.5
307,2000,,6.0,,30.6,16.8,1.38
307,2005,,6.7,,57.8,60.6,1.08
307,2010,,17.0,,18.2,21.9,0.78
307,2015,9.55,10.6,6.07,16.4,20.3,0.36
307,2020,3.6,12.4,34.1,14.1,35.4,4.1
311,1995,,10.8,,11.2,12.4,1.25
311,2000,,9.2,,18.1,23.0,1.38
311,2005,,28.5,,12.7,20.1,1.28
311,2010,,21.7,,13.2,14.8,0.95
311,2015,12.36,14.2,2.68,15.1,25.2,0.83
311,2020,2.3,10.7,60.2,23.9,42.8,7.1
313,1995,,10.1,,32.8,17.4,1.12
313,2000,,10.8,,40.8,21.0,0.95
313,2005,,8.5,,17.0,51.6,1.25
313,2010,,10.7,,28.6,17.7,1.02
313,2015,9.35,6.1,11.86,24.5,24.9,0.89
313,2020,2.2,10.0,33.3,24.1,17.7,3.7
315,1995,,4.2,,51.0,20.3,1.25
315,2000,,4.4,,48.5,24.9,1.15
315,2005,,5.2,,53.0,37.4,0.78
315,2010,,14.8,,77.0,43.4,1.64
315,2015,13.23,12.8,68.2,72.9,43.5,2.11
315,2020,2.3,15.7,35.1,32.9,22.2,3.6
317,1995,,20.6,,18.2,24.6,1.25
317,2000,,18.8,,15.2,24.2,1.38
317,2005,,18.1,,10.3,16.6,1.08
317,2010,,19.8,,2.3,6.4,1.3
317,2015,13.58,13.6,4.11,1.6,11.7,1.08
317,2020,2.6,12.8,10.9,4.8,11.7,2.0
319,1995,,14.2,,53.0,33.7,1.25
319,2000,,11.0,,50.0,40.7,1.25
319,2005,,15.1,,46.7,66.3,0.95
319,2010,,14.0,,51.7,66.8,1.24
319,2015,7.0,9.9,66.44,46.1,65.2,1.41
319,2020,2.9,14.1,48.7,36,61.7,"<1,00"
321,1995,,7.7,,17.5,29.9,1.88
321,2000,,10.1,,10.3,20.3,2.01
321,2005,,8.5,,8.5,13.3,1.8
321,2010,,11.1,,14.1,26.0,1.8
321,2015,15.99,4.7,7.29,8.8,23.5,0.73
321,2020,2.3,5.4,44.1,13.6,19.9,6.6
323,1995,,6.6,,14.8,6.4,0.63
323,2000,,6.0,,18.0,5.4,0.75
323,2005,,4.6,,10.7,5.4,0.75
323,2010,,0.82,,9.2,2.3,1.16
323,2015,3.36,0.8,1.96,8.9,2.9,0.53
323,2020,2.2,2.9,11.6,18.2,4.0,2.1
325,1995,,5.0,,15.4,22.5,1.0
325,2000,,6.5,,17.2,18.4,1.25
325,2005,,4.4,,18.6,20.1,0.83
325,2010,,3.0,,6.9,14.7,1.44
325,2015,5.24,3.8,14.17,6.5,20.2,1.12
325,2020,4.7,5.0,30.5,11.2,6.7,4.9
327,1995,,3.3,,6.5,14.3,0.63
327,2000,,2.6,,6.4,10.4,0.63
327,2005,,2.0,,8.6,14.8,0.63
327,2010,,7.1,,1.4,4.8,0.69
327,2015,14.0,10.1,"<1,00",5.5,5.6,0.85
327,2020,2.3,4.2,34.8,3.0,3.1,2.2
329,1995,,4.8,,10.2,16.7,1.12
329,2000,,6.0,,13.2,16.5,1.38
329,2005,,8.5,,14.9,23.3,1.5
329,2010,,7.9,,7.2,35.9,1.19
329,2015,7.25,9.1,12.6,5.1,27.4,1.52
329,2020,2.6,8.4,79.1,9.4,44.1,1.6
331,1995,,9.8,,28.2,25.6,1.5
331,2000,,10.4,,23.4,20.6,1.75
331,2005,,12.3,,17.4,16.7,1.5
331,2010,,11.2,,18.1,14.2,1.15
331,2015,8.52,8.3,2.25,14.8,18.6,0.85
331,2020,2.3,9.4,30.8,13.2,16.8,1.8
333,1995,,7.0,,10.4,19.2,1.5
333,2000,,4.9,,7.1,15.2,1.75
333,2005,,16.4,,21.2,35.9,1.23
333,2010,,6.7,,5.1,11.0,1.25
333,2015,10.86,10.9,9.45,3.0,11.7,1.14
333,2020,2.4,4.1,32.7,10.8,8.4,3.3
335,1995,,23.6,,33.2,37.8,1.25
335,2000,,24.9,,27.0,39.9,1.48
335,2005,,28.6,,28.2,48.2,1.25
335,2010,,20.9,,35.8,30.8,1.69
335,2015,10.67,16.6,25.87,35.4,44.3,3.85
335,2020,2.4,16.1,45.3,18.0,18.2,2.0
337,1995,,4.7,,5.3,11.1,1.5
337,2000,,6.4,,7.0,10.0,1.8
337,2005,,4.6,,8.6,12.6,1.43
337,2010,,9.8,,4.8,10.2,2.05
337,2015,12.99,6.9,4.36,3.1,9.4,0.83
337,2020,1.0,10.7,32.6,12.0,7.2,2.5
339,1995,,4.0,,5.8,4.4,1.0
339,2000,,3.1,,8.0,10.4,1.25
339,2005,,3.6,,16.8,17.1,1.13
339,2010,,4.6,,22.8,27.1,1.58
339,2015,13.09,4.4,4.85,14.5,23.1,0.59
339,2020,2.2,4.4,19.6,19.4,14.6,"<1,00"
341,1995,,4.7,,4.6,8.1,1.58
341,2000,,4.8,,5.8,6.6,1.68
341,2005,,7.3,,19.8,9.2,1.75
341,2010,,4.1,,7.5,8.2,1.39
341,2015,9.3,4.2,"<1,00",5.7,18.1,0.55
341,2020,2.8,13.5,24.9,12.4,4.5,3.8
343,1995,,16.0,,56.5,12.8,0.5
343,2000,,15.8,,50.0,9.7,0.75
343,2005,,15.1,,42.5,12.1,0.63
343,2010,,33.8,,10.8,21.3,0.73
343,2015,10.5,31.5,"<1,00",7.2,20.2,1.0
343,2020,3.4,19.8,5.3,"<1,00",2.8,2.2
345,1995,,4.6,,38.0,17.9,0.75
345,2000,,3.3,,33.5,14.2,0.75
345,2005,,4.9,,20.2,14.2,0.5
345,2010,,4.4,,15.3,22.4,0.71
345,2015,12.43,2.76,2.37,17.6,15.5,1.08
345,2020,34,5.1,28.5,15.8,39.3,"<1,00"
347,1995,,7.6,,10.0,10.5,1.63
347,2000,,6.9,,13.5,11.8,1.43
347,2005,,10.0,,20.7,21.3,1.25
347,2010,,21.7,,20.6,14.9,1.28
347,2015,7.93,16.3,7.95,34.4,18.0,0.92
347,2020,2.3,12.4,30.7,21.4,26.5,2.9
349,1995,,10.8,,15.7,25.8,1.75
349,2000,,10.1,,11.2,22.1,1.63
349,2005,,11.8,,12.8,23.4,1.45
349,2010,,20.7,,12.4,17.3,1.1
349,2015,3.48,12.6,"<1,00",8.4,16.6,0.64
349,2020,4.8,13.7,33.2,6.9,8.8,6.6
351,1995,,5.3,,3.8,4.5,1.75
351,2000,,10.1,,9.4,10.6,1.63
351,2005,,9.2,,4.4,6.0,0.88
351,2010,,6.2,,5.1,4.8,0.79
351,2015,10.29,6.3,14.03,8.5,11.3,1.02
351,2020,2.4,8.7,35.4,14.2,14.6,"<1,00"
353,1995,,21.4,,166.0,34.2,1.87
353,2000,,21.5,,153.0,29.0,1.73
353,2005,,20.6,,148.0,40.1,1.43
353,2010,,20.9,,68.5,10.7,2.42
353,2015,0.43,13.2,5.85,64.8,9.1,1.73
353,2020,3.1,11.2,35.7,39.4,7.4,"<1,00"
355,1995,,13.9,,25.0,11.3,1.75
355,2000,,14.4,,27.0,11.8,1.53
355,2005,,15.2,,24.9,8.2,1.23
355,2010,,12.3,,27.1,21.1,0.79
355,2015,3.94,8.6,10.35,39.7,23.0,0.82
355,2020,2.3,7.8,34,23.9,14.7,"<1,00"
357,1995,,6.2,,5.4,5.8,1.5
357,2000,,8.0,,5.8,7.6,1.68
357,2005,,6.7,,15.5,16.6,1.13
357,2010,,7.1,,14.6,10.5,0.88
357,2015,6.68,7.4,5.54,12.5,10.7,0.72
357,2020,2.3,5.7,43.5,12.7,7.2,4.9
359,1995,,4.7,,14.5,20.9,1.0
359,2000,,4.4,,10.6,16.9,1.25
359,2005,,5.0,,8.3,17.5,0.89
359,2010,,4.5,,1.8,17.3,1.15
359,2015,8.79,8.4,7.74,13.2,25.9,1.26
359,2020,4.5,19.7,33.6,1.7,5.6,"<1,00"
361,1995,,1.6,,5.9,6.7,1.5
361,2000,,1.6,,5.6,6.8,1.8
361,2005,,2.0,,5.2,7.4,1.63
361,2010,,0.96,,4.6,5.0,1.1
361,2015,4.29,1.96,1.61,8.9,6.9,0.49
361,2020,2.2,3.0,27.7,6.0,5.7,2.3
363,1995,,3.6,,4.6,11.4,1.13
363,2000,,2.9,,3.6,8.5,0.98
363,2005,,2.5,,5.0,14.8,1.38
363,2010,,3.2,,5.3,14.2,1.09
363,2015,7.51,4.3,7.04,14.8,16.9,1.14
363,2020,2.4,28.7,36.4,6.4,9.6,2.2
365,1995,,15.6,,9.1,10.4,2.63
365,2000,,18.6,,16.9,19.2,2.5
365,2005,,16.0,,10.3,15.3,2.13
365,2010,,26.5,,11.3,17.7,1.21
365,2015,5.4,24.0,7.86,9.3,14.8,0.76
365,2020,2.4,16.6,24.3,7.0,6.9,2.4
367,1995,,1.6,,7.7,5.8,1.63
367,2000,,2.0,,8.6,8.0,1.45
367,2005,,3.0,,11.6,12.6,1.38
367,2010,,2.3,,7.9,8.5,0.85
367,2015,5.83,2.74,7.26,6.5,8.0,0.75
367,2020,23.5,2.7,25.5,5.6,10.9,"<1,00"
369,1995,,1.2,,9.2,5.9,1.37
369,2000,,3.3,,9.5,4.3,1.25
369,2005,,6.3,,10.9,13.3,0.97
369,2010,,7.7,,13.4,8.4,0.81
369,2015,9.15,7.6,"<1,00",7.7,7.8,0.58
369,2020,2.1,9.7,20.4,10.0,6.1,1.2
371,1995,,2.3,,43.0,7.5,1.5
371,2000,,3.6,,36.2,9.0,1.25
371,2005,,6.6,,19.6,12.6,1.38
371,2010,,35.7,,17.0,43.4,1.7
371,2015,7.06,32.1,22.34,18.4,80.2,1.01
371,2020,2.3,28.7,19.1,1.9,6.4,5.8
373,1995,,6.5,,12.8,17.9,1.13
373,2000,,7.8,,13.3,15.5,0.85
373,2005,,18.3,,18.7,27.2,1.13
373,2010,,3.4,,10.8,13.6,0.97
373,2015,7.84,2.76,5.07,7.2,7.6,0.89
373,2020,2.4,6.6,29.4,5.3,8.0,3.1
375,1995,,14.6,,4.2,5.0,0.88
375,2000,,13.4,,6.7,7.9,1.0
375,2005,,20.8,,4.9,9.4,0.63
375,2010,,15.8,,9.2,8.3,0.98
375,2015,6.21,13.4,"<1,00",8.2,8.0,0.48
375,2020,2.6,24.0,49.5,2.7,4.3,1.1
377,1995,,14.2,,10.6,12.0,2.12
377,2000,,16.0,,8.2,11.5,1.88
377,2005,,19.1,,7.7,18.2,2.38
377,2010,,17.7,,5.7,9.2,0.97
377,2015,6.98,13.6,4.35,4.5,10.7,0.7
377,2020,2.4,19.5,27.9,11.9,9.9,3.5
379,1995,,1.6,,15.7,14.0,2.5
379,2000,,1.8,,14.1,16.1,2.88
379,2005,,2.1,,12.1,12.8,2.68
379,2010,,3.2,,9.6,12.1,0.93
379,2015,8.99,2.3,3.92,7.0,15.6,0.35
379,2020,2.1,1.1,41.8,14.9,6.3,1.2
381,1995,,7.7,,60.0,29.9,1.63
381,2000,,6.3,,58.0,23.6,1.5
381,2005,,7.4,,68.9,26.6,2.0
381,2010,,7.7,,92.0,36.3,1.56
381,2015,12.84,8.5,3.56,55.0,29.4,0.81
381,2020,2.2,7.8,33.3,38.1,31.3,5.4
383,1995,,6.1,,12.8,3.1,1.25
383,2000,,7.3,,10.1,3.8,1.0
383,2005,,13.2,,8.2,4.1,1.0
383,2010,,9.8,,3.3,4.2,1.25
383,2015,9.82,10.1,5.06,3.3,5.7,0.62
383,2020,2.2,12.6,33.4,5.6,5.3,1.0
385,1995,,1.6,,13.0,6.5,1.25
385,2000,,1.2,,13.3,6.9,1.12
385,2005,,2.5,,12.0,10.0,0.84
385,2010,,0.94,,5.2,3.9,0.82
385,2015,5.88,0.5,"<1,00",5.7,3.5,0.46
385,2020,32.3,1.5,9.3,7.9,5.4,"<1,00"
387,1995,,8.0,,19.2,21.9,0.88
387,2000,,10.2,,16.7,18.1,1.0
387,2005,,12.2,,13.4,18.0,0.88
387,2010,,10.8,,11.6,15.6,0.84
387,2015,6.92,6.9,6.23,8.8,18.6,0.41
387,2020,2.3,2.9,12.4,11.2,10.7,2.4
389,1995,,7.8,,12.4,17.9,1.12
389,2000,,10.2,,15.0,20.0,0.88
389,2005,,8.5,,11.7,24.1,0.75
389,2010,,9.6,,13.9,22.4,0.88
389,2015,8.4,11.3,2.32,17.6,35.4,0.7
389,2020,2.4,8.4,7.1,16.9,23.6,6.1
393,1995,,7.8,,9.0,11.8,2.5
393,2000,,8.0,,6.7,7.7,2.65
393,2005,,7.6,,6.4,9.2,2.63
393,2010,,1.7,,8.6,6.3,1.03
393,2015,8.04,2.32,"<1,00",8.0,7.7,0.87
393,2020,3.0,8.1,38.7,8.9,17.2,2.2
395,1995,,10.6,,21.4,20.9,0.75
395,2000,,8.2,,17.4,16.3,1.0
395,2005,,11.8,,25.8,13.9,1.08
395,2010,,9.7,,14.6,12.5,0.81
395,2015,10.78,6.1,7.44,20.4,21.0,2.19
395,2020,2.4,4.9,25.5,12.2,8.3,3.6
397,1995,,6.4,,10.4,4.7,1.0
397,2000,,8.8,,8.2,6.6,0.75
397,2005,,10.5,,117.0,31.8,1.25
397,2010,,8.8,,155.0,32.1,1.2
397,2015,10.75,5.2,33.21,156.6,27.7,1.6
397,2020,14.2,6.1,36.3,14.0,19.5,3.1
399,1995,,10.2,,14.8,15.6,1.38
399,2000,,12.8,,10.7,13.2,1.0
399,2005,,11.6,,13.6,15.4,1.38
399,2010,,6.5,,10.6,4.5,0.88
399,2015,7.72,6.9,63.68,19.3,5.9,1.3
399,2020,3.1,3.7,21,28.2,11.5,"<1,00"
401,1995,,13.6,,59.5,8.5,1.5
401,2000,,12.0,,46.2,11.6,1.3
401,2005,,10.7,,38.6,14.8,1.38
401,2010,,5.6,,23.0,25.0,0.97
401,2015,9.54,4.1,1.38,21.1,14.2,0.45
401,2020,2.4,4.1,32.4,19.5,24.4,4.7
403,1995,,11.6,,28.0,40.1,1.75
403,2000,,10.8,,26.2,32.8,2.05
403,2005,,10.2,,21.8,45.6,1.88
403,2010,,9.9,,22.4,21.1,1.27
403,2015,9.83,8.0,35.81,17.9,11.6,0.52
403,2020,5.9,10.7,35.9,13.5,19.2,4.0
405,1995,,14.2,,72.5,29.7,1.54
405,2000,,12.1,,69.0,24.9,1.75
405,2005,,12.6,,50.4,18.9,1.25
405,2010,,11.8,,33.4,8.1,1.74
405,2015,6.96,8.3,12.95,7.7,22.7,1.18
405,2020,2.3,25.6,2.3,2.2,7.0,12.7
407,1995,,9.4,,36.0,26.8,0.95
407,2000,,11.0,,40.0,30.4,1.0
407,2005,,7.6,,40.7,23.4,0.75
407,2010,,17.7,,22.1,20.6,0.74
407,2015,9.64,15.5,9.93,15.8,22.7,0.95
407,2020,2.4,14.4,56.7,21.8,7.4,3.0
409,1995,,4.4,,16.2,16.4,1.88
409,2000,,6.3,,13.3,15.3,1.75
409,2005,,5.7,,12.8,22.6,1.53
409,2010,,17.2,,13.0,18.4,1.44
409,2015,9.46,13.3,"<1,00",10.8,7.9,1.23
409,2020,2.4,10.7,46.4,23.9,20.3,9.3
411,1995,,9.2,,53.5,25.5,1.5
411,2000,,11.0,,70.5,42.2,1.7
411,2005,,12.1,,142.0,26.2,1.31
411,2010,,17.4,,105.0,43.1,3.54
411,2015,17.92,13.7,13.16,42.7,23.5,2.62
411,2020,5,15.8,7.8,"<1,00",9.5,2.9
413,1995,,9.4,,16.4,29.6,1.75
413,2000,,10.7,,20.0,34.9,1.88
413,2005,,11.9,,24.9,25.9,1.45
413,2010,,11.0,,2.0,12.9,1.24
413,2015,9.12,9.0,3.07,2.5,10.8,0.64
413,2020,43.7,9.4,56.1,1.9,13.6,1.4
415,1995,,12.2,,56.0,22.7,1.13
415,2000,,11.8,,61.0,23.4,1.0
415,2005,,10.0,,65.0,18.6,1.13
415,2010,,13.7,,5.2,19.0,1.3
415,2015,8.0,11.3,"<1,00",3.2,20.3,0.8
415,2020,2.3,12.9,34.9,10.6,19.3,"<1,00"
417,1995,,6.4,,1.9,4.5,1.13
417,2000,,9.0,,1.4,7.0,1.13
417,2005,,9.9,,1.0,5.0,1.63
417,2010,,14.4,,2.1,22.1,1.0
417,2015,13.19,10.5,2.83,1.8,20.6,0.75
417,2020,7.2,16.9,39.9,9.1,7.8,3.3
419,1995,,5.6,,1.4,6.0,2.75
419,2000,,7.5,,1.6,6.8,2.63
419,2005,,6.6,,0.8,13.0,2.54
419,2010,,6.1,,3.0,17.1,1.22
419,2015,7.09,7.0,19.62,4.4,20.7,1.21
419,2020,7.5,11.3,55.4,5.2,15.0,3.8
421,1995,,9.4,,10.7,16.4,1.12
421,2000,,11.2,,13.9,18.2,0.88
421,2005,,10.4,,19.5,17.7,1.13
421,2010,,9.7,,11.8,16.4,1.03
421,2015,7.17,7.5,20.87,15.2,28.5,1.23
421,2020,2.4,10.0,21.1,15.3,18.0,2.1
423,1995,,10.6,,11.0,10.6,1.25
423,2000,,9.2,,7.8,13.3,0.98
423,2005,,10.2,,9.3,17.9,1.13
423,2010,,13.7,,4.6,17.8,0.8
423,2015,7.52,12.2,15.27,5.3,19.1,0.85
423,2020,2.4,11.2,36.5,6.3,10.0,1.7
425,1995,,6.6,,20.1,15.8,1.63
425,2000,,5.9,,16.3,13.0,1.43
425,2005,,6.0,,15.0,11.4,1.88
425,2010,,6.9,,3.2,9.6,1.1
425,2015,7.87,7.2,16.58,6.3,19.0,1.88
425,2020,2.5,7.4,37.7,21.0,38.4,1.4
427,1995,,23.5,,5.0,10.1,1.62
427,2000,,20.8,,8.3,18.9,1.62
427,2005,,20.5,,18.2,20.7,1.75
427,2010,,20.9,,2.8,8.1,0.99
427,2015,11.09,20.2,"<1,00",2.5,11.4,0.55
427,2020,5.1,17.9,29.6,1.3,4.9,"<1,00"
429,1995,,14.1,,7.8,31.2,1.62
429,2000,,17.5,,8.5,26.5,1.62
429,2005,,19.7,,7.8,34.7,1.88
429,2010,,16.3,,5.1,10.7,1.21
429,2015,10.87,13.9,19.48,6.2,25.9,0.85
429,2020,2.7,17.3,33.2,12.4,13.9,3.0
431,1995,,9.7,,5.1,11.8,1.25
431,2000,,11.6,,3.7,7.3,1.43
431,2005,,10.7,,4.4,10.3,1.08
431,2010,,18.9,,4.5,15.8,1.11
431,2015,10.07,14.9,"<1,00",2.9,15.1,0.65
431,2020,2.5,15.0,36.0,3.8,5.1,2.2
433,1995,,13.8,,18.0,10.1,1.75
433,2000,,16.5,,14.8,11.0,1.83
433,2005,,13.7,,15.7,13.4,1.63
433,2010,,20.1,,3.9,12.5,1.66
433,2015,11.34,15.4,2.25,3.2,14.0,0.74
433,2020,2.3,7.6,28.3,3.5,5.7,3.3
435,1995,,23.4,,5.3,11.5,2.62
435,2000,,25.4,,5.0,11.4,2.85
435,2005,,26.9,,14.0,33.1,2.38
435,2010,,35.8,,8.5,23.2,0.93
435,2015,13.24,30.0,1.95,8.1,22.3,0.49
435,2020,2.3,30.7,35.1,"<1,00",13.2,"<1,00"
437,1995,,10.3,,13.0,11.0,0.63
437,2000,,8.5,,10.8,14.3,0.63
437,2005,,10.1,,9.2,15.8,0.88
437,2010,,9.9,,8.4,15.4,0.7
437,2015,6.65,7.4,9.54,5.7,15.5,0.86
437,2020,2.4,14.2,65.2,3.4,10.0,2.8
439,1995,,9.4,,3.7,4.1,1.25
439,2000,,10.4,,3.7,7.8,0.95
439,2005,,12.2,,3.2,7.6,0.85
439,2010,,19.2,,2.3,11.5,1.02
439,2015,9.14,15.9,"<1,00",2.3,13.9,0.83
439,2020,2.2,12.7,17.0,5.0,10.8,2.9
441,1995,,17.5,,14.2,21.9,0.88
441,2000,,19.3,,14.1,21.9,1.08
441,2005,,22.2,,14.0,23.8,1.0
441,2010,,16.8,,12.7,29.9,1.1
441,2015,6.58,12.3,5.62,8.9,27.1,0.66
441,2020,2.4,10.8,35.5,14.3,25.3,3.6
443,1995,,15.4,,7.2,14.8,1.25
443,2000,,17.1,,5.3,15.7,1.0
443,2005,,24.9,,6.1,18.8,1.88
443,2010,,33.4,,4.1,22.7,0.77
443,2015,8.78,14.2,2.11,4.3,16.5,0.57
443,2020,2.4,27.8,56.3,6.8,32.6,3.4
445,1995,,6.9,,12.4,5.6,1.88
445,2000,,8.0,,15.8,8.4,1.88
445,2005,,10.7,,19.4,10.4,1.63
445,2010,,10.4,,9.4,11.2,0.8
445,2015,4.87,7.9,2.99,6.4,8.7,0.57
445,2020,2.4,10.6,14.0,18.9,7.3,3.1
447,1995,,9.3,,19.6,32.0,1.63
447,2000,,9.8,,18.5,28.9,1.63
447,2005,,10.1,,18.9,21.5,1.63
447,2010,,9.8,,37.5,31.0,0.95
447,2015,13.43,9.9,24.2,9.6,48.9,1.43
447,2020,2.5,5.7,37.8,7.0,25.8,1.7
449,1995,,10.20,,10.20,24.30,1.50
449,2000,,13.30,,7.40,19.20,1.38
449,2005,,19.50,,5.70,13.40,0.63
449,2010,,14.40,,7.60,31.30,1.30
449,2015,15.62,14.50,"<1,00",7.15,41.30,0.80
449,2020,37.2,12.7,37.2,21.4,8.0,1.2
