point_id,year,BN-78/9180-11: 1.0-0.1 mm [%],BN-78/9180-11: 0.1-0.02 mm [%],BN-78/9180-11: < 0.02 mm [%],PTG 2008: 0.05-0.002 mm [%],PTG 2008: 2.0-0.05 mm [%],PTG 2008: < 0.002 mm [%]
1,1995,68.0,18.0,14.0,,,5.0
1,2000,67.0,21.0,12.0,,,3.0
1,2005,73.0,16.0,11.0,,,5.0
1,2010,87.0,4.0,9.0,8.0,91.0,1.0
1,2015,89.0,3.0,8.0,7.0,91.0,2.0
1,2020,67.0,20.0,13.0,17.0,81.0,2.0
3,1995,76.0,17.0,7.0,,,3.0
3,2000,72.0,18.0,10.0,,,2.0
3,2005,75.0,16.0,9.0,,,2.0
3,2010,81.0,12.0,7.0,9.0,91.0,0.0
3,2015,82.0,11.0,7.0,8.0,90.0,2.0
3,2020,61.0,30.0,9.0,21.0,75.0,4.0
5,1995,29.0,35.0,36.0,,,13.0
5,2000,33.0,31.0,36.0,,,10.0
5,2005,30.0,35.0,35.0,,,9.0
5,2010,34.0,33.0,33.0,48.0,48.0,4.0
5,2015,32.0,35.0,33.0,49.0,45.0,6.0
5,2020,45.0,31.0,24.0,34.0,56.0,10.0
7,1995,54.0,25.0,21.0,,,9.0
7,2000,54.0,22.0,24.0,,,9.0
7,2005,49.0,25.0,26.0,,,8.0
7,2010,41.0,30.0,29.0,36.0,60.0,4.0
7,2015,40.0,29.0,31.0,35.0,57.0,8.0
7,2020,38.0,35.0,27.0,44.0,48.0,8.0
9,1995,84.0,8.0,8.0,,,3.0
9,2000,82.0,10.0,8.0,,,1.0
9,2005,80.0,10.0,10.0,,,1.0
9,2010,72.0,18.0,10.0,15.0,83.0,2.0
9,2015,75.0,17.0,8.0,15.0,84.0,1.0
9,2020,65.0,24.0,11.0,18.0,79.0,3.0
13,1995,49.0,25.0,26.0,,,9.0
13,2000,51.0,25.0,24.0,,,6.0
13,2005,47.0,28.0,25.0,,,6.0
13,2010,46.0,31.0,23.0,31.0,65.0,4.0
13,2015,49.0,29.0,22.0,32.0,64.0,4.0
13,2020,51.0,34.0,15.0,33.0,63.0,4.0
15,1995,61.0,19.0,20.0,,,9.0
15,2000,63.0,19.0,18.0,,,6.0
15,2005,63.0,16.0,21.0,,,6.0
15,2010,64.0,19.0,17.0,19.0,76.0,5.0
15,2015,61.0,20.0,19.0,24.0,72.0,4.0
15,2020,65.0,20.0,15.0,17.0,79.0,4.0
17,1995,61.0,24.0,15.0,,,2.0
17,2000,62.0,25.0,13.0,,,2.0
17,2005,60.0,24.0,16.0,,,2.0
17,2010,62.0,24.0,14.0,19.0,78.0,3.0
17,2015,59.0,27.0,14.0,21.0,77.0,2.0
17,2020,45.0,40.0,15.0,39.0,57.0,4.0
21,1995,36.0,35.0,29.0,,,8.0
21,2000,35.0,37.0,28.0,,,10.0
21,2005,31.0,36.0,33.0,,,9.0
21,2010,33.0,39.0,28.0,43.0,49.0,8.0
21,2015,34.0,43.0,23.0,43.0,53.0,4.0
21,2020,44.0,35.0,21.0,41.0,55.0,4.0
23,1995,42.0,34.0,24.0,,,9.0
23,2000,42.0,34.0,24.0,,,9.0
23,2005,40.0,34.0,26.0,,,7.0
23,2010,36.0,39.0,25.0,36.0,55.0,9.0
23,2015,37.0,40.0,23.0,39.0,56.0,5.0
23,2020,61.0,24.0,15.0,21.0,75.0,4.0
25,1995,22.0,28.0,50.0,,,18.0
25,2000,25.0,28.0,47.0,,,19.0
25,2005,22.0,32.0,46.0,,,14.0
25,2010,26.0,36.0,38.0,50.0,39.0,11.0
25,2015,31.0,39.0,30.0,47.0,47.0,6.0
25,2020,40.0,37.0,23.0,47.0,50.0,3.0
27,1995,40.0,33.0,27.0,,,8.0
27,2000,42.0,28.0,30.0,,,10.0
27,2005,44.0,30.0,26.0,,,8.0
27,2010,42.0,33.0,25.0,37.0,59.0,4.0
27,2015,44.0,32.0,24.0,38.0,59.0,3.0
27,2020,51.0,24.0,25.0,32.0,63.0,5.0
29,1995,19.0,38.0,43.0,,,15.0
29,2000,18.0,39.0,43.0,,,17.0
29,2005,17.0,40.0,43.0,,,12.0
29,2010,17.0,41.0,42.0,57.0,32.0,11.0
29,2015,17.0,43.0,40.0,60.0,30.0,10.0
29,2020,50.0,29.0,21.0,31.0,63.0,6.0
31,1995,47.0,20.0,33.0,,,16.0
31,2000,44.0,24.0,32.0,,,14.0
31,2005,44.0,27.0,29.0,,,12.0
31,2010,40.0,25.0,35.0,33.0,56.0,11.0
31,2015,50.0,29.0,21.0,27.0,67.0,6.0
31,2020,48.0,29.0,23.0,33.0,59.0,8.0
33,1995,20.0,13.0,67.0,,,41.0
33,2000,26.0,11.0,63.0,,,39.0
33,2005,25.0,10.0,65.0,,,32.0
33,2010,22.0,18.0,60.0,33.0,32.0,35.0
33,2015,27.0,29.0,44.0,37.0,42.0,21.0
33,2020,48.0,25.0,27.0,31.0,59.0,10.0
35,1995,47.0,22.0,31.0,,,14.0
35,2000,45.0,25.0,30.0,,,15.0
35,2005,48.0,23.0,29.0,,,12.0
35,2010,43.0,26.0,31.0,29.0,59.0,12.0
35,2015,54.0,21.0,25.0,28.0,65.0,7.0
35,2020,41.0,35.0,24.0,41.0,51.0,8.0
37,1995,57.0,22.0,21.0,,,6.0
37,2000,52.0,25.0,23.0,,,7.0
37,2005,54.0,25.0,21.0,,,5.0
37,2010,53.0,26.0,21.0,26.0,68.0,6.0
37,2015,57.0,28.0,15.0,26.0,73.0,1.0
37,2020,45.0,26.0,29.0,36.0,56.0,8.0
39,1995,66.0,16.0,18.0,,,6.0
39,2000,61.0,20.0,19.0,,,5.0
39,2005,69.0,12.0,19.0,,,5.0
39,2010,65.0,18.0,17.0,21.0,77.0,2.0
39,2015,67.0,18.0,15.0,20.0,77.0,3.0
39,2020,53.0,30.0,17.0,30.0,65.0,5.0
41,1995,42.0,28.0,30.0,,,8.0
41,2000,41.0,26.0,33.0,,,6.0
41,2005,41.0,30.0,29.0,,,6.0
41,2010,51.0,24.0,25.0,35.0,63.0,2.0
41,2015,46.0,24.0,30.0,39.0,55.0,6.0
41,2020,43.0,38.0,19.0,43.0,53.0,4.0
43,1995,46.0,22.0,32.0,,,10.0
43,2000,46.0,21.0,33.0,,,10.0
43,2005,47.0,26.0,27.0,,,8.0
43,2010,44.0,22.0,34.0,34.0,58.0,8.0
43,2015,45.0,23.0,32.0,32.0,58.0,10.0
43,2020,60.0,23.0,17.0,21.0,73.0,6.0
45,1995,63.0,22.0,15.0,,,6.0
45,2000,61.0,25.0,14.0,,,4.0
45,2005,60.0,27.0,13.0,,,4.0
45,2010,53.0,31.0,16.0,28.0,71.0,1.0
45,2015,53.0,32.0,15.0,28.0,69.0,3.0
45,2020,42.0,43.0,15.0,44.0,54.0,2.0
47,1995,59.0,28.0,13.0,,,4.0
47,2000,58.0,29.0,13.0,,,2.0
47,2005,57.0,29.0,14.0,,,5.0
47,2010,74.0,14.0,12.0,16.0,83.0,1.0
47,2015,72.0,18.0,10.0,17.0,80.0,3.0
47,2020,65.0,22.0,13.0,19.0,79.0,2.0
49,1995,68.0,20.0,12.0,,,4.0
49,2000,67.0,21.0,12.0,,,3.0
49,2005,66.0,22.0,12.0,,,3.0
49,2010,70.0,20.0,10.0,14.0,84.0,2.0
49,2015,67.0,23.0,10.0,16.0,82.0,2.0
49,2020,54.0,33.0,13.0,29.0,67.0,4.0
51,1995,61.0,22.0,17.0,,,3.0
51,2000,61.0,24.0,15.0,,,4.0
51,2005,62.0,23.0,15.0,,,4.0
51,2010,69.0,19.0,12.0,13.0,85.0,2.0
51,2015,72.0,20.0,8.0,10.0,87.0,3.0
51,2020,60.0,25.0,15.0,23.0,73.0,4.0
53,1995,89.0,9.0,2.0,,,1.0
53,2000,91.0,7.0,2.0,,,1.0
53,2005,94.0,2.0,4.0,,,1.0
53,2010,87.0,9.0,4.0,4.0,96.0,0.0
53,2015,91.0,7.0,2.0,2.0,97.0,1.0
53,2020,75.0,17.0,8.0,5.0,91.0,4.0
55,1995,20.0,12.0,68.0,,,36.0
55,2000,21.0,11.0,68.0,,,36.0
55,2005,23.0,12.0,65.0,,,36.0
55,2010,24.0,12.0,64.0,29.0,31.0,40.0
55,2015,19.0,14.0,67.0,27.0,26.0,47.0
55,2020,66.0,19.0,15.0,14.0,80.0,6.0
57,1995,8.0,31.0,61.0,,,25.0
57,2000,8.0,32.0,60.0,,,25.0
57,2005,5.0,32.0,63.0,,,22.0
57,2010,6.0,35.0,59.0,62.0,16.0,22.0
57,2015,8.0,40.0,52.0,51.0,28.0,21.0
57,2020,45.0,24.0,31.0,35.0,55.0,10.0
59,1995,92.0,4.0,4.0,,,1.0
59,2000,89.0,7.0,4.0,,,2.0
59,2005,94.0,2.0,4.0,,,3.0
59,2010,94.0,2.0,4.0,3.0,96.0,1.0
59,2015,90.0,6.0,4.0,6.0,92.0,2.0
59,2020,70.0,20.0,10.0,13.0,85.0,2.0
61,1995,54.0,28.0,18.0,,,7.0
61,2000,50.0,33.0,17.0,,,6.0
61,2005,55.0,28.0,17.0,,,7.0
61,2010,51.0,31.0,18.0,29.0,67.0,4.0
61,2015,55.0,29.0,16.0,27.0,70.0,3.0
61,2020,42.0,33.0,25.0,37.0,53.0,10.0
63,1995,45.0,31.0,24.0,,,7.0
63,2000,50.0,27.0,23.0,,,5.0
63,2005,49.0,30.0,21.0,,,6.0
63,2010,53.0,27.0,20.0,28.0,68.0,4.0
63,2015,56.0,28.0,16.0,24.0,72.0,4.0
63,2020,41.0,35.0,24.0,43.0,51.0,6.0
65,1995,38.0,43.0,19.0,,,4.0
65,2000,34.0,47.0,19.0,,,3.0
65,2005,37.0,45.0,18.0,,,4.0
65,2010,38.0,43.0,19.0,37.0,61.0,2.0
65,2015,32.0,51.0,17.0,40.0,57.0,3.0
65,2020,30.0,38.0,32.0,52.0,38.0,10.0
69,1995,84.0,9.0,7.0,,,2.0
69,2000,81.0,12.0,7.0,,,2.0
69,2005,88.0,7.0,5.0,,,2.0
69,2010,82.0,10.0,8.0,10.0,89.0,1.0
69,2015,82.0,12.0,6.0,9.0,90.0,1.0
69,2020,61.0,26.0,13.0,21.0,75.0,4.0
71,1995,81.0,13.0,6.0,,,2.0
71,2000,78.0,16.0,6.0,,,1.0
71,2005,80.0,15.0,5.0,,,2.0
71,2010,79.0,14.0,7.0,8.0,91.0,1.0
71,2015,82.0,12.0,6.0,10.0,90.0,0.0
71,2020,53.0,28.0,19.0,33.0,65.0,2.0
73,1995,57.0,23.0,20.0,,,5.0
73,2000,55.0,25.0,20.0,,,6.0
73,2005,53.0,28.0,19.0,,,4.0
73,2010,49.0,29.0,22.0,27.0,68.0,5.0
73,2015,45.0,34.0,21.0,32.0,66.0,2.0
73,2020,41.0,38.0,21.0,44.0,52.0,4.0
75,1995,58.0,22.0,20.0,,,5.0
75,2000,57.0,25.0,18.0,,,4.0
75,2005,56.0,25.0,19.0,,,5.0
75,2010,57.0,25.0,18.0,25.0,70.0,5.0
75,2015,59.0,24.0,17.0,24.0,73.0,3.0
75,2020,56.0,29.0,15.0,27.0,69.0,4.0
77,1995,46.0,30.0,24.0,,,4.0
77,2000,47.0,30.0,23.0,,,4.0
77,2005,46.0,30.0,24.0,,,3.0
77,2010,47.0,32.0,21.0,38.0,59.0,3.0
77,2015,48.0,33.0,19.0,36.0,62.0,2.0
77,2020,47.0,38.0,15.0,37.0,59.0,4.0
79,1995,3.0,9.0,88.0,,,52.0
79,2000,6.0,10.0,84.0,,,48.0
79,2005,9.0,8.0,83.0,,,45.0
79,2010,6.0,18.0,76.0,57.0,11.0,32.0
79,2015,7.0,18.0,75.0,56.0,11.0,33.0
79,2020,46.0,25.0,29.0,33.0,57.0,10.0
81,1995,84.0,8.0,8.0,,,2.0
81,2000,84.0,6.0,10.0,,,3.0
81,2005,85.0,6.0,9.0,,,4.0
81,2010,84.0,6.0,10.0,9.0,88.0,3.0
81,2015,85.0,8.0,7.0,8.0,89.0,3.0
81,2020,61.0,29.0,10.0,21.0,75.0,4.0
83,1995,84.0,10.0,6.0,,,2.0
83,2000,83.0,11.0,6.0,,,3.0
83,2005,79.0,13.0,8.0,,,2.0
83,2010,82.0,11.0,7.0,8.0,91.0,1.0
83,2015,84.0,11.0,5.0,5.0,93.0,2.0
83,2020,61.0,20.0,19.0,21.0,75.0,4.0
85,1995,80.0,12.0,8.0,,,3.0
85,2000,79.0,13.0,8.0,,,2.0
85,2005,77.0,14.0,9.0,,,3.0
85,2010,81.0,12.0,7.0,10.0,88.0,2.0
85,2015,81.0,13.0,6.0,9.0,89.0,2.0
85,2020,65.0,22.0,13.0,19.0,79.0,2.0
87,1995,82.0,8.0,10.0,,,2.0
87,2000,83.0,6.0,11.0,,,4.0
87,2005,81.0,7.0,12.0,,,3.0
87,2010,75.0,16.0,9.0,10.0,85.0,5.0
87,2015,79.0,14.0,7.0,11.0,88.0,1.0
87,2020,71.0,16.0,13.0,26.0,70.0,4.0
89,1995,60.0,23.0,17.0,,,6.0
89,2000,59.0,25.0,16.0,,,7.0
89,2005,56.0,24.0,20.0,,,9.0
89,2010,54.0,23.0,23.0,25.0,69.0,6.0
89,2015,44.0,26.0,30.0,26.0,60.0,14.0
89,2020,52.0,33.0,15.0,31.0,65.0,4.0
91,1995,74.0,19.0,7.0,,,2.0
91,2000,73.0,18.0,9.0,,,3.0
91,2005,69.0,22.0,9.0,,,2.0
91,2010,69.0,22.0,9.0,13.0,86.0,1.0
91,2015,79.0,15.0,6.0,9.0,90.0,1.0
91,2020,67.0,22.0,11.0,13.0,81.0,6.0
93,1995,60.0,23.0,17.0,,,3.0
93,2000,57.0,25.0,18.0,,,4.0
93,2005,56.0,23.0,21.0,,,3.0
93,2010,62.0,20.0,18.0,25.0,73.0,2.0
93,2015,60.0,26.0,14.0,24.0,74.0,2.0
93,2020,33.0,25.0,42.0,43.0,42.0,15.0
95,1995,68.0,20.0,12.0,,,4.0
95,2000,63.0,22.0,15.0,,,6.0
95,2005,66.0,19.0,15.0,,,3.0
95,2010,68.0,21.0,11.0,17.0,82.0,1.0
95,2015,64.0,26.0,10.0,17.0,80.0,3.0
95,2020,49.0,36.0,15.0,34.0,61.0,5.0
97,1995,55.0,23.0,22.0,,,7.0
97,2000,53.0,25.0,22.0,,,8.0
97,2005,54.0,23.0,23.0,,,5.0
97,2010,47.0,30.0,23.0,37.0,61.0,2.0
97,2015,39.0,32.0,29.0,36.0,54.0,10.0
97,2020,60.0,31.0,9.0,25.0,73.0,2.0
99,1995,74.0,16.0,10.0,,,1.0
99,2000,73.0,18.0,9.0,,,3.0
99,2005,74.0,15.0,11.0,,,2.0
99,2010,72.0,16.0,12.0,18.0,82.0,0.0
99,2015,71.0,17.0,12.0,18.0,81.0,1.0
99,2020,75.0,17.0,8.0,7.0,90.0,3.0
101,1995,92.0,3.0,5.0,,,1.0
101,2000,87.0,6.0,7.0,,,1.0
101,2005,87.0,6.0,7.0,,,1.0
101,2010,91.0,4.0,5.0,5.0,94.0,1.0
101,2015,90.0,6.0,4.0,6.0,94.0,0.0
101,2020,68.0,18.0,14.0,7.0,91.0,2.0
103,1995,63.0,24.0,13.0,,,3.0
103,2000,63.0,25.0,12.0,,,3.0
103,2005,65.0,20.0,15.0,,,2.0
103,2010,65.0,23.0,12.0,17.0,82.0,1.0
103,2015,66.0,23.0,11.0,16.0,82.0,2.0
103,2020,51.0,26.0,23.0,33.0,63.0,4.0
105,1995,57.0,23.0,20.0,,,6.0
105,2000,57.0,20.0,23.0,,,6.0
105,2005,57.0,20.0,23.0,,,4.0
105,2010,55.0,18.0,27.0,32.0,64.0,4.0
105,2015,56.0,21.0,23.0,31.0,66.0,3.0
105,2020,57.0,22.0,21.0,28.0,70.0,2.0
107,1995,74.0,17.0,9.0,,,2.0
107,2000,72.0,19.0,9.0,,,1.0
107,2005,71.0,18.0,11.0,,,2.0
107,2010,77.0,15.0,8.0,11.0,87.0,2.0
107,2015,76.0,16.0,8.0,13.0,86.0,1.0
107,2020,67.0,22.0,11.0,13.0,81.0,6.0
111,1995,63.0,20.0,17.0,,,5.0
111,2000,64.0,22.0,14.0,,,3.0
111,2005,65.0,19.0,16.0,,,4.0
111,2010,69.0,19.0,12.0,18.0,80.0,2.0
111,2015,63.0,24.0,13.0,19.0,79.0,2.0
111,2020,55.0,24.0,21.0,28.0,67.0,5.0
113,1995,63.0,21.0,16.0,,,6.0
113,2000,61.0,25.0,14.0,,,5.0
113,2005,61.0,22.0,17.0,,,5.0
113,2010,59.0,25.0,16.0,23.0,75.0,2.0
113,2015,60.0,24.0,16.0,23.0,74.0,3.0
113,2020,35.0,40.0,25.0,41.0,55.0,4.0
115,1995,56.0,26.0,18.0,,,6.0
115,2000,57.0,23.0,20.0,,,8.0
115,2005,56.0,22.0,22.0,,,7.0
115,2010,56.0,25.0,19.0,23.0,72.0,5.0
115,2015,58.0,23.0,19.0,22.0,72.0,6.0
115,2020,47.0,29.0,24.0,33.0,58.0,9.0
117,1995,58.0,24.0,18.0,,,6.0
117,2000,59.0,24.0,17.0,,,7.0
117,2005,61.0,20.0,19.0,,,6.0
117,2010,48.0,22.0,30.0,27.0,62.0,11.0
117,2015,48.0,26.0,26.0,25.0,64.0,11.0
117,2020,39.0,21.0,40.0,41.0,48.0,11.0
119,1995,69.0,16.0,15.0,,,5.0
119,2000,67.0,18.0,15.0,,,3.0
119,2005,66.0,18.0,16.0,,,4.0
119,2010,69.0,17.0,14.0,20.0,79.0,1.0
119,2015,70.0,17.0,13.0,20.0,78.0,2.0
119,2020,56.0,27.0,17.0,26.0,69.0,5.0
121,1995,61.0,21.0,18.0,,,5.0
121,2000,56.0,25.0,19.0,,,7.0
121,2005,55.0,25.0,20.0,,,6.0
121,2010,52.0,27.0,21.0,26.0,70.0,4.0
121,2015,57.0,27.0,16.0,23.0,74.0,3.0
121,2020,45.0,40.0,15.0,37.0,57.0,6.0
123,1995,60.0,25.0,15.0,,,3.0
123,2000,59.0,27.0,14.0,,,4.0
123,2005,55.0,28.0,17.0,,,4.0
123,2010,56.0,26.0,18.0,27.0,71.0,2.0
123,2015,55.0,32.0,13.0,20.0,77.0,3.0
123,2020,38.0,42.0,20.0,45.0,49.0,6.0
125,1995,61.0,19.0,23.0,,,8.0
125,2000,55.0,22.0,23.0,,,9.0
125,2005,53.0,23.0,24.0,,,8.0
125,2010,57.0,19.0,24.0,24.0,71.0,5.0
125,2015,57.0,24.0,19.0,20.0,74.0,6.0
125,2020,42.0,37.0,21.0,41.0,53.0,6.0
127,1995,78.0,15.0,7.0,,,3.0
127,2000,75.0,17.0,8.0,,,2.0
127,2005,78.0,15.0,7.0,,,3.0
127,2010,79.0,13.0,8.0,10.0,89.0,1.0
127,2015,81.0,12.0,7.0,5.0,91.0,4.0
127,2020,60.0,19.0,21.0,23.0,73.0,4.0
129,1995,62.0,18.0,20.0,,,9.0
129,2000,61.0,18.0,21.0,,,7.0
129,2005,62.0,20.0,18.0,,,6.0
129,2010,64.0,16.0,20.0,21.0,75.0,4.0
129,2015,61.0,19.0,20.0,21.0,73.0,6.0
129,2020,27.0,35.0,38.0,56.0,35.0,9.0
131,1995,55.0,17.0,28.0,,,8.0
131,2000,55.0,19.0,26.0,,,9.0
131,2005,54.0,19.0,27.0,,,6.0
131,2010,57.0,20.0,23.0,30.0,68.0,2.0
131,2015,58.0,21.0,21.0,25.0,69.0,6.0
131,2020,53.0,24.0,23.0,29.0,65.0,6.0
133,1995,71.0,16.0,13.0,,,4.0
133,2000,67.0,20.0,13.0,,,4.0
133,2005,67.0,19.0,14.0,,,4.0
133,2010,66.0,14.0,20.0,22.0,74.0,4.0
133,2015,67.0,15.0,18.0,22.0,74.0,4.0
133,2020,49.0,22.0,29.0,30.0,60.0,10.0
135,1995,57.0,25.0,18.0,,,6.0
135,2000,56.0,24.0,20.0,,,5.0
135,2005,55.0,26.0,19.0,,,6.0
135,2010,53.0,27.0,20.0,27.0,70.0,3.0
135,2015,54.0,27.0,19.0,28.0,69.0,3.0
135,2020,61.0,24.0,15.0,22.0,73.0,5.0
137,1995,65.0,22.0,13.0,,,2.0
137,2000,66.0,22.0,12.0,,,4.0
137,2005,65.0,21.0,14.0,,,3.0
137,2010,67.0,20.0,13.0,17.0,81.0,2.0
137,2015,65.0,23.0,12.0,18.0,80.0,2.0
137,2020,43.0,32.0,25.0,42.0,54.0,4.0
139,1995,73.0,17.0,10.0,,,2.0
139,2000,69.0,21.0,10.0,,,4.0
139,2005,69.0,19.0,12.0,,,1.0
139,2010,70.0,17.0,13.0,20.0,79.0,1.0
139,2015,64.0,25.0,11.0,23.0,76.0,1.0
139,2020,50.0,21.0,29.0,35.0,61.0,4.0
141,1995,64.0,23.0,13.0,,,4.0
141,2000,63.0,22.0,15.0,,,4.0
141,2005,59.0,26.0,15.0,,,3.0
141,2010,85.0,9.0,6.0,8.0,91.0,1.0
141,2015,83.0,10.0,7.0,9.0,89.0,2.0
141,2020,60.0,22.0,18.0,21.0,75.0,4.0
143,1995,65.0,19.0,16.0,,,7.0
143,2000,61.0,21.0,18.0,,,6.0
143,2005,65.0,19.0,16.0,,,5.0
143,2010,63.0,16.0,21.0,18.0,74.0,8.0
143,2015,65.0,18.0,17.0,15.0,77.0,8.0
143,2020,65.0,20.0,15.0,15.0,79.0,6.0
145,1995,67.0,16.0,17.0,,,4.0
145,2000,63.0,20.0,17.0,,,5.0
145,2005,60.0,23.0,17.0,,,2.0
145,2010,56.0,30.0,14.0,26.0,73.0,1.0
145,2015,64.0,21.0,15.0,22.0,77.0,1.0
145,2020,46.0,36.0,18.0,31.0,58.0,11.0
147,1995,60.0,24.0,16.0,,,4.0
147,2000,66.0,18.0,16.0,,,6.0
147,2005,44.0,29.0,27.0,,,5.0
147,2010,55.0,23.0,22.0,27.0,69.0,4.0
147,2015,56.0,25.0,19.0,29.0,69.0,2.0
147,2020,52.0,31.0,17.0,25.0,65.0,10.0
149,1995,73.0,17.0,10.0,,,1.0
149,2000,74.0,18.0,8.0,,,3.0
149,2005,81.0,14.0,5.0,,,1.0
149,2010,73.0,16.0,11.0,13.0,86.0,1.0
149,2015,72.0,20.0,8.0,11.0,88.0,1.0
149,2020,71.0,16.0,13.0,26.0,70.0,4.0
151,1995,37.0,23.0,40.0,,,12.0
151,2000,40.0,21.0,39.0,,,14.0
151,2005,41.0,23.0,36.0,,,12.0
151,2010,35.0,24.0,41.0,45.0,44.0,11.0
151,2015,42.0,29.0,29.0,43.0,53.0,4.0
151,2020,36.0,23.0,41.0,45.0,45.0,10.0
153,1995,61.0,24.0,15.0,,,5.0
153,2000,55.0,27.0,18.0,,,4.0
153,2005,57.0,29.0,14.0,,,3.0
153,2010,62.0,25.0,13.0,25.0,74.0,1.0
153,2015,67.0,20.0,13.0,24.0,75.0,1.0
153,2020,42.0,39.0,19.0,41.0,53.0,6.0
155,1995,87.0,9.0,4.0,,,1.0
155,2000,86.0,9.0,5.0,,,2.0
155,2005,82.0,12.0,6.0,,,1.0
155,2010,88.0,7.0,5.0,6.0,93.0,1.0
155,2015,91.0,5.0,4.0,6.0,94.0,0.0
155,2020,60.0,31.0,9.0,25.0,73.0,2.0
157,1995,79.0,13.0,8.0,,,3.0
157,2000,85.0,7.0,8.0,,,2.0
157,2005,80.0,12.0,8.0,,,1.0
157,2010,88.0,5.0,7.0,8.0,91.0,1.0
157,2015,84.0,9.0,7.0,10.0,89.0,1.0
157,2020,68.0,19.0,13.0,15.0,83.0,2.0
159,1995,75.0,14.0,11.0,,,1.0
159,2000,75.0,13.0,12.0,,,3.0
159,2005,76.0,14.0,10.0,,,1.0
159,2010,73.0,17.0,10.0,15.0,84.0,1.0
159,2015,79.0,16.0,5.0,9.0,90.0,1.0
159,2020,65.0,26.0,9.0,19.0,79.0,2.0
161,1995,64.0,21.0,15.0,,,5.0
161,2000,69.0,17.0,14.0,,,4.0
161,2005,66.0,18.0,16.0,,,4.0
161,2010,65.0,20.0,15.0,20.0,77.0,3.0
161,2015,67.0,18.0,15.0,19.0,79.0,2.0
161,2020,67.0,20.0,13.0,14.0,81.0,5.0
163,1995,61.0,25.0,14.0,,,5.0
163,2000,62.0,24.0,14.0,,,4.0
163,2005,62.0,24.0,14.0,,,3.0
163,2010,63.0,24.0,13.0,24.0,75.0,1.0
163,2015,67.0,22.0,11.0,23.0,76.0,1.0
163,2020,44.0,35.0,21.0,40.0,55.0,5.0
165,1995,39.0,40.0,21.0,,,4.0
165,2000,40.0,38.0,22.0,,,6.0
165,2005,42.0,39.0,19.0,,,2.0
165,2010,40.0,39.0,21.0,42.0,54.0,4.0
165,2015,36.0,43.0,21.0,47.0,50.0,3.0
165,2020,28.0,44.0,28.0,58.0,37.0,5.0
167,1995,59.0,21.0,20.0,,,7.0
167,2000,62.0,21.0,17.0,,,8.0
167,2005,63.0,18.0,19.0,,,5.0
167,2010,66.0,18.0,16.0,20.0,78.0,2.0
167,2015,73.0,17.0,10.0,15.0,84.0,1.0
167,2020,47.0,36.0,17.0,37.0,59.0,4.0
169,1995,63.0,26.0,11.0,,,4.0
169,2000,61.0,28.0,11.0,,,2.0
169,2005,67.0,22.0,11.0,,,3.0
169,2010,63.0,27.0,10.0,18.0,80.0,2.0
169,2015,63.0,30.0,7.0,18.0,81.0,1.0
169,2020,43.0,36.0,21.0,40.0,55.0,5.0
171,1995,49.0,30.0,21.0,,,3.0
171,2000,46.0,30.0,24.0,,,4.0
171,2005,48.0,32.0,20.0,,,4.0
171,2010,49.0,31.0,20.0,37.0,61.0,2.0
171,2015,51.0,33.0,16.0,34.0,64.0,2.0
171,2020,48.0,37.0,15.0,36.0,60.0,4.0
173,1995,60.0,28.0,12.0,,,2.0
173,2000,58.0,30.0,12.0,,,3.0
173,2005,58.0,31.0,11.0,,,4.0
173,2010,58.0,29.0,13.0,25.0,73.0,2.0
173,2015,63.0,29.0,8.0,20.0,78.0,2.0
173,2020,50.0,35.0,15.0,33.0,63.0,4.0
175,1995,66.0,28.0,6.0,,,1.0
175,2000,68.0,26.0,6.0,,,1.0
175,2005,65.0,29.0,6.0,,,1.0
175,2010,66.0,28.0,6.0,14.0,85.0,1.0
175,2015,68.0,26.0,6.0,12.0,87.0,1.0
175,2020,56.0,29.0,15.0,27.0,69.0,4.0
177,1995,26.0,35.0,39.0,,,8.0
177,2000,28.0,36.0,36.0,,,8.0
177,2005,32.0,31.0,37.0,,,8.0
177,2010,22.0,37.0,41.0,64.0,32.0,4.0
177,2015,28.0,38.0,34.0,61.0,36.0,3.0
177,2020,39.0,38.0,23.0,47.0,49.0,4.0
179,1995,67.0,19.0,14.0,,,5.0
179,2000,73.0,18.0,12.0,,,3.0
179,2005,75.0,14.0,11.0,,,3.0
179,2010,69.0,20.0,11.0,17.0,82.0,1.0
179,2015,61.0,29.0,10.0,15.0,83.0,2.0
179,2020,57.0,32.0,11.0,25.0,71.0,4.0
181,1995,61.0,19.0,20.0,,,6.0
181,2000,60.0,21.0,19.0,,,6.0
181,2005,64.0,20.0,16.0,,,4.0
181,2010,63.0,22.0,15.0,24.0,75.0,1.0
181,2015,61.0,27.0,12.0,23.0,76.0,1.0
181,2020,52.0,31.0,17.0,32.0,64.0,4.0
183,1995,53.0,28.0,19.0,,,5.0
183,2000,56.0,26.0,18.0,,,4.0
183,2005,60.0,27.0,13.0,,,5.0
183,2010,56.0,27.0,17.0,31.0,67.0,2.0
183,2015,57.0,30.0,13.0,28.0,69.0,3.0
183,2020,49.0,34.0,17.0,33.0,61.0,6.0
187,1995,17.0,46.0,37.0,,,6.0
187,2000,16.0,44.0,40.0,,,6.0
187,2005,16.0,49.0,35.0,,,2.0
187,2010,13.0,51.0,36.0,73.0,24.0,3.0
187,2015,15.0,50.0,35.0,68.0,27.0,5.0
187,2020,20.0,57.0,23.0,68.0,28.0,4.0
189,1995,17.0,46.0,37.0,,,7.0
189,2000,25.0,42.0,33.0,,,5.0
189,2005,22.0,43.0,35.0,,,5.0
189,2010,14.0,51.0,35.0,70.0,27.0,3.0
189,2015,15.0,55.0,30.0,67.0,29.0,4.0
189,2020,22.0,35.0,43.0,63.0,29.0,8.0
191,1995,21.0,49.0,30.0,,,6.0
191,2000,18.0,47.0,35.0,,,8.0
191,2005,14.0,55.0,31.0,,,4.0
191,2010,22.0,48.0,30.0,60.0,37.0,3.0
191,2015,25.0,48.0,27.0,55.0,40.0,5.0
191,2020,20.0,49.0,31.0,67.0,28.0,5.0
193,1995,32.0,20.0,48.0,,,18.0
193,2000,30.0,20.0,50.0,,,21.0
193,2005,31.0,19.0,50.0,,,18.0
193,2010,26.0,21.0,53.0,48.0,36.0,16.0
193,2015,34.0,24.0,42.0,42.0,44.0,14.0
193,2020,53.0,20.0,27.0,27.0,65.0,8.0
195,1995,36.0,21.0,43.0,,,21.0
195,2000,35.0,20.0,45.0,,,24.0
195,2005,34.0,26.0,40.0,,,18.0
195,2010,30.0,22.0,48.0,39.0,41.0,20.0
195,2015,38.0,25.0,37.0,36.0,48.0,16.0
195,2020,58.0,28.0,14.0,25.0,71.0,4.0
197,1995,11.0,52.0,37.0,,,7.0
197,2000,10.0,51.0,39.0,,,10.0
197,2005,9.0,50.0,41.0,,,13.0
197,2010,9.0,51.0,40.0,75.0,20.0,5.0
197,2015,9.0,57.0,34.0,70.0,22.0,8.0
197,2020,29.0,39.0,32.0,55.0,38.0,7.0
199,1995,73.0,14.0,13.0,,,4.0
199,2000,67.0,18.0,15.0,,,4.0
199,2005,84.0,5.0,11.0,,,3.0
199,2010,74.0,12.0,14.0,15.0,82.0,3.0
199,2015,75.0,16.0,9.0,13.0,85.0,2.0
199,2020,64.0,20.0,16.0,17.0,77.0,6.0
201,1995,83.0,10.0,7.0,,,2.0
201,2000,80.0,10.0,10.0,,,3.0
201,2005,75.0,15.0,10.0,,,3.0
201,2010,83.0,7.0,10.0,9.0,89.0,2.0
201,2015,79.0,11.0,10.0,12.0,86.0,2.0
201,2020,65.0,24.0,11.0,17.0,79.0,4.0
203,1995,81.0,11.0,8.0,,,1.0
203,2000,77.0,13.0,10.0,,,3.0
203,2005,76.0,16.0,8.0,,,2.0
203,2010,77.0,10.0,13.0,14.0,85.0,1.0
203,2015,75.0,17.0,8.0,14.0,85.0,1.0
203,2020,37.0,22.0,41.0,44.0,45.0,11.0
205,1995,69.0,16.0,15.0,,,5.0
205,2000,70.0,16.0,14.0,,,3.0
205,2005,72.0,17.0,11.0,,,3.0
205,2010,71.0,15.0,14.0,18.0,80.0,2.0
205,2015,73.0,16.0,11.0,14.0,84.0,2.0
205,2020,52.0,33.0,15.0,30.0,65.0,5.0
207,1995,8.0,44.0,48.0,,,9.0
207,2000,8.0,41.0,51.0,,,11.0
207,2005,5.0,48.0,47.0,,,8.0
207,2010,5.0,44.0,51.0,78.0,14.0,8.0
207,2015,4.0,50.0,46.0,78.0,14.0,8.0
207,2020,25.0,48.0,27.0,57.0,33.0,10.0
209,1995,7.0,44.0,49.0,,,8.0
209,2000,10.0,42.0,48.0,,,9.0
209,2005,10.0,46.0,44.0,,,6.0
209,2010,10.0,44.0,46.0,75.0,19.0,6.0
209,2015,11.0,49.0,40.0,75.0,20.0,5.0
209,2020,22.0,31.0,47.0,62.0,28.0,10.0
211,1995,36.0,47.0,17.0,,,5.0
211,2000,38.0,44.0,18.0,,,4.0
211,2005,32.0,48.0,20.0,,,5.0
211,2010,56.0,22.0,22.0,30.0,68.0,2.0
211,2015,63.0,20.0,17.0,23.0,73.0,4.0
211,2020,46.0,37.0,17.0,36.0,59.0,5.0
213,1995,70.0,16.0,14.0,,,4.0
213,2000,68.0,18.0,14.0,,,3.0
213,2005,71.0,15.0,14.0,,,2.0
213,2010,70.0,16.0,14.0,18.0,80.0,2.0
213,2015,69.0,20.0,11.0,15.0,83.0,2.0
213,2020,31.0,36.0,33.0,54.0,40.0,6.0
215,1995,61.0,21.0,18.0,,,5.0
215,2000,62.0,20.0,18.0,,,5.0
215,2005,61.0,20.0,19.0,,,4.0
215,2010,60.0,22.0,18.0,25.0,72.0,3.0
215,2015,33.0,51.0,16.0,22.0,75.0,3.0
215,2020,64.0,23.0,13.0,17.0,80.0,3.0
217,1995,81.0,11.0,8.0,,,2.0
217,2000,86.0,7.0,7.0,,,3.0
217,2005,84.0,9.0,7.0,,,2.0
217,2010,69.0,14.0,17.0,19.0,76.0,5.0
217,2015,65.0,18.0,17.0,19.0,75.0,6.0
217,2020,47.0,34.0,19.0,36.0,59.0,5.0
219,1995,63.0,23.0,14.0,,,4.0
219,2000,62.0,22.0,16.0,,,5.0
219,2005,61.0,24.0,15.0,,,4.0
219,2010,56.0,26.0,18.0,25.0,71.0,4.0
219,2015,56.0,27.0,17.0,24.0,71.0,5.0
219,2020,56.0,25.0,19.0,27.0,69.0,4.0
221,1995,50.0,30.0,20.0,,,5.0
221,2000,51.0,31.0,18.0,,,3.0
221,2005,48.0,31.0,21.0,,,3.0
221,2010,50.0,30.0,20.0,33.0,65.0,2.0
221,2015,51.0,37.0,12.0,27.0,72.0,1.0
221,2020,44.0,33.0,23.0,41.0,55.0,4.0
223,1995,48.0,32.0,20.0,,,3.0
223,2000,44.0,35.0,21.0,,,4.0
223,2005,45.0,33.0,22.0,,,3.0
223,2010,45.0,36.0,19.0,42.0,57.0,1.0
223,2015,43.0,35.0,22.0,44.0,54.0,2.0
223,2020,40.0,29.0,31.0,44.0,50.0,6.0
225,1995,78.0,14.0,8.0,,,3.0
225,2000,83.0,10.0,7.0,,,2.0
225,2005,79.0,14.0,7.0,,,1.0
225,2010,83.0,11.0,6.0,9.0,90.0,1.0
225,2015,78.0,15.0,7.0,12.0,87.0,1.0
225,2020,61.0,24.0,15.0,21.0,75.0,4.0
229,1995,18.0,59.0,23.0,,,3.0
229,2000,16.0,60.0,24.0,,,3.0
229,2005,17.0,58.0,25.0,,,4.0
229,2010,14.0,62.0,24.0,66.0,32.0,2.0
229,2015,14.0,65.0,21.0,61.0,36.0,3.0
229,2020,57.0,18.0,25.0,23.0,69.0,8.0
231,1995,82.0,12.0,6.0,,,3.0
231,2000,79.0,15.0,6.0,,,2.0
231,2005,78.0,13.0,9.0,,,2.0
231,2010,81.0,11.0,8.0,10.0,89.0,1.0
231,2015,81.0,10.0,9.0,7.0,90.0,3.0
231,2020,60.0,27.0,13.0,23.0,73.0,4.0
233,1995,62.0,22.0,16.0,,,6.0
233,2000,59.0,26.0,15.0,,,4.0
233,2005,66.0,21.0,13.0,,,4.0
233,2010,73.0,11.0,16.0,19.0,79.0,2.0
233,2015,74.0,14.0,12.0,16.0,80.0,4.0
233,2020,56.0,23.0,21.0,27.0,69.0,4.0
235,1995,63.0,17.0,20.0,,,7.0
235,2000,65.0,18.0,17.0,,,6.0
235,2005,64.0,20.0,16.0,,,4.0
235,2010,65.0,16.0,19.0,20.0,76.0,4.0
235,2015,64.0,22.0,14.0,18.0,77.0,5.0
235,2020,57.0,25.0,18.0,28.0,69.0,3.0
237,1995,44.0,37.0,19.0,,,6.0
237,2000,42.0,38.0,20.0,,,5.0
237,2005,43.0,39.0,18.0,,,3.0
237,2010,45.0,36.0,19.0,36.0,61.0,3.0
237,2015,45.0,40.0,15.0,35.0,63.0,2.0
237,2020,31.0,44.0,25.0,55.0,41.0,4.0
239,1995,49.0,31.0,20.0,,,5.0
239,2000,55.0,28.0,17.0,,,4.0
239,2005,55.0,27.0,18.0,,,3.0
239,2010,58.0,26.0,16.0,29.0,67.0,4.0
239,2015,55.0,29.0,16.0,32.0,66.0,2.0
239,2020,50.0,29.0,21.0,35.0,61.0,4.0
241,1995,65.0,16.0,19.0,,,5.0
241,2000,64.0,18.0,18.0,,,6.0
241,2005,65.0,16.0,19.0,,,4.0
241,2010,66.0,15.0,19.0,22.0,76.0,2.0
241,2015,63.0,21.0,16.0,21.0,76.0,3.0
241,2020,62.0,19.0,19.0,17.0,75.0,8.0
243,1995,93.0,3.0,4.0,,,1.0
243,2000,92.0,4.0,4.0,,,2.0
243,2005,93.0,3.0,4.0,,,1.0
243,2010,90.0,3.0,7.0,6.0,93.0,1.0
243,2015,93.0,4.0,3.0,4.0,95.0,1.0
243,2020,66.0,24.0,10.0,17.0,81.0,2.0
245,1995,64.0,24.0,12.0,,,2.0
245,2000,64.0,25.0,11.0,,,2.0
245,2005,55.0,30.0,15.0,,,1.0
245,2010,67.0,21.0,12.0,23.0,76.0,1.0
245,2015,64.0,24.0,12.0,25.0,72.0,3.0
245,2020,47.0,38.0,15.0,37.0,59.0,4.0
247,1995,69.0,14.0,17.0,,,7.0
247,2000,68.0,16.0,16.0,,,4.0
247,2005,63.0,17.0,20.0,,,4.0
247,2010,64.0,15.0,21.0,25.0,73.0,2.0
247,2015,64.0,17.0,19.0,23.0,73.0,4.0
247,2020,52.0,27.0,21.0,29.0,64.0,7.0
249,1995,58.0,21.0,21.0,,,9.0
249,2000,56.0,21.0,23.0,,,7.0
249,2005,61.0,20.0,19.0,,,4.0
249,2010,60.0,19.0,21.0,26.0,72.0,2.0
249,2015,63.0,22.0,15.0,22.0,75.0,3.0
249,2020,51.0,28.0,21.0,32.0,63.0,5.0
251,1995,63.0,14.0,23.0,,,6.0
251,2000,63.0,17.0,20.0,,,4.0
251,2005,63.0,19.0,18.0,,,5.0
251,2010,67.0,14.0,19.0,21.0,77.0,2.0
251,2015,66.0,19.0,15.0,20.0,78.0,2.0
251,2020,58.0,23.0,19.0,24.0,71.0,5.0
253,1995,49.0,32.0,19.0,,,3.0
253,2000,51.0,33.0,16.0,,,3.0
253,2005,49.0,34.0,17.0,,,1.0
253,2010,44.0,38.0,18.0,39.0,60.0,1.0
253,2015,51.0,35.0,14.0,37.0,61.0,2.0
253,2020,40.0,41.0,19.0,44.0,51.0,5.0
255,1995,40.0,37.0,23.0,,,6.0
255,2000,39.0,38.0,23.0,,,5.0
255,2005,38.0,42.0,20.0,,,4.0
255,2010,38.0,40.0,22.0,42.0,56.0,2.0
255,2015,40.0,42.0,18.0,42.0,56.0,2.0
255,2020,39.0,38.0,23.0,47.0,49.0,4.0
257,1995,73.0,15.0,12.0,,,2.0
257,2000,69.0,20.0,11.0,,,3.0
257,2005,78.0,11.0,11.0,,,4.0
257,2010,77.0,15.0,8.0,12.0,87.0,1.0
257,2015,75.0,17.0,8.0,13.0,85.0,2.0
257,2020,61.0,25.0,14.0,21.0,75.0,4.0
259,1995,63.0,19.0,18.0,,,6.0
259,2000,61.0,20.0,19.0,,,7.0
259,2005,58.0,23.0,19.0,,,5.0
259,2010,57.0,23.0,20.0,28.0,70.0,2.0
259,2015,59.0,26.0,15.0,25.0,74.0,1.0
259,2020,44.0,37.0,19.0,40.0,55.0,5.0
261,1995,69.0,15.0,16.0,,,7.0
261,2000,66.0,17.0,17.0,,,5.0
261,2005,72.0,16.0,12.0,,,4.0
261,2010,71.0,15.0,14.0,18.0,80.0,2.0
261,2015,70.0,17.0,13.0,16.0,82.0,2.0
261,2020,56.0,25.0,19.0,27.0,69.0,4.0
263,1995,30.0,46.0,24.0,,,8.0
263,2000,32.0,44.0,24.0,,,8.0
263,2005,28.0,48.0,24.0,,,5.0
263,2010,33.0,44.0,23.0,47.0,46.0,7.0
263,2015,31.0,51.0,18.0,48.0,47.0,5.0
263,2020,40.0,35.0,25.0,43.0,51.0,6.0
265,1995,56.0,28.0,16.0,,,2.0
265,2000,57.0,29.0,14.0,,,3.0
265,2005,66.0,21.0,13.0,,,1.0
265,2010,65.0,24.0,11.0,24.0,74.0,2.0
265,2015,67.0,22.0,11.0,21.0,75.0,4.0
265,2020,47.0,36.0,17.0,37.0,59.0,4.0
267,1995,62.0,24.0,14.0,,,4.0
267,2000,64.0,21.0,15.0,,,4.0
267,2005,59.0,25.0,16.0,,,3.0
267,2010,60.0,23.0,17.0,24.0,74.0,2.0
267,2015,65.0,21.0,14.0,22.0,76.0,2.0
267,2020,47.0,34.0,19.0,37.0,59.0,4.0
269,1995,41.0,46.0,13.0,,,5.0
269,2000,41.0,44.0,15.0,,,5.0
269,2005,43.0,45.0,12.0,,,4.0
269,2010,37.0,42.0,21.0,32.0,64.0,4.0
269,2015,38.0,46.0,16.0,32.0,65.0,3.0
269,2020,23.0,54.0,23.0,61.0,32.0,7.0
271,1995,76.0,14.0,10.0,,,5.0
271,2000,72.0,18.0,10.0,,,4.0
271,2005,70.0,18.0,12.0,,,4.0
271,2010,74.0,13.0,13.0,15.0,83.0,2.0
271,2015,75.0,14.0,11.0,14.0,84.0,2.0
271,2020,52.0,33.0,15.0,31.0,65.0,4.0
273,1995,72.0,18.0,10.0,,,3.0
273,2000,77.0,14.0,9.0,,,2.0
273,2005,78.0,12.0,10.0,,,3.0
273,2010,84.0,8.0,8.0,12.0,87.0,1.0
273,2015,56.0,28.0,16.0,26.0,70.0,4.0
273,2020,57.0,23.0,20.0,22.0,70.0,8.0
275,1995,73.0,17.0,10.0,,,2.0
275,2000,71.0,19.0,10.0,,,3.0
275,2005,71.0,20.0,9.0,,,1.0
275,2010,73.0,15.0,12.0,17.0,81.0,2.0
275,2015,71.0,19.0,10.0,21.0,78.0,1.0
275,2020,56.0,29.0,15.0,29.0,69.0,2.0
277,1995,6.0,70.0,24.0,,,6.0
277,2000,8.0,66.0,26.0,,,4.0
277,2005,9.0,65.0,26.0,,,4.0
277,2010,8.0,67.0,25.0,77.0,20.0,3.0
277,2015,10.0,69.0,21.0,69.0,28.0,3.0
277,2020,29.0,50.0,21.0,57.0,38.0,5.0
279,1995,18.0,52.0,30.0,,,5.0
279,2000,24.0,48.0,28.0,,,4.0
279,2005,22.0,52.0,26.0,,,4.0
279,2010,23.0,49.0,28.0,58.0,37.0,5.0
279,2015,24.0,50.0,26.0,57.0,40.0,3.0
279,2020,25.0,40.0,35.0,63.0,33.0,4.0
281,1995,1.0,59.0,40.0,,,8.0
281,2000,7.0,56.0,37.0,,,6.0
281,2005,3.0,60.0,37.0,,,4.0
281,2010,6.0,53.0,41.0,81.0,15.0,4.0
281,2015,8.0,55.0,37.0,76.0,17.0,7.0
281,2020,28.0,28.0,44.0,55.0,35.0,10.0
283,1995,24.0,39.0,37.0,,,13.0
283,2000,31.0,34.0,35.0,,,14.0
283,2005,29.0,35.0,36.0,,,8.0
283,2010,28.0,35.0,37.0,58.0,37.0,5.0
283,2015,24.0,40.0,36.0,61.0,33.0,6.0
283,2020,41.0,24.0,35.0,39.0,51.0,10.0
285,1995,2.0,57.0,41.0,,,7.0
285,2000,4.0,55.0,41.0,,,9.0
285,2005,4.0,58.0,38.0,,,6.0
285,2010,2.0,52.0,46.0,82.0,11.0,7.0
285,2015,5.0,54.0,41.0,79.0,15.0,6.0
285,2020,17.0,39.0,44.0,64.0,23.0,13.0
287,1995,76.0,14.0,10.0,,,1.0
287,2000,70.0,20.0,10.0,,,1.0
287,2005,71.0,19.0,10.0,,,1.0
287,2010,71.0,16.0,13.0,21.0,78.0,1.0
287,2015,70.0,22.0,8.0,18.0,80.0,2.0
287,2020,60.0,27.0,13.0,23.0,73.0,4.0
289,1995,64.0,24.0,12.0,,,2.0
289,2000,63.0,23.0,11.0,,,2.0
289,2005,66.0,24.0,10.0,,,1.0
289,2010,55.0,29.0,16.0,32.0,67.0,1.0
289,2015,53.0,32.0,15.0,30.0,68.0,2.0
289,2020,47.0,32.0,21.0,37.0,59.0,4.0
291,1995,30.0,41.0,29.0,,,6.0
291,2000,28.0,43.0,30.0,,,6.0
291,2005,26.0,47.0,27.0,,,3.0
291,2010,48.0,30.0,22.0,42.0,57.0,1.0
291,2015,47.0,36.0,17.0,38.0,59.0,3.0
291,2020,45.0,24.0,31.0,40.0,55.0,5.0
295,1995,30.0,42.0,28.0,,,5.0
295,2000,32.0,43.0,25.0,,,4.0
295,2005,30.0,42.0,28.0,,,4.0
295,2010,37.0,37.0,26.0,51.0,47.0,2.0
295,2015,41.0,35.0,24.0,47.0,50.0,3.0
295,2020,33.0,34.0,33.0,52.0,42.0,6.0
297,1995,73.0,17.0,10.0,,,1.0
297,2000,78.0,12.0,10.0,,,2.0
297,2005,86.0,7.0,7.0,,,1.0
297,2010,73.0,13.0,14.0,20.0,79.0,1.0
297,2015,82.0,11.0,7.0,10.0,87.0,3.0
297,2020,60.0,23.0,17.0,23.0,73.0,4.0
299,1995,6.0,9.0,85.0,,,36.0
299,2000,10.0,10.0,80.0,,,32.0
299,2005,10.0,10.0,80.0,,,29.0
299,2010,8.0,14.0,78.0,63.0,12.0,25.0
299,2015,10.0,14.0,76.0,60.0,13.0,27.0
299,2020,41.0,28.0,31.0,38.0,52.0,10.0
301,1995,21.0,41.0,38.0,,,4.0
301,2000,23.0,41.0,36.0,,,5.0
301,2005,22.0,44.0,34.0,,,7.0
301,2010,33.0,44.0,23.0,50.0,49.0,1.0
301,2015,37.0,39.0,24.0,49.0,49.0,2.0
301,2020,65.0,22.0,13.0,17.0,79.0,4.0
303,1995,33.0,25.0,42.0,,,9.0
303,2000,28.0,28.0,44.0,,,7.0
303,2005,23.0,34.0,43.0,,,10.0
303,2010,30.0,31.0,39.0,55.0,41.0,4.0
303,2015,26.0,36.0,38.0,62.0,35.0,3.0
303,2020,60.0,25.0,15.0,23.0,73.0,4.0
305,1995,36.0,21.0,43.0,,,13.0
305,2000,38.0,19.0,43.0,,,14.0
305,2005,41.0,18.0,41.0,,,14.0
305,2010,40.0,27.0,33.0,36.0,60.0,4.0
305,2015,41.0,26.0,33.0,46.0,49.0,5.0
305,2020,61.0,24.0,15.0,21.0,75.0,4.0
307,1995,25.0,33.0,42.0,,,11.0
307,2000,24.0,34.0,42.0,,,9.0
307,2005,21.0,38.0,41.0,,,8.0
307,2010,27.0,31.0,42.0,52.0,38.0,10.0
307,2015,25.0,39.0,36.0,58.0,35.0,7.0
307,2020,27.0,48.0,25.0,56.0,36.0,8.0
311,1995,16.0,38.0,46.0,,,15.0
311,2000,23.0,34.0,43.0,,,12.0
311,2005,20.0,30.0,50.0,,,12.0
311,2010,19.0,42.0,39.0,65.0,31.0,4.0
311,2015,23.0,47.0,30.0,58.0,35.0,7.0
311,2020,45.0,28.0,27.0,39.0,55.0,6.0
313,1995,41.0,26.0,33.0,,,7.0
313,2000,35.0,30.0,35.0,,,8.0
313,2005,30.0,33.0,37.0,,,7.0
313,2010,43.0,26.0,31.0,46.0,51.0,3.0
313,2015,45.0,28.0,27.0,44.0,52.0,4.0
313,2020,44.0,31.0,25.0,38.0,55.0,7.0
315,1995,22.0,42.0,36.0,,,7.0
315,2000,17.0,45.0,38.0,,,8.0
315,2005,19.0,41.0,40.0,,,6.0
315,2010,14.0,35.0,51.0,70.0,24.0,6.0
315,2015,13.0,41.0,46.0,73.0,22.0,5.0
315,2020,15.0,38.0,47.0,72.0,20.0,8.0
317,1995,10.0,26.0,64.0,,,18.0
317,2000,14.0,27.0,59.0,,,15.0
317,2005,12.0,30.0,58.0,,,16.0
317,2010,29.0,34.0,37.0,57.0,41.0,2.0
317,2015,17.0,39.0,44.0,69.0,28.0,3.0
317,2020,30.0,28.0,42.0,52.0,38.0,10.0
319,1995,8.0,42.0,50.0,,,8.0
319,2000,8.0,40.0,52.0,,,8.0
319,2005,5.0,48.0,47.0,,,5.0
319,2010,6.0,44.0,50.0,80.0,14.0,6.0
319,2015,7.0,46.0,47.0,81.0,14.0,5.0
319,2020,23.0,26.0,51.0,62.0,30.0,8.0
321,1995,46.0,28.0,26.0,,,5.0
321,2000,43.0,32.0,25.0,,,4.0
321,2005,49.0,28.0,23.0,,,4.0
321,2010,43.0,30.0,27.0,42.0,55.0,3.0
321,2015,43.0,34.0,23.0,42.0,56.0,2.0
321,2020,45.0,32.0,23.0,41.0,55.0,4.0
323,1995,90.0,5.0,5.0,,,1.0
323,2000,86.0,7.0,7.0,,,2.0
323,2005,86.0,7.0,7.0,,,1.0
323,2010,87.0,4.0,9.0,8.0,90.0,2.0
323,2015,89.0,4.0,7.0,5.0,91.0,4.0
323,2020,66.0,21.0,13.0,17.0,81.0,2.0
325,1995,63.0,17.0,20.0,,,7.0
325,2000,68.0,16.0,16.0,,,5.0
325,2005,54.0,24.0,22.0,,,6.0
325,2010,61.0,17.0,22.0,27.0,69.0,4.0
325,2015,60.0,21.0,19.0,28.0,69.0,3.0
325,2020,46.0,27.0,27.0,37.0,57.0,6.0
327,1995,68.0,16.0,16.0,,,5.0
327,2000,69.0,16.0,15.0,,,3.0
327,2005,69.0,15.0,16.0,,,4.0
327,2010,69.0,17.0,14.0,18.0,80.0,2.0
327,2015,70.0,21.0,9.0,15.0,83.0,2.0
327,2020,41.0,42.0,17.0,46.0,52.0,2.0
329,1995,54.0,22.0,24.0,,,7.0
329,2000,56.0,21.0,23.0,,,6.0
329,2005,55.0,21.0,24.0,,,5.0
329,2010,57.0,18.0,25.0,30.0,65.0,5.0
329,2015,60.0,16.0,24.0,27.0,68.0,5.0
329,2020,56.0,27.0,17.0,27.0,69.0,4.0
331,1995,61.0,19.0,20.0,,,3.0
331,2000,64.0,17.0,19.0,,,3.0
331,2005,64.0,14.0,22.0,,,2.0
331,2010,62.0,18.0,20.0,28.0,70.0,2.0
331,2015,63.0,19.0,18.0,30.0,69.0,1.0
331,2020,52.0,29.0,19.0,29.0,65.0,6.0
333,1995,40.0,22.0,38.0,,,10.0
333,2000,43.0,23.0,34.0,,,7.0
333,2005,33.0,28.0,39.0,,,6.0
333,2010,45.0,23.0,32.0,41.0,54.0,5.0
333,2015,48.0,24.0,28.0,39.0,55.0,6.0
333,2020,51.0,29.0,20.0,30.0,63.0,7.0
335,1995,32.0,18.0,50.0,,,19.0
335,2000,31.0,19.0,50.0,,,20.0
335,2005,33.0,20.0,47.0,,,18.0
335,2010,29.0,20.0,51.0,47.0,35.0,18.0
335,2015,32.0,18.0,50.0,44.0,37.0,19.0
335,2020,32.0,26.0,42.0,47.0,40.0,13.0
337,1995,33.0,32.0,35.0,,,7.0
337,2000,33.0,34.0,33.0,,,5.0
337,2005,34.0,30.0,36.0,,,7.0
337,2010,36.0,33.0,31.0,51.0,45.0,4.0
337,2015,39.0,35.0,26.0,49.0,48.0,3.0
337,2020,26.0,26.0,48.0,55.0,33.0,12.0
339,1995,38.0,31.0,31.0,,,6.0
339,2000,45.0,28.0,27.0,,,4.0
339,2005,47.0,27.0,26.0,,,4.0
339,2010,44.0,29.0,27.0,46.0,52.0,2.0
339,2015,47.0,32.0,21.0,41.0,57.0,2.0
339,2020,53.0,28.0,19.0,33.0,65.0,2.0
341,1995,72.0,16.0,12.0,,,3.0
341,2000,66.0,21.0,13.0,,,2.0
341,2005,64.0,21.0,15.0,,,2.0
341,2010,63.0,23.0,14.0,24.0,75.0,1.0
341,2015,68.0,19.0,13.0,17.0,80.0,3.0
341,2020,61.0,26.0,13.0,23.0,73.0,4.0
343,1995,85.0,7.0,8.0,,,1.0
343,2000,82.0,8.0,10.0,,,2.0
343,2005,81.0,9.0,10.0,,,2.0
343,2010,66.0,14.0,20.0,25.0,72.0,3.0
343,2015,69.0,19.0,12.0,18.0,79.0,3.0
343,2020,56.0,21.0,23.0,22.0,69.0,9.0
345,1995,69.0,10.0,21.0,,,6.0
345,2000,70.0,11.0,19.0,,,8.0
345,2005,67.0,10.0,23.0,,,6.0
345,2010,65.0,12.0,23.0,22.0,69.0,9.0
345,2015,69.0,15.0,16.0,17.0,77.0,6.0
345,2020,66.0,20.0,14.0,16.0,80.0,4.0
347,1995,42.0,33.0,25.0,,,6.0
347,2000,41.0,36.0,23.0,,,4.0
347,2005,43.0,36.0,21.0,,,3.0
347,2010,28.0,41.0,31.0,49.0,46.0,5.0
347,2015,25.0,46.0,29.0,56.0,39.0,5.0
347,2020,27.0,44.0,29.0,60.0,36.0,4.0
349,1995,9.0,56.0,35.0,,,5.0
349,2000,5.0,58.0,37.0,,,8.0
349,2005,7.0,56.0,37.0,,,5.0
349,2010,5.0,58.0,37.0,77.0,17.0,6.0
349,2015,3.0,60.0,37.0,79.0,14.0,7.0
349,2020,21.0,39.0,40.0,60.0,28.0,12.0
351,1995,9.0,48.0,43.0,,,6.0
351,2000,6.0,54.0,40.0,,,6.0
351,2005,4.0,54.0,42.0,,,4.0
351,2010,6.0,48.0,46.0,81.0,14.0,5.0
351,2015,6.0,50.0,44.0,83.0,13.0,4.0
351,2020,40.0,37.0,23.0,47.0,50.0,3.0
353,1995,16.0,50.0,34.0,,,6.0
353,2000,12.0,53.0,35.0,,,6.0
353,2005,12.0,50.0,38.0,,,4.0
353,2010,9.0,54.0,37.0,74.0,21.0,5.0
353,2015,9.0,56.0,35.0,75.0,21.0,4.0
353,2020,17.0,50.0,33.0,72.0,24.0,4.0
355,1995,6.0,50.0,44.0,,,8.0
355,2000,4.0,51.0,45.0,,,11.0
355,2005,5.0,53.0,42.0,,,8.0
355,2010,3.0,54.0,43.0,78.0,14.0,8.0
355,2015,3.0,55.0,42.0,80.0,11.0,9.0
355,2020,5.0,36.0,59.0,80.0,9.0,11.0
357,1995,51.0,26.0,23.0,,,6.0
357,2000,49.0,26.0,25.0,,,7.0
357,2005,45.0,31.0,24.0,,,5.0
357,2010,48.0,27.0,25.0,39.0,57.0,4.0
357,2015,46.0,29.0,25.0,35.0,58.0,7.0
357,2020,65.0,22.0,13.0,19.0,79.0,2.0
359,1995,41.0,34.0,25.0,,,8.0
359,2000,39.0,33.0,28.0,,,7.0
359,2005,41.0,31.0,28.0,,,6.0
359,2010,31.0,39.0,30.0,50.0,43.0,7.0
359,2015,38.0,41.0,21.0,48.0,51.0,1.0
359,2020,47.0,36.0,17.0,37.0,59.0,4.0
361,1995,59.0,20.0,21.0,,,5.0
361,2000,56.0,24.0,20.0,,,4.0
361,2005,56.0,23.0,21.0,,,3.0
361,2010,57.0,26.0,17.0,30.0,67.0,3.0
361,2015,64.0,22.0,14.0,28.0,71.0,1.0
361,2020,50.0,26.0,24.0,35.0,61.0,4.0
363,1995,46.0,27.0,27.0,,,12.0
363,2000,44.0,26.0,30.0,,,12.0
363,2005,44.0,27.0,29.0,,,11.0
363,2010,41.0,31.0,28.0,40.0,53.0,7.0
363,2015,45.0,29.0,26.0,36.0,57.0,7.0
363,2020,20.0,55.0,25.0,62.0,28.0,10.0
365,1995,48.0,15.0,37.0,,,10.0
365,2000,46.0,15.0,39.0,,,13.0
365,2005,48.0,15.0,37.0,,,11.0
365,2010,16.0,19.0,65.0,55.0,23.0,22.0
365,2015,15.0,19.0,66.0,53.0,22.0,25.0
365,2020,61.0,24.0,15.0,19.0,75.0,6.0
367,1995,64.0,21.0,15.0,,,6.0
367,2000,67.0,20.0,13.0,,,4.0
367,2005,67.0,18.0,15.0,,,3.0
367,2010,66.0,19.0,15.0,25.0,74.0,1.0
367,2015,64.0,24.0,12.0,24.0,74.0,2.0
367,2020,51.0,28.0,21.0,33.0,63.0,4.0
369,1995,86.0,7.0,7.0,,,3.0
369,2000,87.0,5.0,8.0,,,2.0
369,2005,85.0,6.0,9.0,,,2.0
369,2010,82.0,8.0,10.0,11.0,87.0,2.0
369,2015,83.0,9.0,8.0,11.0,87.0,2.0
369,2020,65.0,21.0,14.0,17.0,79.0,4.0
371,1995,54.0,18.0,28.0,,,8.0
371,2000,61.0,15.0,24.0,,,6.0
371,2005,51.0,18.0,31.0,,,7.0
371,2010,34.0,18.0,48.0,40.0,41.0,19.0
371,2015,41.0,14.0,45.0,35.0,45.0,20.0
371,2020,61.0,24.0,15.0,20.0,75.0,5.0
373,1995,15.0,60.0,25.0,,,6.0
373,2000,13.0,60.0,27.0,,,9.0
373,2005,13.0,60.0,27.0,,,5.0
373,2010,13.0,64.0,23.0,62.0,35.0,3.0
373,2015,14.0,67.0,19.0,64.0,33.0,3.0
373,2020,31.0,44.0,25.0,51.0,40.0,9.0
375,1995,9.0,58.0,33.0,,,12.0
375,2000,8.0,58.0,34.0,,,12.0
375,2005,9.0,55.0,36.0,,,11.0
375,2010,7.0,58.0,35.0,68.0,19.0,13.0
375,2015,9.0,59.0,32.0,67.0,20.0,13.0
375,2020,39.0,36.0,25.0,40.0,49.0,11.0
377,1995,32.0,22.0,46.0,,,17.0
377,2000,33.0,25.0,42.0,,,21.0
377,2005,26.0,30.0,44.0,,,20.0
377,2010,34.0,19.0,47.0,39.0,41.0,20.0
377,2015,35.0,20.0,45.0,38.0,43.0,19.0
377,2020,38.0,33.0,29.0,42.0,48.0,10.0
379,1995,68.0,21.0,11.0,,,3.0
379,2000,69.0,20.0,11.0,,,5.0
379,2005,69.0,20.0,11.0,,,2.0
379,2010,67.0,19.0,14.0,22.0,76.0,2.0
379,2015,66.0,22.0,12.0,21.0,76.0,3.0
379,2020,55.0,22.0,23.0,29.0,67.0,4.0
381,1995,6.0,57.0,37.0,,,7.0
381,2000,7.0,57.0,36.0,,,11.0
381,2005,8.0,59.0,33.0,,,9.0
381,2010,7.0,60.0,33.0,78.0,19.0,3.0
381,2015,5.0,62.0,33.0,73.0,19.0,8.0
381,2020,26.0,36.0,38.0,61.0,34.0,5.0
383,1995,62.0,16.0,22.0,,,8.0
383,2000,61.0,17.0,22.0,,,10.0
383,2005,60.0,17.0,23.0,,,7.0
383,2010,61.0,16.0,23.0,25.0,70.0,5.0
383,2015,63.0,18.0,19.0,23.0,72.0,5.0
383,2020,53.0,32.0,15.0,28.0,66.0,6.0
385,1995,76.0,13.0,11.0,,,5.0
385,2000,74.0,15.0,11.0,,,4.0
385,2005,79.0,12.0,9.0,,,3.0
385,2010,78.0,12.0,10.0,13.0,84.0,3.0
385,2015,73.0,18.0,9.0,15.0,83.0,2.0
385,2020,57.0,24.0,19.0,26.0,70.0,4.0
387,1995,22.0,48.0,30.0,,,7.0
387,2000,20.0,52.0,28.0,,,9.0
387,2005,22.0,52.0,26.0,,,8.0
387,2010,15.0,55.0,30.0,64.0,29.0,7.0
387,2015,18.0,56.0,26.0,58.0,37.0,5.0
387,2020,19.0,45.0,36.0,65.0,26.0,9.0
389,1995,28.0,50.0,22.0,,,8.0
389,2000,28.0,48.0,24.0,,,7.0
389,2005,28.0,49.0,23.0,,,6.0
389,2010,13.0,54.0,33.0,65.0,28.0,7.0
389,2015,13.0,58.0,29.0,64.0,29.0,7.0
389,2020,17.0,39.0,44.0,71.0,23.0,6.0
393,1995,5.0,58.0,37.0,,,8.0
393,2000,8.0,55.0,37.0,,,8.0
393,2005,6.0,58.0,36.0,,,5.0
393,2010,4.0,58.0,38.0,79.0,18.0,3.0
393,2015,5.0,64.0,31.0,71.0,27.0,2.0
393,2020,8.0,49.0,43.0,77.0,13.0,10.0
395,1995,4.0,57.0,39.0,,,10.0
395,2000,7.0,55.0,38.0,,,8.0
395,2005,11.0,49.0,40.0,,,6.0
395,2010,6.0,52.0,42.0,73.0,18.0,9.0
395,2015,9.0,51.0,40.0,73.0,17.0,10.0
395,2020,20.0,34.0,46.0,60.0,27.0,13.0
397,1995,4.0,57.0,39.0,,,7.0
397,2000,5.0,53.0,42.0,,,7.0
397,2005,5.0,54.0,41.0,,,4.0
397,2010,6.0,53.0,41.0,81.0,16.0,3.0
397,2015,5.0,60.0,35.0,75.0,20.0,5.0
397,2020,23.0,34.0,43.0,65.0,30.0,5.0
399,1995,8.0,59.0,33.0,,,8.0
399,2000,15.0,53.0,32.0,,,11.0
399,2005,8.0,60.0,32.0,,,8.0
399,2010,6.0,56.0,38.0,79.0,17.0,4.0
399,2015,10.0,59.0,31.0,74.0,21.0,5.0
399,2020,21.0,44.0,35.0,62.0,28.0,10.0
401,1995,7.0,57.0,36.0,,,8.0
401,2000,10.0,56.0,34.0,,,11.0
401,2005,7.0,61.0,32.0,,,7.0
401,2010,13.0,61.0,26.0,68.0,29.0,3.0
401,2015,11.0,68.0,21.0,63.0,32.0,5.0
401,2020,20.0,51.0,29.0,66.0,28.0,6.0
403,1995,6.0,50.0,44.0,,,14.0
403,2000,6.0,54.0,40.0,,,12.0
403,2005,5.0,54.0,41.0,,,11.0
403,2010,6.0,54.0,40.0,77.0,15.0,8.0
403,2015,4.0,59.0,37.0,74.0,17.0,9.0
403,2020,16.0,44.0,40.0,64.0,22.0,14.0
405,1995,10.0,45.0,45.0,,,8.0
405,2000,10.0,47.0,43.0,,,5.0
405,2005,9.0,50.0,41.0,,,4.0
405,2010,6.0,55.0,39.0,76.0,19.0,5.0
405,2015,7.0,50.0,43.0,76.0,16.0,8.0
405,2020,14.0,24.0,62.0,70.0,18.0,12.0
407,1995,10.0,35.0,55.0,,,14.0
407,2000,13.0,30.0,57.0,,,12.0
407,2005,9.0,31.0,60.0,,,13.0
407,2010,7.0,37.0,56.0,76.0,14.0,10.0
407,2015,9.0,45.0,46.0,75.0,19.0,6.0
407,2020,47.0,34.0,19.0,36.0,59.0,5.0
409,1995,10.0,40.0,50.0,,,11.0
409,2000,6.0,40.0,54.0,,,10.0
409,2005,5.0,40.0,55.0,,,7.0
409,2010,4.0,44.0,52.0,82.0,12.0,6.0
409,2015,5.0,52.0,43.0,79.0,16.0,5.0
409,2020,32.0,26.0,42.0,52.0,41.0,7.0
411,1995,13.0,39.0,48.0,,,9.0
411,2000,13.0,37.0,50.0,,,7.0
411,2005,16.0,38.0,46.0,,,6.0
411,2010,11.0,40.0,49.0,73.0,19.0,8.0
411,2015,15.0,46.0,39.0,71.0,24.0,5.0
411,2020,33.0,25.0,42.0,43.0,42.0,15.0
413,1995,30.0,34.0,36.0,,,12.0
413,2000,24.0,35.0,41.0,,,10.0
413,2005,21.0,34.0,45.0,,,10.0
413,2010,21.0,36.0,43.0,56.0,36.0,8.0
413,2015,25.0,36.0,39.0,54.0,39.0,7.0
413,2020,54.0,29.0,17.0,29.0,67.0,4.0
415,1995,51.0,25.0,24.0,,,5.0
415,2000,46.0,29.0,25.0,,,7.0
415,2005,32.0,37.0,31.0,,,9.0
415,2010,25.0,39.0,36.0,52.0,41.0,7.0
415,2015,28.0,39.0,33.0,49.0,45.0,6.0
415,2020,62.0,25.0,13.0,21.0,75.0,4.0
417,1995,7.0,46.0,47.0,,,8.0
417,2000,8.0,46.0,46.0,,,7.0
417,2005,5.0,49.0,46.0,,,6.0
417,2010,7.0,53.0,40.0,79.0,17.0,4.0
417,2015,8.0,50.0,42.0,80.0,17.0,3.0
417,2020,46.0,33.0,21.0,38.0,57.0,5.0
419,1995,11.0,38.0,51.0,,,8.0
419,2000,8.0,36.0,56.0,,,9.0
419,2005,8.0,37.0,55.0,,,10.0
419,2010,14.0,38.0,48.0,69.0,23.0,8.0
419,2015,13.0,39.0,48.0,70.0,21.0,9.0
419,2020,52.0,28.0,20.0,29.0,65.0,6.0
421,1995,14.0,59.0,27.0,,,6.0
421,2000,13.0,59.0,28.0,,,9.0
421,2005,12.0,60.0,28.0,,,4.0
421,2010,11.0,61.0,28.0,67.0,29.0,4.0
421,2015,13.0,61.0,26.0,66.0,30.0,4.0
421,2020,27.0,35.0,38.0,57.0,35.0,8.0
423,1995,25.0,36.0,39.0,,,13.0
423,2000,23.0,36.0,41.0,,,14.0
423,2005,23.0,39.0,38.0,,,10.0
423,2010,18.0,44.0,38.0,55.0,36.0,9.0
423,2015,19.0,41.0,40.0,56.0,36.0,8.0
423,2020,40.0,37.0,23.0,43.0,51.0,6.0
425,1995,4.0,57.0,39.0,,,12.0
425,2000,8.0,52.0,40.0,,,10.0
425,2005,6.0,54.0,40.0,,,8.0
425,2010,5.0,55.0,40.0,78.0,16.0,6.0
425,2015,5.0,57.0,38.0,80.0,16.0,4.0
425,2020,29.0,41.0,30.0,58.0,38.0,4.0
427,1995,7.0,23.0,70.0,,,26.0
427,2000,8.0,25.0,67.0,,,23.0
427,2005,9.0,25.0,66.0,,,21.0
427,2010,14.0,36.0,50.0,65.0,27.0,8.0
427,2015,20.0,35.0,45.0,65.0,30.0,5.0
427,2020,57.0,24.0,19.0,27.0,69.0,4.0
429,1995,5.0,19.0,76.0,,,34.0
429,2000,7.0,23.0,70.0,,,30.0
429,2005,9.0,20.0,71.0,,,27.0
429,2010,14.0,32.0,54.0,63.0,27.0,10.0
429,2015,7.0,31.0,62.0,72.0,15.0,13.0
429,2020,69.0,16.0,15.0,12.0,83.0,5.0
431,1995,32.0,36.0,32.0,,,10.0
431,2000,28.0,39.0,36.0,,,8.0
431,2005,32.0,35.0,33.0,,,11.0
431,2010,45.0,31.0,24.0,34.0,62.0,4.0
431,2015,42.0,34.0,24.0,41.0,56.0,3.0
431,2020,35.0,38.0,27.0,52.0,44.0,4.0
433,1995,21.0,32.0,47.0,,,13.0
433,2000,17.0,37.0,46.0,,,16.0
433,2005,19.0,37.0,44.0,,,12.0
433,2010,5.0,47.0,48.0,67.0,20.0,13.0
433,2015,8.0,42.0,50.0,66.0,20.0,14.0
433,2020,35.0,32.0,33.0,48.0,44.0,8.0
435,1995,4.0,40.0,56.0,,,15.0
435,2000,5.0,37.0,58.0,,,16.0
435,2005,5.0,38.0,57.0,,,14.0
435,2010,4.0,38.0,58.0,69.0,13.0,18.0
435,2015,6.0,37.0,57.0,69.0,13.0,18.0
435,2020,46.0,33.0,21.0,33.0,57.0,10.0
437,1995,15.0,49.0,36.0,,,10.0
437,2000,12.0,51.0,37.0,,,10.0
437,2005,12.0,51.0,37.0,,,8.0
437,2010,13.0,52.0,35.0,72.0,22.0,6.0
437,2015,14.0,54.0,32.0,62.0,31.0,7.0
437,2020,18.0,48.0,34.0,63.0,25.0,12.0
439,1995,13.0,48.0,39.0,,,13.0
439,2000,12.0,49.0,39.0,,,14.0
439,2005,10.0,53.0,37.0,,,11.0
439,2010,9.0,46.0,45.0,62.0,23.0,15.0
439,2015,10.0,47.0,43.0,64.0,23.0,13.0
439,2020,59.0,25.0,16.0,24.0,72.0,4.0
441,1995,14.0,25.0,61.0,,,28.0
441,2000,11.0,30.0,59.0,,,29.0
441,2005,14.0,31.0,55.0,,,24.0
441,2010,9.0,29.0,62.0,52.0,21.0,27.0
441,2015,9.0,31.0,60.0,54.0,22.0,24.0
441,2020,31.0,25.0,44.0,49.0,39.0,12.0
443,1995,23.0,35.0,42.0,,,15.0
443,2000,24.0,31.0,45.0,,,13.0
443,2005,24.0,33.0,43.0,,,13.0
443,2010,13.0,30.0,57.0,56.0,21.0,23.0
443,2015,12.0,33.0,55.0,62.0,22.0,16.0
443,2020,45.0,19.0,36.0,39.0,55.0,6.0
445,1995,5.0,55.0,40.0,,,8.0
445,2000,4.0,56.0,40.0,,,9.0
445,2005,4.0,51.0,45.0,,,10.0
445,2010,3.0,53.0,44.0,77.0,13.0,10.0
445,2015,2.0,54.0,44.0,76.0,13.0,11.0
445,2020,34.0,39.0,27.0,46.0,44.0,10.0
447,1995,4.0,51.0,45.0,,,10.0
447,2000,5.0,53.0,42.0,,,8.0
447,2005,3.0,52.0,45.0,,,9.0
447,2010,5.0,52.0,43.0,81.0,12.0,7.0
447,2015,2.0,58.0,40.0,78.0,14.0,8.0
447,2020,49.0,28.0,23.0,35.0,60.0,5.0
449,1995,6.0,50.0,44.0,,,16.0
449,2000,7.0,46.0,47.0,,,18.0
449,2005,8.0,47.0,45.0,,,15.0
449,2010,8.0,43.0,49.0,66.0,20.0,14.0
449,2015,11.0,45.0,44.0,63.0,23.0,14.0
449,2020,61.0,23.0,16.0,21.0,75.0,4.0
