point_id,year,radioactivity [Bq*kg-1],soil_electrical_conductivity [mS*m-1],soil_salinity [mg KCl*100g-1]
1,1995,432.0,2.23,5.7
1,2000,317.0,3.2,8.2
1,2005,415.0,4.3,11.4
1,2010,409.0,6.4,16.9
1,2015,155.0,6.09,16.08
1,2020,331.0,12.1212121,32.0
3,1995,277.0,3.96,10.2
3,2000,344.0,5.4,13.3
3,2005,412.0,3.9,10.4
3,2010,385.0,5.01,13.22
3,2015,194.0,2.76,7.29
3,2020,283,"<1,00","<10,00"
5,1995,669.0,7.14,18.4
5,2000,726.0,8.0,21.1
5,2005,831.0,5.9,15.5
5,2010,700.0,6.93,18.3
5,2015,619.0,6.72,17.74
5,2020,736,"<1,00","<10,00"
7,1995,525.0,18.49,47.6
7,2000,649.0,14.5,38.3
7,2005,636.0,11.5,30.4
7,2010,623.0,6.06,15.99
7,2015,827.0,5.63,14.86
7,2020,569.0,10.61,28.0
9,1995,465.0,8.86,22.8
9,2000,352.0,7.0,18.5
9,2005,338.0,5.5,14.4
9,2010,336.0,7.5,19.81
9,2015,635.0,3.46,9.13
9,2020,334.0,6.43939393,17.0
13,1995,554.0,5.09,13.1
13,2000,481.0,6.7,17.1
13,2005,551.0,7.5,19.8
13,2010,586.0,4.68,12.34
13,2015,761.0,6.99,18.45
13,2020,594.0,13.2575757,35.0
15,1995,519.0,3.44,8.9
15,2000,567.0,5.1,13.5
15,2005,486.0,5.0,13.2
15,2010,489.0,5.99,15.81
15,2015,736.0,3.65,9.64
15,2020,488.0,16.2878787,43.0
17,1995,431.0,9.29,23.9
17,2000,416.0,11.1,29.3
17,2005,429.0,7.7,20.3
17,2010,392.0,5.06,13.36
17,2015,205.0,3.73,9.85
17,2020,485.0,11.7424242,31.0
21,1995,523.0,6.71,17.3
21,2000,625.0,8.4,22.2
21,2005,579.0,13.6,36.0
21,2010,478.0,12.22,32.27
21,2015,841.0,8.87,23.42
21,2020,588.0,11.7424242,31.0
23,1995,527.0,6.88,17.7
23,2000,467.0,8.9,23.0
23,2005,559.0,6.4,17.0
23,2010,515.0,7.92,20.92
23,2015,518.0,10.04,26.51
23,2020,500.0,15.530303,41.0
25,1995,740.0,7.4,19.0
25,2000,641.0,9.8,25.9
25,2005,655.0,7.7,20.3
25,2010,548.0,7.39,19.51
25,2015,766.0,5.04,13.31
25,2020,687.0,7.57575757,20.0
27,1995,638.0,7.31,18.8
27,2000,637.0,5.8,15.3
27,2005,666.0,7.4,19.5
27,2010,608.0,4.72,12.46
27,2015,923.0,5.64,14.89
27,2020,643.0,17.4242424,46.0
29,1995,873.0,3.18,8.2
29,2000,835.0,3.5,9.2
29,2005,872.0,6.0,16.0
29,2010,820.0,5.06,13.37
29,2015,631.0,8.18,21.6
29,2020,381.0,14.0151515,37.0
31,1995,576.0,2.67,6.9
31,2000,439.0,3.1,8.2
31,2005,537.0,3.7,9.9
31,2010,743.0,3.06,8.09
31,2015,458.0,3.63,9.58
31,2020,514.0,10.9848484,29.0
33,1995,1078.0,14.62,37.6
33,2000,971.0,13.7,35.6
33,2005,982.0,13.0,34.2
33,2010,908.0,14.43,38.1
33,2015,645.0,7.77,20.51
33,2020,873.0,19.6969696,52.0
35,1995,695.0,14.62,37.6
35,2000,654.0,11.6,30.6
35,2005,719.0,12.8,33.7
35,2010,691.0,16.86,44.51
35,2015,448.0,9.68,25.56
35,2020,592.0,17.0454545,45.0
37,1995,744.0,4.13,10.6
37,2000,626.0,6.5,17.2
37,2005,741.0,5.3,13.9
37,2010,754.0,7.2,19.0
37,2015,711.0,6.23,16.45
37,2020,747.0,14.7727272,39.0
39,1995,431.0,3.01,7.7
39,2000,490.0,2.6,6.8
39,2005,417.0,6.9,18.2
39,2010,440.0,6.28,16.57
39,2015,857.0,4.18,11.04
39,2020,645.0,4.92424242,13.0
41,1995,410.0,20.73,53.4
41,2000,512.0,24.2,63.9
41,2005,494.0,20.8,55.0
41,2010,533.0,17.97,47.44
41,2015,624.0,12.47,32.92
41,2020,399.0,12.8787878,34.0
43,1995,600.0,19.78,50.9
43,2000,602.0,23.2,61.2
43,2005,554.0,24.0,63.4
43,2010,725.0,15.84,41.83
43,2015,607.0,14.24,37.59
43,2020,552.0,5.3030303,14.0
45,1995,609.0,3.18,8.2
45,2000,505.0,3.6,10.1
45,2005,524.0,6.2,16.5
45,2010,628.0,9.19,24.25
45,2015,872.0,11.06,29.2
45,2020,443.0,14.0151515,37.0
47,1995,470.0,10.75,28.4
47,2000,408.0,12.1,31.9
47,2005,511.0,12.0,37.9
47,2010,506.0,4.19,11.07
47,2015,935.0,2.96,7.81
47,2020,391,3.41,"<10,00"
49,1995,455.0,2.59,6.8
49,2000,346.0,2.3,5.7
49,2005,383.0,5.3,13.9
49,2010,493.0,6.34,16.73
49,2015,188.0,6.97,18.4
49,2020,401.0,15.530303,41.0
51,1995,497.0,14.79,38.1
51,2000,457.0,15.5,40.9
51,2005,508.0,12.8,33.9
51,2010,405.0,6.78,17.9
51,2015,671.0,8.06,21.28
51,2020,583.0,21.9696969,58.0
53,1995,156.0,5.65,14.5
53,2000,205.0,6.3,16.6
53,2005,237.0,4.4,11.5
53,2010,268.0,3.5,9.25
53,2015,250.0,6.21,16.39
53,2020,271,3.41,"<10,00"
55,1995,1013.0,9.98,25.7
55,2000,896.0,9.3,23.9
55,2005,852.0,12.0,31.7
55,2010,945.0,13.55,35.76
55,2015,1101.0,22.13,58.42
55,2020,1030.0,7.57575757,20.0
57,1995,827.0,8.77,22.6
57,2000,824.0,10.4,27.5
57,2005,762.0,10.3,27.1
57,2010,846.0,10.29,27.15
57,2015,984.0,13.11,34.61
57,2020,585.0,10.6060606,28.0
59,1995,340.0,4.96,12.8
59,2000,321.0,3.1,8.2
59,2005,288.0,4.2,11.0
59,2010,315.0,3.72,9.81
59,2015,633.0,7.45,19.67
59,2020,243,"<1,00","<10,00"
61,1995,459.0,7.83,20.2
61,2000,529.0,7.5,19.8
61,2005,477.0,12.4,32.6
61,2010,393.0,6.54,17.26
61,2015,680.0,12.89,34.03
61,2020,322.0,11.7424242,31.0
63,1995,402.0,8.09,20.8
63,2000,465.0,13.0,34.3
63,2005,363.0,13.8,36.4
63,2010,396.0,11.83,31.24
63,2015,514.0,13.19,34.82
63,2020,389.0,7.57575757,20.0
65,1995,564.0,17.62,45.4
65,2000,624.0,13.0,34.3
65,2005,522.0,12.0,30.9
65,2010,601.0,5.47,14.44
65,2015,916.0,6.56,17.32
65,2020,541.0,33.7121212,89.0
69,1995,303.0,7.83,20.2
69,2000,368.0,6.3,16.6
69,2005,373.0,6.7,17.6
69,2010,448.0,7.16,18.91
69,2015,879.0,5.09,13.44
69,2020,308.0,15.1515151,40.0
71,1995,250.0,12.01,30.9
71,2000,208.0,10.9,28.8
71,2005,230.0,8.3,21.9
71,2010,239.0,16.83,44.43
71,2015,295.0,5.05,13.33
71,2020,875.0,18.1818181,48.0
73,1995,511.0,4.99,12.8
73,2000,635.0,5.8,15.3
73,2005,682.0,9.6,25.3
73,2010,547.0,6.42,16.96
73,2015,444.0,27.76,73.29
73,2020,456.0,23.8636363,63.0
75,1995,519.0,2.51,6.6
75,2000,545.0,3.1,8.2
75,2005,537.0,4.8,12.7
75,2010,494.0,4.79,12.64
75,2015,313.0,6.74,17.79
75,2020,514.0,6.43939393,17.0
77,1995,667.0,3.27,8.4
77,2000,646.0,5.0,12.8
77,2005,648.0,8.5,22.6
77,2010,652.0,7.94,20.95
77,2015,320.0,13.56,35.8
77,2020,429.0,21.590909,57.0
79,1995,997.0,15.22,39.2
79,2000,1058.0,13.0,34.0
79,2005,1131.0,21.1,55.8
79,2010,1196.0,21.34,56.34
79,2015,906.0,20.37,53.78
79,2020,744,"<1,00","<10,00"
81,1995,405.0,2.06,5.3
81,2000,360.0,2.0,5.3
81,2005,399.0,3.8,10.1
81,2010,430.0,3.03,8.01
81,2015,266.0,4.79,12.65
81,2020,353.0,21.2121212,56.0
83,1995,422.0,3.7,9.5
83,2000,432.0,2.6,7.9
83,2005,447.0,4.8,12.7
83,2010,344.0,4.11,10.84
83,2015,483.0,3.74,9.87
83,2020,348.0,3.78787878,10.0
85,1995,209.0,3.27,8.4
85,2000,246.0,4.1,10.8
85,2005,268.0,5.6,14.7
85,2010,332.0,9.78,25.83
85,2015,103.0,5.31,14.02
85,2020,186.0,10.2272727,27.0
87,1995,532.0,3.44,8.9
87,2000,556.0,5.6,14.8
87,2005,577.0,6.0,16.0
87,2010,547.0,6.71,17.72
87,2015,1069.0,7.93,20.94
87,2020,442,"<1,00","<10,00"
89,1995,615.0,3.26,8.4
89,2000,562.0,3.5,9.2
89,2005,629.0,5.4,14.1
89,2010,640.0,6.23,16.44
89,2015,712.0,15.13,39.94
89,2020,588.0,7.19696969,19.0
91,1995,345.0,4.66,12.0
91,2000,448.0,5.0,13.2
91,2005,412.0,3.9,10.4
91,2010,529.0,4.63,12.21
91,2015,575.0,4.19,11.06
91,2020,340.0,3.78787878,10.0
93,1995,489.0,7.22,18.6
93,2000,532.0,6.8,17.9
93,2005,510.0,7.4,19.6
93,2010,499.0,5.82,15.37
93,2015,523.0,13.22,34.9
93,2020,407.0,11.3636363,30.0
95,1995,400.0,2.84,7.3
95,2000,504.0,3.9,10.3
95,2005,455.0,4.0,10.7
95,2010,447.0,4.45,11.75
95,2015,508.0,4.54,11.99
95,2020,322.0,8.33333333,22.0
97,1995,480.0,8.35,21.5
97,2000,529.0,7.1,18.7
97,2005,464.0,8.6,22.6
97,2010,566.0,5.86,15.47
97,2015,552.0,4.77,12.59
97,2020,712.0,18.1818181,48.0
99,1995,428.0,12.88,33.2
99,2000,391.0,13.3,35.1
99,2005,404.0,9.1,24.1
99,2010,626.0,10.57,27.91
99,2015,250.0,29.01,76.59
99,2020,285,3.03,"<10,00"
101,1995,182.0,7.48,19.3
101,2000,268.0,10.9,28.8
101,2005,299.0,10.1,26.6
101,2010,333.0,5.8,15.32
101,2015,662.0,5.08,13.41
101,2020,432.0,18.560606,49.0
103,1995,464.0,4.04,10.7
103,2000,468.0,5.8,15.3
103,2005,492.0,6.8,18.1
103,2010,500.0,6.23,16.43
103,2015,633.0,7.15,18.88
103,2020,383.0,12.5,33.0
105,1995,546.0,7.66,19.7
105,2000,560.0,5.3,14.0
105,2005,573.0,7.0,18.6
105,2010,569.0,4.93,13.02
105,2015,543.0,5.36,14.15
105,2020,491,3.41,"<10,00"
107,1995,367.0,4.84,12.8
107,2000,395.0,6.3,16.6
107,2005,412.0,6.7,17.7
107,2010,460.0,5.83,15.4
107,2015,265.0,4.16,10.98
107,2020,372,"<1,00","<10,00"
111,1995,395.0,3.81,10.1
111,2000,397.0,2.8,7.4
111,2005,412.0,4.3,11.4
111,2010,575.0,5.53,14.6
111,2015,632.0,5.65,14.92
111,2020,406.0,17.8030303,47.0
113,1995,506.0,8.91,23.5
113,2000,498.0,9.7,25.6
113,2005,506.0,6.2,16.5
113,2010,488.0,4.84,12.77
113,2015,515.0,6.91,18.24
113,2020,432.0,15.9090909,42.0
115,1995,585.0,12.97,34.2
115,2000,591.0,9.3,24.6
115,2005,555.0,9.4,24.8
115,2010,552.0,7.83,20.68
115,2015,325.0,8.19,21.62
115,2020,477.0,12.5,33.0
117,1995,559.0,8.53,21.9
117,2000,652.0,6.5,17.2
117,2005,591.0,9.0,23.8
117,2010,794.0,10.81,28.53
117,2015,830.0,6.45,17.03
117,2020,561.0,7.95454545,21.0
119,1995,370.0,5.1,13.5
119,2000,449.0,6.3,16.6
119,2005,423.0,6.2,16.5
119,2010,698.0,8.01,21.14
119,2015,278.0,6.42,16.95
119,2020,415.0,12.1212121,32.0
121,1995,565.0,13.92,35.8
121,2000,486.0,17.2,45.4
121,2005,536.0,14.1,37.3
121,2010,556.0,9.9,26.14
121,2015,379.0,7.64,20.17
121,2020,455.0,13.6363636,36.0
123,1995,321.0,9.31,23.9
123,2000,415.0,6.3,16.6
123,2005,385.0,6.2,16.3
123,2010,461.0,12.1,31.94
123,2015,583.0,11.61,30.65
123,2020,463.0,9.46969696,25.0
125,1995,437.0,7.65,19.7
125,2000,520.0,6.3,16.6
125,2005,523.0,7.1,18.8
125,2010,648.0,12.1,31.94
125,2015,731.0,13.05,34.45
125,2020,472.0,12.8787878,34.0
127,1995,361.0,5.88,15.5
127,2000,306.0,5.3,13.9
127,2005,265.0,4.4,11.7
127,2010,557.0,4.84,12.76
127,2015,273.0,6.24,16.47
127,2020,225.0,12.5,33.0
129,1995,564.0,12.45,32.9
129,2000,576.0,9.9,26.3
129,2005,595.0,10.3,27.1
129,2010,517.0,7.5,19.8
129,2015,328.0,6.28,16.58
129,2020,385.0,11.7424242,31.0
131,1995,593.0,18.32,48.4
131,2000,655.0,13.9,36.7
131,2005,582.0,13.8,36.4
131,2010,614.0,7.16,18.9
131,2015,559.0,6.46,17.05
131,2020,636.0,14.7727272,39.0
133,1995,321.0,4.81,12.4
133,2000,337.0,4.3,11.3
133,2005,373.0,7.9,20.8
133,2010,426.0,5.09,13.43
133,2015,404.0,10.25,27.06
133,2020,352.0,6.81818181,18.0
135,1995,486.0,12.01,30.9
135,2000,526.0,9.3,24.6
135,2005,585.0,8.5,22.0
135,2010,536.0,6.8,17.96
135,2015,534.0,10.32,27.24
135,2020,310.0,9.84848484,26.0
137,1995,512.0,4.14,10.7
137,2000,531.0,3.3,8.7
137,2005,482.0,4.8,12.7
137,2010,510.0,4.11,10.85
137,2015,479.0,7.18,18.96
137,2020,391.0,5.68181818,15.0
139,1995,322.0,9.44,24.3
139,2000,408.0,6.3,16.6
139,2005,413.0,7.5,19.8
139,2010,409.0,9.15,24.17
139,2015,204.0,5.24,13.83
139,2020,489,3.23,"<10,00"
141,1995,378.0,4.94,12.7
141,2000,367.0,3.8,10.1
141,2005,407.0,5.3,13.9
141,2010,610.0,7.17,18.92
141,2015,287.0,4.68,12.36
141,2020,411.0,14.7727272,39.0
143,1995,401.0,7.21,19.0
143,2000,453.0,7.8,20.6
143,2005,434.0,6.9,18.3
143,2010,502.0,9.17,24.21
143,2015,448.0,5.42,14.31
143,2020,380.0,7.19696969,19.0
145,1995,398.0,6.83,18.0
145,2000,527.0,4.9,12.9
145,2005,509.0,6.4,17.0
145,2010,607.0,9.7,25.61
145,2015,524.0,6.55,17.29
145,2020,370.0,11.3636363,30.0
147,1995,404.0,3.72,9.8
147,2000,455.0,5.1,13.5
147,2005,418.0,7.5,19.0
147,2010,356.0,6.48,17.11
147,2015,453.0,5.98,15.79
147,2020,485,"<1,00","<10,00"
149,1995,344.0,2.77,7.3
149,2000,341.0,3.3,8.7
149,2005,298.0,5.6,14.7
149,2010,538.0,7.27,19.18
149,2015,321.0,6.69,17.66
149,2020,346.0,10.2272727,27.0
151,1995,473.0,8.36,21.9
151,2000,587.0,7.1,18.7
151,2005,412.0,8.9,23.6
151,2010,388.0,5.96,15.72
151,2015,953.0,5.18,13.68
151,2020,453.0,6.43939393,17.0
153,1995,326.0,2.29,6.0
153,2000,319.0,2.9,8.5
153,2005,331.0,6.3,16.7
153,2010,543.0,5.55,14.66
153,2015,585.0,3.39,8.95
153,2020,363.0,11.7424242,31.0
155,1995,251.0,3.78,10.0
155,2000,198.0,3.4,9.0
155,2005,235.0,5.1,13.4
155,2010,264.0,4.18,11.05
155,2015,383.0,5.17,13.65
155,2020,227,"<1,00","<10,00"
157,1995,266.0,2.46,6.5
157,2000,329.0,4.2,11.1
157,2005,344.0,4.9,12.9
157,2010,338.0,4.79,12.63
157,2015,893.0,19.98,52.75
157,2020,267,3.01,"<10,00"
159,1995,537.0,5.12,13.2
159,2000,581.0,4.6,12.1
159,2005,593.0,4.8,12.7
159,2010,530.0,4.92,12.98
159,2015,368.0,6.11,16.13
159,2020,329.0,7.57575757,20.0
161,1995,440.0,4.99,13.0
161,2000,414.0,2.8,7.4
161,2005,551.0,4.4,11.7
161,2010,460.0,4.86,12.84
161,2015,688.0,9.82,25.92
161,2020,291.0,10.2272727,27.0
163,1995,376.0,2.38,6.3
163,2000,357.0,3.7,9.8
163,2005,411.0,5.0,13.0
163,2010,417.0,4.17,11.0
163,2015,648.0,6.79,17.93
163,2020,311,"<1,00","<10,00"
165,1995,484.0,2.68,6.8
165,2000,593.0,3.5,9.2
165,2005,595.0,5.3,13.9
165,2010,635.0,4.47,11.8
165,2015,1146.0,6.75,17.82
165,2020,526.0,8.71212121,23.0
167,1995,581.0,6.87,17.7
167,2000,621.0,7.3,19.3
167,2005,595.0,6.0,15.7
167,2010,476.0,6.64,17.54
167,2015,792.0,24.47,64.6
167,2020,517.0,16.6666666,44.0
169,1995,437.0,2.87,7.6
169,2000,329.0,3.6,9.5
169,2005,463.0,4.7,12.4
169,2010,459.0,3.25,8.58
169,2015,691.0,3.61,9.53
169,2020,353.0,8.33333333,22.0
171,1995,451.0,3.54,9.3
171,2000,512.0,3.7,9.8
171,2005,536.0,5.6,14.8
171,2010,469.0,4.34,11.45
171,2015,676.0,6.91,18.24
171,2020,400.0,6.06060606,16.0
173,1995,232.0,2.78,7.1
173,2000,298.0,3.5,9.2
173,2005,246.0,5.6,14.8
173,2010,402.0,3.25,8.57
173,2015,471.0,7.89,20.83
173,2020,285.0,9.09090909,24.0
175,1995,283.0,5.42,15.6
175,2000,349.0,7.1,18.7
175,2005,336.0,8.6,22.6
175,2010,472.0,5.74,15.16
175,2015,544.0,5.49,14.49
175,2020,433.0,11.3636363,30.0
177,1995,700.0,6.16,16.3
177,2000,804.0,4.3,11.3
177,2005,685.0,5.2,13.7
177,2010,772.0,8.71,22.98
177,2015,628.0,8.27,21.83
177,2020,782.0,16.6666666,44.0
179,1995,420.0,12.35,31.8
179,2000,444.0,9.8,25.9
179,2005,394.0,10.6,28.1
179,2010,417.0,5.9,15.58
179,2015,350.0,6.49,17.13
179,2020,340.0,18.560606,49.0
181,1995,337.0,4.09,10.5
181,2000,416.0,6.8,17.9
181,2005,411.0,7.9,20.8
181,2010,486.0,7.18,18.95
181,2015,472.0,8.46,22.33
181,2020,475.0,10.9848484,29.0
183,1995,472.0,7.18,18.9
183,2000,430.0,7.1,18.7
183,2005,466.0,6.7,17.6
183,2010,445.0,4.02,10.61
183,2015,773.0,6.15,16.24
183,2020,497.0,30.6818181,81.0
187,1995,779.0,8.04,21.2
187,2000,849.0,8.2,21.6
187,2005,759.0,11.5,30.3
187,2010,766.0,7.99,21.09
187,2015,827.0,9.66,25.5
187,2020,809.0,20.8333333,55.0
189,1995,699.0,34.46,93.6
189,2000,660.0,31.6,83.4
189,2005,674.0,12.5,33.1
189,2010,735.0,7.7,20.32
189,2015,563.0,11.33,29.91
189,2020,505.0,10.2272727,27.0
191,1995,789.0,11.68,30.8
191,2000,711.0,11.4,30.1
191,2005,755.0,10.2,26.8
191,2010,774.0,7.59,20.05
191,2015,804.0,6.68,17.64
191,2020,722.0,7.57575757,20.0
193,1995,680.0,11.48,29.6
193,2000,734.0,13.3,35.1
193,2005,772.0,12.1,31.9
193,2010,770.0,10.62,28.04
193,2015,834.0,12.91,34.08
193,2020,590.0,21.9696969,58.0
195,1995,537.0,4.76,12.6
195,2000,446.0,4.3,11.3
195,2005,585.0,13.6,39.8
195,2010,656.0,5.0,13.21
195,2015,928.0,7.02,18.53
195,2020,565.0,14.0151515,37.0
197,1995,772.0,5.19,13.7
197,2000,683.0,6.8,17.9
197,2005,710.0,8.3,21.6
197,2010,821.0,6.42,16.95
197,2015,662.0,9.75,25.74
197,2020,853.0,17.8030303,47.0
199,1995,397.0,5.19,13.7
199,2000,315.0,5.2,13.7
199,2005,330.0,4.4,11.5
199,2010,426.0,5.39,14.23
199,2015,455.0,6.66,17.58
199,2020,379.0,18.560606,49.0
201,1995,289.0,3.72,9.8
201,2000,276.0,5.1,13.5
201,2005,312.0,5.2,13.7
201,2010,313.0,4.18,11.05
201,2015,134.0,6.38,16.84
201,2020,707.0,13.2575757,35.0
203,1995,467.0,5.62,14.8
203,2000,349.0,7.8,19.5
203,2005,370.0,6.0,15.8
203,2010,215.0,7.19,18.98
203,2015,589.0,6.54,17.27
203,2020,413.0,7.57575757,20.0
205,1995,402.0,4.32,11.4
205,2000,395.0,4.8,12.7
205,2005,404.0,6.2,16.5
205,2010,479.0,4.43,11.7
205,2015,225.0,5.89,15.55
205,2020,546.0,4.16666666,11.0
207,1995,922.0,6.57,17.3
207,2000,834.0,5.1,13.5
207,2005,803.0,9.8,25.9
207,2010,765.0,12.65,33.39
207,2015,1121.0,10.07,26.58
207,2020,811.0,15.1515151,40.0
209,1995,769.0,3.87,10.2
209,2000,877.0,5.1,13.5
209,2005,840.0,21.0,55.4
209,2010,636.0,7.7,20.33
209,2015,665.0,8.98,23.71
209,2020,896.0,23.8636363,63.0
211,1995,533.0,5.54,14.6
211,2000,602.0,8.1,21.4
211,2005,562.0,11.4,30.1
211,2010,354.0,5.1,13.46
211,2015,260.0,4.98,13.15
211,2020,324.0,18.1818181,48.0
213,1995,467.0,16.87,44.5
213,2000,478.0,15.5,40.9
213,2005,446.0,15.8,44.8
213,2010,423.0,5.64,14.88
213,2015,256.0,11.71,30.91
213,2020,224.0,7.19696969,19.0
215,1995,498.0,13.84,36.5
215,2000,435.0,13.2,34.8
215,2005,429.0,10.9,28.9
215,2010,493.0,6.84,18.06
215,2015,583.0,7.77,20.51
215,2020,311.0,4.16666666,11.0
217,1995,280.0,2.38,6.3
217,2000,282.0,4.0,10.6
217,2005,342.0,5.5,14.6
217,2010,206.0,7.58,20.02
217,2015,430.0,7.23,19.09
217,2020,465.0,10.2272727,27.0
219,1995,360.0,25.95,68.5
219,2000,489.0,24.6,64.9
219,2005,520.0,20.7,53.4
219,2010,569.0,10.29,27.16
219,2015,679.0,11.64,30.73
219,2020,381.0,13.6363636,36.0
221,1995,444.0,7.96,21.0
221,2000,443.0,6.4,17.0
221,2005,434.0,13.5,35.6
221,2010,426.0,7.49,19.77
221,2015,636.0,10.07,26.58
221,2020,271.0,6.81818181,18.0
223,1995,465.0,7.35,19.4
223,2000,513.0,8.2,21.6
223,2005,507.0,9.1,24.1
223,2010,479.0,5.18,13.66
223,2015,598.0,7.67,20.25
223,2020,418.0,4.54545454,12.0
225,1995,206.0,2.42,6.4
225,2000,210.0,3.1,8.2
225,2005,235.0,4.2,11.2
225,2010,395.0,5.21,13.75
225,2015,756.0,6.24,16.47
225,2020,221,"<1,00","<10,00"
229,1995,537.0,8.65,22.8
229,2000,607.0,11.2,29.6
229,2005,575.0,10.6,27.9
229,2010,740.0,6.5,17.15
229,2015,684.0,11.04,29.15
229,2020,556.0,9.84848484,26.0
231,1995,398.0,4.84,12.8
231,2000,307.0,4.3,11.4
231,2005,338.0,6.0,16.0
231,2010,331.0,6.22,16.41
231,2015,487.0,6.21,16.39
231,2020,245.0,6.06060606,16.0
233,1995,440.0,4.99,13.0
233,2000,404.0,6.5,17.2
233,2005,428.0,6.9,18.3
233,2010,503.0,5.84,15.42
233,2015,385.0,16.96,44.77
233,2020,355.0,13.2575757,35.0
235,1995,452.0,17.6,46.5
235,2000,531.0,21.4,56.5
235,2005,407.0,18.1,47.7
235,2010,450.0,4.46,11.77
235,2015,583.0,4.65,12.28
235,2020,431.0,18.18,48.0
237,1995,479.0,10.12,26.7
237,2000,499.0,8.2,21.6
237,2005,493.0,7.4,19.6
237,2010,537.0,4.7,12.4
237,2015,490.0,7.45,19.67
237,2020,387.0,4.55,12.0
239,1995,437.0,4.84,12.8
239,2000,478.0,3.2,8.4
239,2005,509.0,6.1,16.2
239,2010,464.0,5.4,14.26
239,2015,523.0,3.85,10.16
239,2020,343,"<1,00","<10,00"
241,1995,362.0,4.84,12.8
241,2000,488.0,4.3,11.3
241,2005,431.0,5.0,13.3
241,2010,454.0,4.44,11.73
241,2015,459.0,8.52,22.49
241,2020,374.0,4.55,12.0
243,1995,157.0,2.33,6.1
243,2000,140.0,1.9,5.0
243,2005,141.0,3.7,9.8
243,2010,209.0,4.44,11.71
243,2015,253.0,4.55,12.01
243,2020,159.0,7.2,19.0
245,1995,391.0,5.62,14.8
245,2000,376.0,4.8,12.7
245,2005,354.0,7.4,19.6
245,2010,406.0,6.51,17.2
245,2015,657.0,17.66,46.62
245,2020,312.0,5.3,14.0
247,1995,434.0,5.54,14.6
247,2000,443.0,6.8,17.9
247,2005,402.0,6.0,15.8
247,2010,493.0,9.52,25.13
247,2015,604.0,7.45,19.67
247,2020,409.0,7.58,20.0
249,1995,472.0,4.84,12.8
249,2000,442.0,3.9,10.3
249,2005,453.0,9.5,25.0
249,2010,530.0,5.29,13.97
249,2015,680.0,5.56,14.68
249,2020,398.0,11.36,30.0
251,1995,479.0,6.75,17.8
251,2000,480.0,5.4,14.3
251,2005,442.0,11.6,30.7
251,2010,487.0,4.87,12.86
251,2015,517.0,7.54,19.91
251,2020,403.0,7.58,20.0
253,1995,503.0,7.26,19.2
253,2000,494.0,8.1,21.4
253,2005,523.0,11.9,31.4
253,2010,611.0,8.33,21.98
253,2015,721.0,3.72,9.82
253,2020,338,"<1,00","<10,00"
255,1995,546.0,8.09,21.4
255,2000,644.0,7.0,18.5
255,2005,620.0,7.1,18.8
255,2010,600.0,5.04,13.31
255,2015,951.0,6.38,16.84
255,2020,402.0,10.23,27.0
257,1995,331.0,3.96,10.0
257,2000,372.0,2.7,7.1
257,2005,344.0,4.0,10.5
257,2010,344.0,5.15,13.61
257,2015,1037.0,24.03,63.44
257,2020,302.0,10.23,27.0
259,1995,337.0,5.54,14.6
259,2000,433.0,7.3,19.3
259,2005,408.0,16.0,42.2
259,2010,473.0,6.27,16.54
259,2015,413.0,4.39,11.59
259,2020,410,"<1,00","<10,00"
261,1995,368.0,2.33,6.2
261,2000,411.0,3.7,9.8
261,2005,394.0,5.0,13.3
261,2010,416.0,4.16,10.99
261,2015,428.0,5.18,13.68
261,2020,352.0,5.3,14.0
263,1995,564.0,2.99,7.9
263,2000,532.0,2.6,6.9
263,2005,546.0,4.1,10.9
263,2010,677.0,4.15,10.95
263,2015,253.0,4.81,12.7
263,2020,451.0,10.23,27.0
265,1995,567.0,4.06,10.7
265,2000,430.0,3.0,8.0
265,2005,497.0,3.8,10.0
265,2010,324.0,3.65,9.65
265,2015,475.0,4.16,10.98
265,2020,255.0,3.79,10.0
267,1995,510.0,4.75,12.5
267,2000,529.0,5.2,13.7
267,2005,529.0,4.4,11.7
267,2010,634.0,5.19,13.7
267,2015,432.0,4.37,11.54
267,2020,291.0,15.91,42.0
269,1995,534.0,8.09,21.4
269,2000,521.0,10.7,28.2
269,2005,517.0,8.9,23.6
269,2010,539.0,5.61,14.82
269,2015,663.0,6.14,16.21
269,2020,426.0,9.47,25.0
271,1995,378.0,3.08,8.1
271,2000,336.0,3.3,8.7
271,2005,416.0,6.4,17.0
271,2010,355.0,4.51,11.91
271,2015,432.0,8.46,22.33
271,2020,323.0,6.82,18.0
273,1995,253.0,4.4,11.6
273,2000,233.0,3.7,9.8
273,2005,230.0,3.5,9.2
273,2010,428.0,3.1,8.18
273,2015,531.0,8.33,21.99
273,2020,330.0,4.55,12.0
275,1995,314.0,2.73,7.2
275,2000,302.0,2.0,5.3
275,2005,293.0,4.1,10.9
275,2010,374.0,3.45,9.09
275,2015,444.0,4.24,11.19
275,2020,272.0,6.44,17.0
277,1995,722.0,14.19,37.5
277,2000,678.0,18.6,49.1
277,2005,651.0,17.6,45.4
277,2010,752.0,22.32,58.92
277,2015,876.0,11.31,29.86
277,2020,570.0,11.74,31.0
279,1995,556.0,9.86,25.4
279,2000,566.0,8.3,21.9
279,2005,565.0,6.5,17.1
279,2010,527.0,3.84,10.13
279,2015,870.0,6.58,17.37
279,2020,516.0,7.2,19.0
281,1995,790.0,8.54,22.0
281,2000,711.0,7.1,18.7
281,2005,693.0,5.0,13.3
281,2010,809.0,7.21,19.04
281,2015,885.0,8.91,23.52
281,2020,696.0,5.68,15.0
283,1995,483.0,5.98,15.4
283,2000,366.0,7.4,14.6
283,2005,449.0,6.7,17.8
283,2010,557.0,10.69,28.21
283,2015,600.0,8.34,22.02
283,2020,417.0,10.61,28.0
285,1995,687.0,3.34,8.6
285,2000,730.0,5.3,14.6
285,2005,728.0,6.3,16.6
285,2010,817.0,7.85,20.73
285,2015,1057.0,6.54,17.27
285,2020,708.0,5.68,15.0
287,1995,207.0,9.06,23.3
287,2000,252.0,7.4,19.6
287,2005,294.0,6.7,17.8
287,2010,348.0,3.64,9.6
287,2015,561.0,6.91,18.24
287,2020,233.0,6.06,16.0
289,1995,383.0,4.35,11.0
289,2000,344.0,3.5,9.2
289,2005,358.0,5.5,14.5
289,2010,420.0,5.63,14.85
289,2015,890.0,5.88,15.52
289,2020,327.0,8.33,22.0
291,1995,571.0,9.57,24.2
291,2000,497.0,13.3,35.1
291,2005,566.0,11.4,30.1
291,2010,474.0,5.59,14.75
291,2015,456.0,6.01,15.87
291,2020,409.0,36.74,97.0
295,1995,577.0,9.68,24.9
295,2000,482.0,8.4,22.2
295,2005,446.0,6.7,17.8
295,2010,460.0,9.66,25.49
295,2015,658.0,26.02,68.69
295,2020,447.0,12.5,33.0
297,1995,210.0,10.56,27.2
297,2000,200.0,8.3,21.9
297,2005,181.0,7.6,20.1
297,2010,234.0,9.02,23.82
297,2015,418.0,8.11,21.41
297,2020,75.0,9.09,24.0
299,1995,216.0,21.12,54.4
299,2000,273.0,28.1,74.2
299,2005,235.0,20.9,55.2
299,2010,286.0,19.67,51.92
299,2015,329.0,18.92,49.95
299,2020,285.0,14.77,39.0
301,1995,1362.0,8.22,21.7
301,2000,1229.0,8.3,21.3
301,2005,1492.0,10.2,26.8
301,2010,2055.0,7.77,20.5
301,2015,1664.0,8.62,22.76
301,2020,1325.0,19.7,52.0
303,1995,851.0,6.83,18.0
303,2000,972.0,7.8,20.6
303,2005,905.0,8.2,21.6
303,2010,888.0,5.6,14.79
303,2015,949.0,6.11,16.13
303,2020,1407.0,10.61,28.0
305,1995,457.0,5.54,14.6
305,2000,535.0,5.1,13.5
305,2005,551.0,6.0,15.8
305,2010,541.0,5.14,13.56
305,2015,269.0,8.52,22.49
305,2020,504.0,17.8,47.0
307,1995,669.0,10.91,28.8
307,2000,757.0,9.9,26.1
307,2005,795.0,13.5,35.6
307,2010,799.0,6.55,17.29
307,2015,883.0,6.81,17.98
307,2020,815.0,12.12,32.0
311,1995,726.0,7.66,20.2
311,2000,808.0,9.8,25.9
311,2005,838.0,12.4,32.6
311,2010,826.0,5.84,15.41
311,2015,736.0,6.37,16.82
311,2020,494.0,12.88,34.0
313,1995,560.0,6.6,17.4
313,2000,677.0,8.1,21.4
313,2005,719.0,9.9,26.1
313,2010,564.0,6.86,18.12
313,2015,689.0,9.7,25.61
313,2020,538.0,7.58,20.0
315,1995,713.0,12.76,33.7
315,2000,745.0,12.1,31.9
315,2005,707.0,13.2,34.7
315,2010,735.0,10.66,28.13
315,2015,673.0,23.85,62.96
315,2020,595.0,7.58,20.0
317,1995,877.0,9.15,24.1
317,2000,816.0,6.4,21.0
317,2005,819.0,6.3,16.7
317,2010,941.0,9.42,24.86
317,2015,1141.0,7.23,19.09
317,2020,555,"<1,00","<10,00"
319,1995,837.0,13.2,34.8
319,2000,852.0,17.2,45.4
319,2005,786.0,13.2,35.0
319,2010,965.0,11.01,29.06
319,2015,989.0,21.38,56.44
319,2020,760.0,3.79,10.0
321,1995,498.0,11.24,29.7
321,2000,552.0,8.4,22.2
321,2005,464.0,9.3,24.6
321,2010,432.0,16.47,43.49
321,2015,329.0,6.78,17.9
321,2020,402.0,12.5,33.0
323,1995,159.0,5.19,13.7
323,2000,190.0,6.3,21.0
323,2005,168.0,6.4,21.0
323,2010,104.0,3.21,8.47
323,2015,354.0,4.39,11.59
323,2020,209.0,4.17,11.0
325,1995,438.0,7.44,19.6
325,2000,434.0,9.3,24.6
325,2005,506.0,6.4,17.0
325,2010,593.0,4.07,10.74
325,2015,666.0,10.01,26.43
325,2020,365.0,5.68,15.0
327,1995,515.0,7.92,20.9
327,2000,502.0,5.8,15.3
327,2005,534.0,8.9,23.6
327,2010,462.0,4.01,10.58
327,2015,833.0,4.72,12.46
327,2020,299.0,7.2,19.0
329,1995,970.0,7.09,18.7
329,2000,874.0,7.0,18.5
329,2005,830.0,6.5,17.2
329,2010,1285.0,5.55,14.64
329,2015,1012.0,10.73,28.33
329,2020,744.0,9.85,26.0
331,1995,468.0,11.76,31.0
331,2000,452.0,9.3,24.6
331,2005,409.0,6.9,18.2
331,2010,513.0,4.81,12.71
331,2015,234.0,6.04,15.95
331,2020,256.0,9.09,24.0
333,1995,685.0,18.34,48.4
333,2000,545.0,20.5,54.1
333,2005,636.0,18.5,48.9
333,2010,685.0,5.1,13.46
333,2015,404.0,6.67,17.61
333,2020,564.0,10.23,27.0
335,1995,175.0,19.89,52.5
335,2000,336.0,20.4,53.9
335,2005,308.0,18.5,48.9
335,2010,863.0,11.15,29.45
335,2015,752.0,20.45,53.99
335,2020,643.0,10.23,27.0
337,1995,553.0,6.83,18.0
337,2000,661.0,7.6,20.1
337,2005,594.0,9.6,25.3
337,2010,542.0,8.44,22.27
337,2015,459.0,5.04,13.31
337,2020,339.0,15.15,40.0
339,1995,440.0,13.06,34.5
339,2000,442.0,12.2,32.2
339,2005,464.0,14.7,38.8
339,2010,478.0,12.1,31.94
339,2015,299.0,6.39,16.87
339,2020,407,3.41,"<10,00"
341,1995,212.0,4.84,12.8
341,2000,288.0,3.8,10.0
341,2005,266.0,13.6,36.0
341,2010,310.0,3.98,10.51
341,2015,82.0,4.23,11.17
341,2020,510.0,7.2,19.0
343,1995,200.0,10.38,27.4
343,2000,166.0,12.4,32.7
343,2005,174.0,9.6,25.3
343,2010,342.0,8.39,22.14
343,2015,514.0,6.92,18.27
343,2020,238,"<1,00",10
345,1995,699.0,12.8,33.8
345,2000,610.0,15.5,40.9
345,2005,589.0,13.5,35.7
345,2010,321.0,10.88,28.72
345,2015,518.0,6.18,16.32
345,2020,288.0,5.68,15.0
347,1995,524.0,6.05,16.0
347,2000,613.0,6.7,17.6
347,2005,599.0,6.9,18.3
347,2010,681.0,5.84,15.42
347,2015,804.0,5.92,15.63
347,2020,518.0,3.79,10.0
349,1995,871.0,13.49,35.6
349,2000,734.0,14.5,38.3
349,2005,693.0,11.1,29.2
349,2010,778.0,5.63,14.87
349,2015,515.0,5.44,14.36
349,2020,560.0,7.2,19.0
351,1995,817.0,6.92,18.3
351,2000,782.0,9.9,26.1
351,2005,791.0,8.1,21.3
351,2010,813.0,5.02,13.24
351,2015,527.0,7.79,20.57
351,2020,619.0,7.58,20.0
353,1995,824.0,19.89,52.5
353,2000,698.0,22.8,60.2
353,2005,838.0,17.3,45.6
353,2010,734.0,12.7,33.54
353,2015,505.0,7.96,21.01
353,2020,668.0,10.98,29.0
355,1995,946.0,16.87,44.5
355,2000,816.0,19.4,51.2
355,2005,838.0,13.5,35.6
355,2010,764.0,8.89,23.46
355,2015,840.0,7.8,20.59
355,2020,696.0,9.85,26.0
357,1995,436.0,9.34,24.7
357,2000,488.0,7.4,19.5
357,2005,545.0,9.3,24.6
357,2010,477.0,6.43,16.99
357,2015,473.0,5.16,13.62
357,2020,684.0,10.61,28.0
359,1995,529.0,9.25,24.4
359,2000,499.0,7.5,19.5
359,2005,435.0,10.1,26.6
359,2010,486.0,5.09,13.42
359,2015,666.0,7.58,20.01
359,2020,438.0,3.79,10.0
361,1995,368.0,3.2,8.4
361,2000,356.0,2.1,5.5
361,2005,367.0,4.0,10.6
361,2010,399.0,3.19,8.41
361,2015,125.0,3.55,9.37
361,2020,333.0,3.79,10.0
363,1995,590.0,7.74,20.4
363,2000,531.0,5.5,14.5
363,2005,566.0,8.1,21.3
363,2010,594.0,4.48,11.84
363,2015,692.0,6.85,18.08
363,2020,690.0,12.12,32.0
365,1995,552.0,5.28,13.9
365,2000,536.0,8.7,23.0
365,2005,488.0,9.1,24.1
365,2010,805.0,4.45,11.74
365,2015,962.0,5.97,15.76
365,2020,725.0,4.92,13.0
367,1995,381.0,3.03,8.0
367,2000,265.0,3.7,9.8
367,2005,299.0,9.0,23.8
367,2010,354.0,3.83,10.11
367,2015,134.0,5.01,13.23
367,2020,354.0,3.79,10.0
369,1995,218.0,3.52,9.3
369,2000,226.0,4.0,10.6
369,2005,263.0,6.4,17.0
369,2010,256.0,4.11,10.85
369,2015,15.0,2.85,7.52
369,2020,115.0,8.33,22.0
371,1995,491.0,10.38,27.4
371,2000,442.0,8.4,22.2
371,2005,476.0,8.0,21.0
371,2010,618.0,7.04,18.6
371,2015,828.0,11.04,29.15
371,2020,408.0,6.44,17.0
373,1995,584.0,3.43,9.1
373,2000,694.0,3.7,9.8
373,2005,589.0,6.0,16.0
373,2010,612.0,4.95,13.07
373,2015,488.0,5.34,14.1
373,2020,522.0,7.95,21.0
375,1995,722.0,5.28,13.9
375,2000,777.0,7.8,20.6
375,2005,808.0,9.9,26.1
375,2010,766.0,5.3,14.0
375,2015,829.0,3.85,10.16
375,2020,685.0,6.82,18.0
377,1995,592.0,11.97,31.6
377,2000,514.0,9.8,25.9
377,2005,612.0,13.2,34.7
377,2010,413.0,5.8,15.3
377,2015,586.0,5.33,14.07
377,2020,443.0,3.79,10.0
379,1995,383.0,5.54,14.6
379,2000,331.0,4.6,12.1
379,2005,280.0,7.4,19.5
379,2010,300.0,4.14,10.92
379,2015,467.0,4.07,10.74
379,2020,273.0,6.82,18.0
381,1995,641.0,14.96,39.5
381,2000,644.0,16.7,44.1
381,2005,611.0,15.6,41.1
381,2010,971.0,15.08,39.81
381,2015,1096.0,7.45,19.67
381,2020,561.0,13.26,35.0
383,1995,380.0,7.92,20.9
383,2000,388.0,8.7,22.9
383,2005,338.0,8.9,23.6
383,2010,399.0,5.6,14.78
383,2015,416.0,4.28,11.3
383,2020,317.0,10.61,28.0
385,1995,247.0,2.2,5.8
385,2000,217.0,2.3,6.1
385,2005,183.0,3.9,10.4
385,2010,254.0,3.52,9.3
385,2015,481.0,4.02,10.61
385,2020,209.0,4.17,11.0
387,1995,625.0,8.27,21.8
387,2000,550.0,9.9,26.1
387,2005,562.0,8.0,21.0
387,2010,727.0,4.95,13.07
387,2015,749.0,5.42,14.31
387,2020,538.0,8.71,23.0
389,1995,654.0,5.63,14.9
389,2000,657.0,8.4,22.2
389,2005,618.0,8.6,22.8
389,2010,615.0,6.88,18.16
389,2015,610.0,6.16,16.26
389,2020,594.0,7.2,19.0
393,1995,764.0,21.12,54.4
393,2000,683.0,21.4,56.5
393,2005,715.0,18.1,47.7
393,2010,769.0,8.07,21.3
393,2015,1279.0,4.86,12.83
393,2020,661.0,4.92,13.0
395,1995,857.0,22.0,56.6
395,2000,746.0,21.1,54.4
395,2005,745.0,18.1,47.9
395,2010,709.0,9.73,25.68
395,2015,862.0,9.47,25.0
395,2020,621.0,11.74,31.0
397,1995,734.0,3.26,8.4
397,2000,675.0,2.8,7.4
397,2005,739.0,4.2,11.0
397,2010,750.0,8.27,21.83
397,2015,714.0,14.61,38.57
397,2020,612.0,8.71,23.0
399,1995,787.0,3.52,9.1
399,2000,787.0,2.6,6.8
399,2005,751.0,3.7,9.8
399,2010,764.0,4.9,12.93
399,2015,1073.0,18.51,48.87
399,2020,655.0,6.44,17.0
401,1995,827.0,13.73,35.4
401,2000,736.0,16.0,42.2
401,2005,771.0,11.1,29.3
401,2010,632.0,7.46,19.7
401,2015,723.0,8.35,22.04
401,2020,577.0,8.33,22.0
403,1995,687.0,19.36,49.8
403,2000,787.0,17.7,46.7
403,2005,771.0,12.0,31.6
403,2010,803.0,10.94,28.88
403,2015,788.0,12.98,34.27
403,2020,674.0,12.5,33.0
405,1995,1016.0,18.51,48.9
405,2000,911.0,15.5,40.9
405,2005,782.0,16.6,43.6
405,2010,853.0,9.2,24.29
405,2015,976.0,9.26,24.45
405,2020,602.0,11.36,30.0
407,1995,860.0,9.51,25.1
407,2000,739.0,11.6,30.6
407,2005,872.0,16.9,44.6
407,2010,802.0,6.57,17.35
407,2015,763.0,7.23,19.09
407,2020,718.0,7.2,19.0
409,1995,869.0,5.54,14.6
409,2000,774.0,6.0,15.8
409,2005,837.0,8.8,23.3
409,2010,844.0,6.89,18.2
409,2015,545.0,6.51,17.19
409,2020,670.0,15.53,41.0
411,1995,674.0,16.17,42.7
411,2000,807.0,22.8,60.2
411,2005,828.0,21.1,55.8
411,2010,784.0,15.69,41.42
411,2015,985.0,16.99,44.85
411,2020,680,"<1,00","<10,00"
413,1995,585.0,13.67,36.1
413,2000,594.0,12.2,32.2
413,2005,608.0,9.6,25.3
413,2010,579.0,4.7,12.41
413,2015,605.0,4.39,11.59
413,2020,477.0,6.82,18.0
415,1995,492.0,15.65,41.3
415,2000,588.0,16.9,44.6
415,2005,662.0,12.3,32.4
415,2010,653.0,6.37,16.81
415,2015,829.0,4.63,12.22
415,2020,554.0,6.82,18.0
417,1995,702.0,4.76,12.6
417,2000,808.0,6.6,17.4
417,2005,797.0,6.3,16.6
417,2010,703.0,7.39,19.5
417,2015,919.0,6.06,16.0
417,2020,633.0,9.47,25.0
419,1995,836.0,5.28,13.9
419,2000,740.0,6.7,17.6
419,2005,763.0,7.8,20.6
419,2010,746.0,6.9,18.22
419,2015,1011.0,9.27,24.47
419,2020,460.0,10.23,27.0
421,1995,727.0,10.12,26.7
421,2000,694.0,9.9,26.1
421,2005,623.0,11.1,29.2
421,2010,598.0,5.75,15.18
421,2015,1031.0,9.86,26.03
421,2020,653.0,5.3,14.0
423,1995,719.0,6.83,18.0
423,2000,616.0,5.6,14.8
423,2005,646.0,7.8,20.6
423,2010,826.0,5.66,14.93
423,2015,765.0,6.41,16.92
423,2020,497.0,4.55,12.0
425,1995,743.0,21.38,56.4
425,2000,719.0,23.2,61.2
425,2005,724.0,21.9,57.7
425,2010,962.0,17.8,46.99
425,2015,1002.0,9.31,24.58
425,2020,621.0,5.68,15.0
427,1995,807.0,4.15,10.9
427,2000,779.0,7.0,18.5
427,2005,778.0,9.2,24.3
427,2010,896.0,8.21,21.66
427,2015,866.0,5.33,14.07
427,2020,685.0,4.55,12.0
429,1995,1114.0,7.39,19.5
429,2000,1029.0,7.9,20.9
429,2005,1001.0,9.1,24.1
429,2010,935.0,8.63,22.77
429,2015,1070.0,9.01,23.79
429,2020,672.0,16.29,43.0
431,1995,674.0,8.62,22.8
431,2000,701.0,7.3,19.3
431,2005,656.0,9.2,24.3
431,2010,671.0,4.81,12.7
431,2015,542.0,3.55,9.37
431,2020,564.0,6.82,18.0
433,1995,691.0,5.72,15.1
433,2000,820.0,7.0,18.5
433,2005,752.0,9.2,24.3
433,2010,885.0,10.02,26.44
433,2015,576.0,5.65,14.92
433,2020,608.0,9.09,24.0
435,1995,929.0,13.84,36.5
435,2000,887.0,11.2,29.6
435,2005,1012.0,13.8,36.4
435,2010,979.0,10.11,26.68
435,2015,623.0,4.89,12.91
435,2020,1067.0,4.17,11.0
437,1995,853.0,3.55,9.4
437,2000,741.0,4.6,12.1
437,2005,746.0,7.6,20.0
437,2010,875.0,5.52,14.58
437,2015,683.0,5.17,13.65
437,2020,735.0,5.3,14.0
439,1995,726.0,3.52,9.3
439,2000,762.0,4.6,12.1
439,2005,744.0,5.3,13.9
439,2010,783.0,6.48,17.1
439,2015,822.0,5.87,15.5
439,2020,696.0,6.06,16.0
441,1995,1013.0,9.51,25.1
441,2000,896.0,9.9,26.1
441,2005,910.0,12.2,32.2
441,2010,947.0,8.07,21.31
441,2015,1018.0,6.53,17.24
441,2020,927.0,9.09,24.0
443,1995,736.0,5.02,13.2
443,2000,776.0,5.1,13.5
443,2005,831.0,5.2,13.9
443,2010,785.0,5.75,15.17
443,2015,705.0,5.35,14.12
443,2020,653.0,13.26,35.0
445,1995,651.0,7.7,20.3
445,2000,737.0,9.9,26.1
445,2005,746.0,11.2,29.7
445,2010,726.0,7.42,19.6
445,2015,885.0,5.52,14.57
445,2020,614.0,7.58,20.0
447,1995,714.0,13.64,36.0
447,2000,751.0,12.1,31.9
447,2005,774.0,17.6,46.4
447,2010,845.0,10.68,28.2
447,2015,1091.0,16.16,42.66
447,2020,660.0,6.82,18.0
449,1995,732.0,6.86,18.1
449,2000,723.0,5.3,14.0
449,2005,721.0,9.4,24.8
449,2010,780.0,5.44,14.36
449,2015,931.0,6.34,16.74
449,2020,1180,3.41,"<10,00"
