point_id,year,PAH_sum_13 [µg*kg-1],anthracene [µg*kg-1],benzo(a)anthracene [µg*kg-1],benzo(a)fluoranthene [µg*kg-1],benzo(a)pyrene [µg*kg-1],benzo(b)fluoranthene [µg*kg-1],benzo(ghi)perylene [µg*kg-1],benzo(k)fluoranthene [µg*kg-1],chrysene [µg*kg-1],dibenzo(a.h)anthracene [µg*kg-1],fluoranthene [µg*kg-1],fluorene [µg*kg-1],indeno(1.2.3-cd)pyrene [µg*kg-1],naphthalene [µg*kg-1],phenanthrene [µg*kg-1,pyrene [µg*kg-1]
1,1995,353.0,,,,,,,,,,,,,,,
1,2000,397.0,,,,,,,,,,,,,,,
1,2005,186.0,,,,,,,,,,,,,,,
1,2010,202.4,,,,,,,,,,,,,,,
1,2015,238.1,5.9,15.5,6.1,20.7,30.8,16.6,11.7,19.3,6.5,35.2,4.0,19.9,3.0,22.3,29.6
1,2020,88,"<25,0","<25,0","<25,0","<25,0","<25,0","<25,0","<25,0","<25,0","<25,0",34,"<25,0",34,"<25,0","<25,0",28
3,1995,941.0,,,,,,,,,,,,,,,
3,2000,795.0,,,,,,,,,,,,,,,
3,2005,521.0,,,,,,,,,,,,,,,
3,2010,528.6,,,,,,,,,,,,,,,
3,2015,713.9,7.5,63.4,13.0,70.7,102.0,51.2,35.6,68.5,11.7,111.1,4.2,55.6,6.1,35.2,97.1
3,2020,1178,"<25,0",96,113,116,"<25,0",111,97,114,37,206,"<25,0",153,"<25,0",84,164
5,1995,579.0,,,,,,,,,,,,,,,
5,2000,386.0,,,,,,,,,,,,,,,
5,2005,268.0,,,,,,,,,,,,,,,
5,2010,301.7,,,,,,,,,,,,,,,
5,2015,525.3,6.2,40.7,9.9,52.4,73.7,38.2,25.5,46.0,6.8,82.6,4.9,40.7,12.1,37.9,69.8
5,2020,363,"<25,0",44,"<25,0",43,"<25,0",33,"<25,0",33,"<25,0",73,"<25,0",41,"<25,0",43,53
7,1995,315.0,,,,,,,,,,,,,,,
7,2000,290.0,,,,,,,,,,,,,,,
7,2005,767.0,,,,,,,,,,,,,,,
7,2010,644.1,,,,,,,,,,,,,,,
7,2015,298.2,5.2,20.3,6.6,25.9,39.1,23.2,15.3,25.8,8.2,45.0,1.8,25.1,3.9,23.0,40.4
7,2020,332,"<25,0",25,"<25,0",37,38,28,33,36,"<25,0",53,"<25,0",35,"<25,0","<25,0",47
9,1995,683.0,,,,,,,,,,,,,,,
9,2000,646.0,,,,,,,,,,,,,,,
9,2005,729.0,,,,,,,,,,,,,,,
9,2010,581.8,,,,,,,,,,,,,,,
9,2015,502.1,8.2,40.7,11.3,44.9,70.0,38.0,23.8,42.2,10.4,75.5,5.1,49.6,4.1,29.5,64.3
9,2020,687,"<25,0",65,85,94,"<25,0",59,78,67,"<25,0",121,"<25,0",70,"<25,0",35,98
13,1995,704.0,,,,,,,,,,,,,,,
13,2000,797.0,,,,,,,,,,,,,,,
13,2005,628.0,,,,,,,,,,,,,,,
13,2010,678.7,,,,,,,,,,,,,,,
13,2015,471.8,6.0,33.2,9.6,43.6,61.9,33.3,21.1,36.9,9.2,72.8,5.8,44.6,6.8,39.8,63.6
13,2020,906,"<25,0",70,"<25,0",98,99,71,86,91,"<25,0",144,"<25,0",94,"<25,0",31,122
15,1995,238.0,,,,,,,,,,,,,,,
15,2000,448.0,,,,,,,,,,,,,,,
15,2005,174.0,,,,,,,,,,,,,,,
15,2010,200.2,,,,,,,,,,,,,,,
15,2015,130.3,3.7,8.5,6.1,12.6,7.4,10.0,7.5,9.1,5.8,16.0,4.8,13.9,10.4,16.6,14.3
15,2020,"<25,0","<25,0","<25,0","<25,0","<25,0","<25,0","<25,0","<25,0","<25,0","<25,0","<25,0","<25,0","<25,0","<25,0","<25,0","<25,0"
17,1995,1247.0,,,,,,,,,,,,,,,
17,2000,1760.0,,,,,,,,,,,,,,,
17,2005,1209.0,,,,,,,,,,,,,,,
17,2010,951.6,,,,,,,,,,,,,,,
17,2015,585.6,10.0,40.8,11.1,49.1,67.2,33.1,22.7,40.9,10.9,109.2,7.0,38.4,6.6,56.8,99.5
17,2020,347,"<25,0",27,"<25,0",37,37,31,30,35,"<25,0",60,"<25,0",36,"<25,0","<25,0",54
21,1995,295.0,,,,,,,,,,,,,,,
21,2000,483.0,,,,,,,,,,,,,,,
21,2005,297.0,,,,,,,,,,,,,,,
21,2010,369.6,,,,,,,,,,,,,,,
21,2015,446.7,5.8,29.0,7.2,36.7,54.3,34.1,19.7,35.2,8.8,63.4,5.2,36.0,11.0,63.7,54.8
21,2020,"<25,0","<25,0","<25,0","<25,0","<25,0","<25,0","<25,0","<25,0","<25,0","<25,0","<25,0","<25,0","<25,0","<25,0","<25,0","<25,0"
23,1995,724.0,,,,,,,,,,,,,,,
23,2000,764.0,,,,,,,,,,,,,,,
23,2005,673.0,,,,,,,,,,,,,,,
23,2010,604.0,,,,,,,,,,,,,,,
23,2015,459.5,6.1,35.1,9.0,40.5,61.9,34.0,22.8,41.6,9.5,67.2,5.5,36.7,6.7,40.4,58.0
23,2020,"<25,0","<25,0","<25,0","<25,0","<25,0","<25,0","<25,0","<25,0","<25,0","<25,0","<25,0","<25,0","<25,0","<25,0","<25,0","<25,0"
25,1995,196.0,,,,,,,,,,,,,,,
25,2000,235.0,,,,,,,,,,,,,,,
25,2005,410.0,,,,,,,,,,,,,,,
25,2010,151.7,,,,,,,,,,,,,,,
25,2015,128.3,3.2,7.1,4.4,10.5,6.4,10.2,7.0,10.5,5.4,15.0,3.3,12.3,9.2,24.7,12.7
25,2020,"<25,0","<25,0","<25,0","<25,0","<25,0","<25,0","<25,0","<25,0","<25,0","<25,0","<25,0","<25,0","<25,0","<25,0","<25,0","<25,0"
27,1995,199.0,,,,,,,,,,,,,,,
27,2000,326.0,,,,,,,,,,,,,,,
27,2005,241.0,,,,,,,,,,,,,,,
27,2010,257.9,,,,,,,,,,,,,,,
27,2015,189.0,2.5,12.3,4.4,17.7,28.9,13.8,10.4,15.9,4.4,27.6,2.1,15.7,5.0,13.4,24.3
27,2020,935,"<25,0",66,"<25,0",88,93,86,80,84,"<25,0",153,"<25,0",126,"<25,0",32,127
29,1995,595.0,,,,,,,,,,,,,,,
29,2000,730.0,,,,,,,,,,,,,,,
29,2005,358.0,,,,,,,,,,,,,,,
29,2010,431.6,,,,,,,,,,,,,,,
29,2015,220.3,4.6,14.5,5.3,23.0,29.9,21.0,12.1,17.0,7.8,27.0,1.2,19.8,8.2,12.9,29.5
29,2020,212,"<25,0","<25,0",49,44,"<25,0","<25,0",30,31,"<25,0",47,"<25,0",37,"<25,0","<25,0","<25,0"
31,1995,236.0,,,,,,,,,,,,,,,
31,2000,161.0,,,,,,,,,,,,,,,
31,2005,125.0,,,,,,,,,,,,,,,
31,2010,125.0,,,,,,,,,,,,,,,
31,2015,217.4,4.0,17.2,4.3,21.0,23.8,15.0,10.9,18.2,4.6,29.1,4.3,16.0,7.6,28.3,25.0
31,2020,30,"<25,0","<25,0","<25,0","<25,0","<25,0","<25,0","<25,0","<25,0","<25,0",30,"<25,0","<25,0","<25,0","<25,0","<25,0"
33,1995,559.0,,,,,,,,,,,,,,,
33,2000,630.0,,,,,,,,,,,,,,,
33,2005,857.0,,,,,,,,,,,,,,,
33,2010,413.6,,,,,,,,,,,,,,,
33,2015,225.7,3.8,16.4,5.4,20.7,7.9,18.1,12.3,21.4,5.0,35.4,4.0,19.2,9.6,31.9,29.5
33,2020,469,"<25,0",51,"<25,0",56,70,44,34,39,"<25,0",67,"<25,0",56,"<25,0","<25,0",52
35,1995,141.0,,,,,,,,,,,,,,,
35,2000,141.0,,,,,,,,,,,,,,,
35,2005,135.0,,,,,,,,,,,,,,,
35,2010,138.3,,,,,,,,,,,,,,,
35,2015,132.7,3.7,9.7,5.2,12.8,6.3,11.7,7.0,10.9,5.2,17.3,3.1,12.4,3.2,16.9,15.7
35,2020,"<25,0","<25,0","<25,0","<25,0","<25,0","<25,0","<25,0","<25,0","<25,0","<25,0","<25,0","<25,0","<25,0","<25,0","<25,0","<25,0"
37,1995,122.0,,,,,,,,,,,,,,,
37,2000,121.0,,,,,,,,,,,,,,,
37,2005,68.0,,,,,,,,,,,,,,,
37,2010,102.8,,,,,,,,,,,,,,,
37,2015,99.8,4.2,6.9,6.5,9.8,6.4,6.7,6.2,6.4,5.8,12.2,4.2,9.4,3.5,10.4,11.1
37,2020,"<25,0","<25,0","<25,0","<25,0","<25,0","<25,0","<25,0","<25,0","<25,0","<25,0","<25,0","<25,0","<25,0","<25,0","<25,0","<25,0"
39,1995,545.0,,,,,,,,,,,,,,,
39,2000,334.0,,,,,,,,,,,,,,,
39,2005,673.0,,,,,,,,,,,,,,,
39,2010,357.0,,,,,,,,,,,,,,,
39,2015,413.1,5.5,31.7,9.1,37.1,56.6,32.2,20.9,37.7,10.7,60.1,3.9,35.9,16.0,30.7,50.2
39,2020,134,"<25,0","<25,0",29,"<25,0","<25,0","<25,0","<25,0",27,"<25,0",39,"<25,0",34,"<25,0","<25,0",34
41,1995,1150.0,,,,,,,,,,,,,,,
41,2000,1246.0,,,,,,,,,,,,,,,
41,2005,607.0,,,,,,,,,,,,,,,
41,2010,673.1,,,,,,,,,,,,,,,
41,2015,742.7,7.7,60.9,14.8,70.3,99.0,61.6,34.0,69.5,15.6,109.8,4.7,69.9,9.4,45.0,94.7
41,2020,473,"<25,0",40,45,46,"<25,0",34,39,48,"<25,0",96,"<25,0",40,"<25,0",53,77
43,1995,908.0,,,,,,,,,,,,,,,
43,2000,906.0,,,,,,,,,,,,,,,
43,2005,2409.0,,,,,,,,,,,,,,,
43,2010,828.3,,,,,,,,,,,,,,,
43,2015,1188.2,14.0,98.6,16.2,100.0,155.9,77.0,52.4,110.2,16.2,187.6,6.7,93.5,8.0,98.2,177.8
43,2020,589,"<25,0",45,"<25,0",56,56,57,46,45,"<25,0",102,"<25,0",66,"<25,0",30,86
45,1995,443.0,,,,,,,,,,,,,,,
45,2000,460.0,,,,,,,,,,,,,,,
45,2005,1047.0,,,,,,,,,,,,,,,
45,2010,539.7,,,,,,,,,,,,,,,
45,2015,645.4,7.3,48.6,10.0,57.1,81.1,48.4,27.8,54.7,14.4,103.0,5.3,60.2,6.1,51.3,86.3
45,2020,382,"<25,0",25,"<25,0",38,36,45,31,28,"<25,0",70,"<25,0",51,"<25,0","<25,0",58
47,1995,327.0,,,,,,,,,,,,,,,
47,2000,515.0,,,,,,,,,,,,,,,
47,2005,266.0,,,,,,,,,,,,,,,
47,2010,1118.0,,,,,,,,,,,,,,,
47,2015,828.0,6.4,62.6,13.9,78.4,121.4,64.8,39.9,74.0,16.5,126.9,4.1,79.3,7.5,42.8,111.0
47,2020,1266,"<25,0",114,153,145,"<25,0",105,134,142,"<25,0",232,"<25,0",131,"<25,0",67,196
49,1995,819.0,,,,,,,,,,,,,,,
49,2000,584.0,,,,,,,,,,,,,,,
49,2005,591.0,,,,,,,,,,,,,,,
49,2010,833.1,,,,,,,,,,,,,,,
49,2015,718.0,6.2,53.7,11.9,65.7,98.2,48.1,34.7,66.3,12.6,124.8,3.9,58.5,3.2,33.6,111.9
49,2020,926,"<25,0",59,"<25,0",83,95,95,86,69,"<25,0",155,"<25,0",116,"<25,0",37,131
51,1995,596.0,,,,,,,,,,,,,,,
51,2000,340.0,,,,,,,,,,,,,,,
51,2005,592.0,,,,,,,,,,,,,,,
51,2010,930.6,,,,,,,,,,,,,,,
51,2015,1080.6,11.2,89.2,17.2,104.6,148.1,79.7,54.2,103.1,13.9,159.4,8.1,96.4,7.3,73.8,139.0
51,2020,4290,52,415,"<25,0",503,474,316,327,349,"<25,0",657,"<25,0",455,"<25,0",221,521
53,1995,196.0,,,,,,,,,,,,,,,
53,2000,177.0,,,,,,,,,,,,,,,
53,2005,262.0,,,,,,,,,,,,,,,
53,2010,295.3,,,,,,,,,,,,,,,
53,2015,249.9,5.2,15.2,5.7,19.4,11.7,15.1,11.6,20.4,4.3,28.5,6.0,20.0,7.8,67.7,24.9
53,2020,452,"<25,0",33,56,43,"<25,0",39,49,52,"<25,0",88,"<25,0",45,32,33,70
55,1995,459.0,,,,,,,,,,,,,,,
55,2000,452.0,,,,,,,,,,,,,,,
55,2005,220.0,,,,,,,,,,,,,,,
55,2010,603.4,,,,,,,,,,,,,,,
55,2015,406.3,6.3,25.1,7.2,25.4,41.2,23.5,16.3,30.7,7.9,59.2,4.8,27.0,8.1,91.2,47.7
55,2020,369,"<25,0",32,43,39,"<25,0",32,37,40,"<25,0",69,"<25,0",39,27,28,53
57,1995,783.0,,,,,,,,,,,,,,,
57,2000,749.0,,,,,,,,,,,,,,,
57,2005,535.0,,,,,,,,,,,,,,,
57,2010,323.2,,,,,,,,,,,,,,,
57,2015,2265.7,24.8,187.7,31.0,175.3,269.4,150.8,88.4,212.8,33.7,398.1,15.6,185.8,10.3,183.7,339.5
57,2020,493,"<25,0",34,"<25,0",43,49,40,37,44,"<25,0",81,"<25,0",66,"<25,0",39,60
59,1995,195.0,,,,,,,,,,,,,,,
59,2000,120.0,,,,,,,,,,,,,,,
59,2005,242.0,,,,,,,,,,,,,,,
59,2010,230.0,,,,,,,,,,,,,,,
59,2015,389.4,7.5,36.5,9.7,37.0,18.3,26.3,21.4,41.7,8.0,64.0,6.7,36.9,14.3,31.6,53.6
59,2020,232,"<25,0","<25,0","<25,0",26,32,28,"<25,0",26,"<25,0",40,"<25,0",48,"<25,0","<25,0",32
61,1995,210.0,,,,,,,,,,,,,,,
61,2000,154.0,,,,,,,,,,,,,,,
61,2005,269.0,,,,,,,,,,,,,,,
61,2010,238.0,,,,,,,,,,,,,,,
61,2015,259.7,5.8,20.5,7.0,23.0,13.0,16.3,14.0,23.8,5.8,46.2,6.3,23.0,10.9,21.9,40.0
61,2020,93,"<25,0","<25,0","<25,0","<25,0","<25,0","<25,0","<25,0","<25,0","<25,0",31,"<25,0",36,"<25,0","<25,0",26
63,1995,433.0,,,,,,,,,,,,,,,
63,2000,416.0,,,,,,,,,,,,,,,
63,2005,545.0,,,,,,,,,,,,,,,
63,2010,415.0,,,,,,,,,,,,,,,
63,2015,362.2,6.6,26.4,7.2,26.5,12.5,18.3,15.1,30.1,5.1,55.7,6.9,24.7,10.7,85.7,48.7
63,2020,468,"<25,0",33,"<25,0",43,44,43,38,39,"<25,0",72,"<25,0",70,"<25,0",27,59
65,1995,341.0,,,,,,,,,,,,,,,
65,2000,281.0,,,,,,,,,,,,,,,
65,2005,261.0,,,,,,,,,,,,,,,
65,2010,257.8,,,,,,,,,,,,,,,
65,2015,162.0,4.3,12.0,5.2,16.7,10.0,12.7,10.6,14.0,4.5,23.3,4.5,17.5,9.0,12.7,19.4
65,2020,28,"<25,0","<25,0","<25,0","<25,0","<25,0","<25,0","<25,0","<25,0","<25,0","<25,0","<25,0",28,"<25,0","<25,0","<25,0"
69,1995,368.0,,,,,,,,,,,,,,,
69,2000,249.0,,,,,,,,,,,,,,,
69,2005,241.0,,,,,,,,,,,,,,,
69,2010,421.8,,,,,,,,,,,,,,,
69,2015,365.3,8.0,35.1,9.2,37.2,17.4,23.6,21.3,36.2,7.1,60.8,6.3,32.3,8.3,28.1,51.9
69,2020,386,"<25,0",31,"<25,0",38,40,36,34,34,"<25,0",61,"<25,0",62,"<25,0","<25,0",50
71,1995,588.0,,,,,,,,,,,,,,,
71,2000,570.0,,,,,,,,,,,,,,,
71,2005,716.0,,,,,,,,,,,,,,,
71,2010,656.1,,,,,,,,,,,,,,,
71,2015,239.9,5.9,20.5,6.8,25.1,12.7,15.6,13.3,22.5,4.2,34.9,6.2,19.8,14.0,29.2,29.9
71,2020,312,"<25,0",33,"<25,0",31,27,28,25,28,"<25,0",70,"<25,0",40,"<25,0","<25,0",30
73,1995,187.0,,,,,,,,,,,,,,,
73,2000,192.0,,,,,,,,,,,,,,,
73,2005,156.0,,,,,,,,,,,,,,,
73,2010,135.0,,,,,,,,,,,,,,,
73,2015,187.0,5.3,14.0,5.7,15.2,20.3,11.8,8.3,15.0,6.1,28.6,4.7,13.8,2.6,20.5,23.4
73,2020,29,"<25,0","<25,0","<25,0","<25,0","<25,0","<25,0","<25,0","<25,0","<25,0","<25,0","<25,0",29,"<25,0","<25,0","<25,0"
75,1995,746.0,,,,,,,,,,,,,,,
75,2000,1780.0,,,,,,,,,,,,,,,
75,2005,876.0,,,,,,,,,,,,,,,
75,2010,938.6,,,,,,,,,,,,,,,
75,2015,908.7,6.7,68.7,15.2,88.2,136.3,70.3,46.5,84.8,15.3,139.3,4.4,79.3,3.3,46.9,121.9
75,2020,750,"<25,0",47,"<25,0",73,80,79,66,64,"<25,0",108,"<25,0",116,"<25,0",28,89
77,1995,444.0,,,,,,,,,,,,,,,
77,2000,559.0,,,,,,,,,,,,,,,
77,2005,184.0,,,,,,,,,,,,,,,
77,2010,534.6,,,,,,,,,,,,,,,
77,2015,912.5,7.8,71.6,15.5,87.7,122.2,60.2,43.6,80.1,13.7,160.0,4.5,71.6,3.1,49.4,139.9
77,2020,1336,"<25,0",102,"<25,0",136,132,130,114,115,"<25,0",209,"<25,0",181,"<25,0",41,176
79,1995,197.0,,,,,,,,,,,,,,,
79,2000,342.0,,,,,,,,,,,,,,,
79,2005,210.0,,,,,,,,,,,,,,,
79,2010,196.5,,,,,,,,,,,,,,,
79,2015,206.5,3.9,15.4,6.3,18.6,6.9,17.2,10.8,19.7,6.4,36.5,4.4,20.5,18.8,15.2,31.1
79,2020,313,"<25,0",38,"<25,0",40,51,30,"<25,0",29,"<25,0",49,"<25,0",38,"<25,0","<25,0",38
81,1995,639.0,,,,,,,,,,,,,,,
81,2000,408.0,,,,,,,,,,,,,,,
81,2005,301.0,,,,,,,,,,,,,,,
81,2010,434.5,,,,,,,,,,,,,,,
81,2015,232.4,3.5,16.3,6.2,20.1,33.6,17.5,11.7,21.8,6.5,36.1,3.0,20.2,6.4,10.8,31.2
81,2020,1099,"<25,0",106,"<25,0",129,168,89,83,98,"<25,0",148,"<25,0",128,"<25,0",30,120
83,1995,740.0,,,,,,,,,,,,,,,
83,2000,305.0,,,,,,,,,,,,,,,
83,2005,544.0,,,,,,,,,,,,,,,
83,2010,785.0,,,,,,,,,,,,,,,
83,2015,570.4,5.8,42.5,12.7,50.0,78.9,33.7,26.7,46.2,10.6,98.1,5.0,48.9,6.4,38.6,85.6
83,2020,980,"<25,0",95,"<25,0",113,120,77,68,83,"<25,0",166,"<25,0",101,"<25,0",30,127
85,1995,168.0,,,,,,,,,,,,,,,
85,2000,226.0,,,,,,,,,,,,,,,
85,2005,139.0,,,,,,,,,,,,,,,
85,2010,157.5,,,,,,,,,,,,,,,
85,2015,183.4,6.2,11.0,8.2,15.0,10.3,14.2,10.3,16.4,9.2,23.6,5.8,20.0,8.9,21.1,20.1
85,2020,1914,"<25,0",171,"<25,0",296,288,223,185,134,"<25,0",144,"<25,0",320,"<25,0",25,128
87,1995,222.0,,,,,,,,,,,,,,,
87,2000,367.0,,,,,,,,,,,,,,,
87,2005,285.0,,,,,,,,,,,,,,,
87,2010,247.3,,,,,,,,,,,,,,,
87,2015,101.9,5.1,5.9,5.9,8.3,6.4,6.9,6.2,8.2,5.3,13.8,3.4,9.4,2.6,13.3,9.9
87,2020,"<25,0","<25,0","<25,0","<25,0","<25,0","<25,0","<25,0","<25,0","<25,0","<25,0","<25,0","<25,0","<25,0","<25,0","<25,0","<25,0"
89,1995,111.0,,,,,,,,,,,,,,,
89,2000,118.0,,,,,,,,,,,,,,,
89,2005,171.0,,,,,,,,,,,,,,,
89,2010,120.0,,,,,,,,,,,,,,,
89,2015,97.5,3.6,6.3,5.7,9.4,6.0,7.5,5.9,6.5,5.2,12.7,3.9,9.8,6.2,9.4,11.3
89,2020,"<25,0","<25,0","<25,0","<25,0","<25,0","<25,0","<25,0","<25,0","<25,0","<25,0","<25,0","<25,0","<25,0","<25,0","<25,0","<25,0"
91,1995,134.0,,,,,,,,,,,,,,,
91,2000,132.0,,,,,,,,,,,,,,,
91,2005,129.0,,,,,,,,,,,,,,,
91,2010,100.0,,,,,,,,,,,,,,,
91,2015,102.0,3.6,7.4,5.7,9.4,6.0,6.9,6.1,7.9,5.2,13.0,3.2,9.6,4.4,12.4,11.4
91,2020,"<25,0","<25,0","<25,0","<25,0","<25,0","<25,0","<25,0","<25,0","<25,0","<25,0","<25,0","<25,0","<25,0","<25,0","<25,0","<25,0"
93,1995,4122.0,,,,,,,,,,,,,,,
93,2000,1638.0,,,,,,,,,,,,,,,
93,2005,1131.0,,,,,,,,,,,,,,,
93,2010,1722.1,,,,,,,,,,,,,,,
93,2015,1279.0,20.8,82.2,17.3,103.6,159.7,92.0,60.5,109.2,33.2,230.1,15.7,108.4,8.5,78.1,185.4
93,2020,1927,"<25,0",131,"<25,0",188,206,164,169,216,"<25,0",369,"<25,0",177,"<25,0","<25,0",307
95,1995,179.0,,,,,,,,,,,,,,,
95,2000,104.0,,,,,,,,,,,,,,,
95,2005,206.0,,,,,,,,,,,,,,,
95,2010,224.0,,,,,,,,,,,,,,,
95,2015,157.5,4.4,9.8,5.5,13.1,6.2,8.7,6.5,10.8,3.1,17.8,4.3,10.0,3.7,47.1,15.8
95,2020,"<25,0","<25,0","<25,0","<25,0","<25,0","<25,0","<25,0","<25,0","<25,0","<25,0","<25,0","<25,0","<25,0","<25,0","<25,0","<25,0"
97,1995,351.0,,,,,,,,,,,,,,,
97,2000,201.0,,,,,,,,,,,,,,,
97,2005,239.0,,,,,,,,,,,,,,,
97,2010,265.9,,,,,,,,,,,,,,,
97,2015,159.1,4.0,11.0,5.5,14.1,7.5,10.9,8.2,15.0,4.3,26.0,4.3,14.1,5.0,18.5,21.1
97,2020,"<25,0","<25,0","<25,0","<25,0","<25,0","<25,0","<25,0","<25,0","<25,0","<25,0","<25,0","<25,0","<25,0","<25,0","<25,0","<25,0"
99,1995,1248.0,,,,,,,,,,,,,,,
99,2000,1609.0,,,,,,,,,,,,,,,
99,2005,1842.0,,,,,,,,,,,,,,,
99,2010,1615.0,,,,,,,,,,,,,,,
99,2015,1435.1,20.2,109.8,26.0,124.4,173.6,105.0,60.8,122.1,22.7,227.2,12.2,130.8,8.5,127.4,199.0
99,2020,169,"<25,0","<25,0",28,"<25,0","<25,0","<25,0","<25,0",26,"<25,0",52,"<25,0",26,36,29,36
101,1995,187.0,,,,,,,,,,,,,,,
101,2000,54.0,,,,,,,,,,,,,,,
101,2005,155.0,,,,,,,,,,,,,,,
101,2010,377.5,,,,,,,,,,,,,,,
101,2015,139.5,4.2,9.3,5.9,11.7,15.2,8.6,6.5,9.4,4.1,17.4,3.8,11.0,3.4,22.8,15.6
101,2020,"<25,0","<25,0","<25,0","<25,0","<25,0","<25,0","<25,0","<25,0","<25,0","<25,0","<25,0","<25,0","<25,0","<25,0","<25,0","<25,0"
103,1995,308.0,,,,,,,,,,,,,,,
103,2000,279.0,,,,,,,,,,,,,,,
103,2005,284.0,,,,,,,,,,,,,,,
103,2010,324.5,,,,,,,,,,,,,,,
103,2015,274.1,4.3,18.3,6.6,23.8,34.2,20.4,12.9,24.2,4.9,43.4,4.4,25.2,4.0,22.2,36.0
103,2020,430,"<25,0",33,51,52,"<25,0",38,46,45,"<25,0",81,"<25,0",45,"<25,0",26,64
105,1995,353.0,,,,,,,,,,,,,,,
105,2000,140.0,,,,,,,,,,,,,,,
105,2005,260.0,,,,,,,,,,,,,,,
105,2010,210.1,,,,,,,,,,,,,,,
105,2015,242.9,5.3,18.0,7.0,20.3,29.8,15.3,10.9,21.0,5.0,40.9,4.7,18.8,6.8,18.6,34.3
105,2020,104,"<25,0","<25,0","<25,0","<25,0","<25,0","<25,0","<25,0","<25,0","<25,0",43,"<25,0","<25,0",33,28,33
107,1995,232.0,,,,,,,,,,,,,,,
107,2000,270.0,,,,,,,,,,,,,,,
107,2005,300.0,,,,,,,,,,,,,,,
107,2010,1334.0,,,,,,,,,,,,,,,
107,2015,474.6,9.3,32.2,10.8,43.7,58.5,49.2,17.0,33.3,38.9,51.8,12.3,61.0,10.7,20.0,47.4
107,2020,986,"<25,0",54,"<25,0",105,131,147,114,88,"<25,0",85,"<25,0",193,"<25,0","<25,0",69
111,1995,152.0,,,,,,,,,,,,,,,
111,2000,239.0,,,,,,,,,,,,,,,
111,2005,316.0,,,,,,,,,,,,,,,
111,2010,144.4,,,,,,,,,,,,,,,
111,2015,102.8,3.6,6.9,4.8,9.7,12.6,7.4,5.9,7.3,5.2,13.1,2.8,9.2,2.1,7.6,11.5
111,2020,"<25,0","<25,0","<25,0","<25,0","<25,0","<25,0","<25,0","<25,0","<25,0","<25,0","<25,0","<25,0","<25,0","<25,0","<25,0","<25,0"
113,1995,172.0,,,,,,,,,,,,,,,
113,2000,153.0,,,,,,,,,,,,,,,
113,2005,413.0,,,,,,,,,,,,,,,
113,2010,257.3,,,,,,,,,,,,,,,
113,2015,158.2,4.0,11.0,5.3,13.8,18.6,10.3,7.8,11.7,5.4,22.5,3.3,12.8,2.3,17.7,19.4
113,2020,249,"<25,0","<25,0","<25,0","<25,0","<25,0","<25,0","<25,0",30,"<25,0",77,"<25,0","<25,0",121,89,53
115,1995,199.0,,,,,,,,,,,,,,,
115,2000,174.0,,,,,,,,,,,,,,,
115,2005,348.0,,,,,,,,,,,,,,,
115,2010,229.3,,,,,,,,,,,,,,,
115,2015,167.0,4.0,11.7,5.6,15.6,21.5,12.4,8.7,13.0,6.0,24.4,3.1,15.3,5.5,10.3,21.0
115,2020,114,"<25,0","<25,0","<25,0","<25,0","<25,0","<25,0","<25,0","<25,0","<25,0",42,"<25,0",38,"<25,0","<25,0",34
117,1995,233.0,,,,,,,,,,,,,,,
117,2000,478.0,,,,,,,,,,,,,,,
117,2005,278.0,,,,,,,,,,,,,,,
117,2010,921.7,,,,,,,,,,,,,,,
117,2015,1021.5,11.0,107.0,18.3,109.8,39.9,71.0,57.1,117.3,13.4,173.5,7.2,88.7,12.4,68.7,156.8
117,2020,28,"<25,0","<25,0","<25,0","<25,0","<25,0","<25,0","<25,0","<25,0","<25,0",28,"<25,0","<25,0","<25,0","<25,0","<25,0"
119,1995,196.0,,,,,,,,,,,,,,,
119,2000,266.0,,,,,,,,,,,,,,,
119,2005,380.0,,,,,,,,,,,,,,,
119,2010,463.4,,,,,,,,,,,,,,,
119,2015,183.1,3.5,12.6,5.4,16.9,25.0,13.9,10.1,15.7,5.8,25.5,2.5,16.1,5.5,13.2,22.4
119,2020,373,"<25,0",34,57,52,"<25,0",37,44,42,"<25,0",65,"<25,0",45,"<25,0","<25,0",54
121,1995,1519.0,,,,,,,,,,,,,,,
121,2000,256.0,,,,,,,,,,,,,,,
121,2005,196.0,,,,,,,,,,,,,,,
121,2010,196.6,,,,,,,,,,,,,,,
121,2015,135.3,3.2,8.2,4.8,11.7,15.6,9.8,7.4,10.0,5.2,18.2,2.7,11.9,1.8,15.6,15.7
121,2020,"<25,0","<25,0","<25,0","<25,0","<25,0","<25,0","<25,0","<25,0","<25,0","<25,0","<25,0","<25,0","<25,0","<25,0","<25,0","<25,0"
123,1995,335.0,,,,,,,,,,,,,,,
123,2000,539.0,,,,,,,,,,,,,,,
123,2005,610.0,,,,,,,,,,,,,,,
123,2010,730.9,,,,,,,,,,,,,,,
123,2015,1205.6,17.3,99.1,13.8,110.7,36.6,75.4,52.5,116.6,11.1,221.4,16.0,90.3,15.4,173.5,185.2
123,2020,557,"<25,0",50,61,59,"<25,0",44,55,62,"<25,0",108,"<25,0",53,"<25,0",36,90
125,1995,338.0,,,,,,,,,,,,,,,
125,2000,531.0,,,,,,,,,,,,,,,
125,2005,336.0,,,,,,,,,,,,,,,
125,2010,306.5,,,,,,,,,,,,,,,
125,2015,417.1,7.1,37.5,8.5,35.1,50.1,24.5,19.5,36.0,8.0,74.5,3.8,29.4,11.2,29.9,61.6
125,2020,109,"<25,0","<25,0",25,"<25,0","<25,0","<25,0","<25,0","<25,0","<25,0",38,"<25,0",40,"<25,0","<25,0",31
127,1995,267.0,,,,,,,,,,,,,,,
127,2000,989.0,,,,,,,,,,,,,,,
127,2005,482.0,,,,,,,,,,,,,,,
127,2010,401.1,,,,,,,,,,,,,,,
127,2015,272.2,4.0,18.1,5.9,23.2,32.8,19.6,12.8,22.2,6.7,41.1,3.2,23.0,4.8,30.2,35.3
127,2020,624,"<25,0",53,86,86,"<25,0",61,75,69,"<25,0",114,"<25,0",74,"<25,0","<25,0",92
129,1995,105.0,,,,,,,,,,,,,,,
129,2000,164.0,,,,,,,,,,,,,,,
129,2005,143.0,,,,,,,,,,,,,,,
129,2010,180.3,,,,,,,,,,,,,,,
129,2015,119.1,3.2,7.4,4.5,11.2,15.3,8.7,6.9,8.5,4.9,16.0,2.8,11.0,2.3,9.4,13.9
129,2020,26,"<25,0","<25,0","<25,0","<25,0","<25,0","<25,0","<25,0","<25,0","<25,0",26,"<25,0","<25,0","<25,0","<25,0","<25,0"
131,1995,386.0,,,,,,,,,,,,,,,
131,2000,210.0,,,,,,,,,,,,,,,
131,2005,388.0,,,,,,,,,,,,,,,
131,2010,835.0,,,,,,,,,,,,,,,
131,2015,387.4,9.1,26.2,8.0,30.1,47.7,22.2,16.4,27.7,10.6,69.5,6.9,25.7,7.2,33.3,62.0
131,2020,343,"<25,0",28,40,35,"<25,0",38,35,37,"<25,0",60,"<25,0",61,"<25,0","<25,0",49
133,1995,159.0,,,,,,,,,,,,,,,
133,2000,199.0,,,,,,,,,,,,,,,
133,2005,265.0,,,,,,,,,,,,,,,
133,2010,181.0,,,,,,,,,,,,,,,
133,2015,147.3,3.8,11.1,5.5,13.5,11.4,11.3,9.0,14.4,5.4,19.1,3.6,13.8,9.9,13.8,17.1
133,2020,31,"<25,0","<25,0","<25,0","<25,0","<25,0","<25,0","<25,0","<25,0","<25,0","<25,0","<25,0",31,"<25,0","<25,0","<25,0"
135,1995,819.0,,,,,,,,,,,,,,,
135,2000,755.0,,,,,,,,,,,,,,,
135,2005,630.0,,,,,,,,,,,,,,,
135,2010,586.6,,,,,,,,,,,,,,,
135,2015,711.2,7.9,56.5,12.0,61.4,28.5,41.3,34.8,72.5,10.7,155.7,5.2,52.8,9.1,51.1,132.7
135,2020,304,"<25,0",27,32,40,"<25,0",28,30,33,"<25,0",49,"<25,0",37,"<25,0","<25,0",60
137,1995,246.0,,,,,,,,,,,,,,,
137,2000,394.0,,,,,,,,,,,,,,,
137,2005,366.0,,,,,,,,,,,,,,,
137,2010,349.2,,,,,,,,,,,,,,,
137,2015,265.1,5.1,20.3,9.0,24.4,37.8,17.1,12.9,19.7,8.0,39.8,3.9,24.9,3.5,15.1,35.8
137,2020,1054,"<25,0",106,120,128,"<25,0",85,113,118,"<25,0",185,"<25,0",108,"<25,0",54,157
139,1995,2070.0,,,,,,,,,,,,,,,
139,2000,540.0,,,,,,,,,,,,,,,
139,2005,2735.0,,,,,,,,,,,,,,,
139,2010,620.5,,,,,,,,,,,,,,,
139,2015,272.3,4.9,18.3,8.9,25.7,40.1,21.3,13.6,19.9,8.0,37.1,3.9,30.0,4.3,15.2,34.3
139,2020,364,"<25,0",30,42,38,"<25,0",31,35,40,"<25,0",67,"<25,0",34,34,35,54
141,1995,520.0,,,,,,,,,,,,,,,
141,2000,114.0,,,,,,,,,,,,,,,
141,2005,234.0,,,,,,,,,,,,,,,
141,2010,131.0,,,,,,,,,,,,,,,
141,2015,191.4,5.2,15.6,8.3,18.6,11.1,14.0,9.9,14.6,7.6,27.0,4.2,19.9,3.0,19.8,23.6
141,2020,456,"<25,0",48,"<25,0",45,44,31,41,56,"<25,0",85,"<25,0",35,"<25,0","<25,0",71
143,1995,277.0,,,,,,,,,,,,,,,
143,2000,260.0,,,,,,,,,,,,,,,
143,2005,368.0,,,,,,,,,,,,,,,
143,2010,637.7,,,,,,,,,,,,,,,
143,2015,669.9,11.5,57.3,15.6,61.9,84.9,44.7,32.2,60.6,10.2,101.6,6.1,54.4,10.5,58.4,86.2
143,2020,181,"<25,0","<25,0",29,25,"<25,0",33,"<25,0","<25,0","<25,0",40,"<25,0",50,"<25,0","<25,0",33
145,1995,285.0,,,,,,,,,,,,,,,
145,2000,507.0,,,,,,,,,,,,,,,
145,2005,401.0,,,,,,,,,,,,,,,
145,2010,523.3,,,,,,,,,,,,,,,
145,2015,314.8,4.7,20.5,8.8,27.0,44.9,21.9,14.9,23.5,8.7,51.9,4.0,32.0,3.6,14.0,46.6
145,2020,561,"<25,0",60,"<25,0",66,74,44,40,48,"<25,0",97,"<25,0",61,"<25,0","<25,0",71
147,1995,1054.0,,,,,,,,,,,,,,,
147,2000,785.0,,,,,,,,,,,,,,,
147,2005,595.0,,,,,,,,,,,,,,,
147,2010,586.5,,,,,,,,,,,,,,,
147,2015,1055.9,9.5,78.5,20.7,104.8,164.5,80.0,49.4,84.2,19.0,143.5,5.3,120.8,5.8,66.0,130.5
147,2020,1783,"<25,0",153,233,201,"<25,0",159,189,199,"<25,0",332,"<25,0",194,"<25,0",72,284
149,1995,149.0,,,,,,,,,,,,,,,
149,2000,175.0,,,,,,,,,,,,,,,
149,2005,205.0,,,,,,,,,,,,,,,
149,2010,133.9,,,,,,,,,,,,,,,
149,2015,121.8,4.8,8.8,7.3,12.2,8.9,10.0,6.8,7.2,6.8,15.5,4.3,13.8,3.9,8.6,14.1
149,2020,265,"<25,0",25,"<25,0",29,30,"<25,0",26,35,"<25,0",52,"<25,0",26,"<25,0","<25,0",42
151,1995,338.0,,,,,,,,,,,,,,,
151,2000,582.0,,,,,,,,,,,,,,,
151,2005,646.0,,,,,,,,,,,,,,,
151,2010,425.6,,,,,,,,,,,,,,,
151,2015,206.7,5.0,15.0,8.6,19.7,32.1,15.5,11.1,13.9,8.1,26.5,4.0,22.7,7.3,10.5,22.7
151,2020,191,"<25,0",35,"<25,0",31,"<25,0",25,"<25,0","<25,0","<25,0",39,"<25,0",31,"<25,0","<25,0",30
153,1995,265.0,,,,,,,,,,,,,,,
153,2000,351.0,,,,,,,,,,,,,,,
153,2005,713.0,,,,,,,,,,,,,,,
153,2010,681.6,,,,,,,,,,,,,,,
153,2015,166.6,7.5,9.4,6.0,13.4,14.2,12.2,6.8,9.4,7.3,25.3,7.0,12.6,7.9,18.7,22.8
153,2020,1408,"<25,0",156,"<25,0",176,179,108,101,115,"<25,0",201,"<25,0",159,"<25,0",56,157
155,1995,113.0,,,,,,,,,,,,,,,
155,2000,236.0,,,,,,,,,,,,,,,
155,2005,565.0,,,,,,,,,,,,,,,
155,2010,250.0,,,,,,,,,,,,,,,
155,2015,827.6,6.5,59.9,22.6,80.3,217.6,44.6,57.7,99.4,15.2,61.9,4.7,72.5,5.8,17.4,89.8
155,2020,190,"<25,0","<25,0",60,31,"<25,0",33,37,33,"<25,0","<25,0","<25,0",56,"<25,0","<25,0","<25,0"
157,1995,629.0,,,,,,,,,,,,,,,
157,2000,703.0,,,,,,,,,,,,,,,
157,2005,1640.0,,,,,,,,,,,,,,,
157,2010,882.0,,,,,,,,,,,,,,,
157,2015,980.2,32.7,84.1,18.5,77.8,108.8,49.2,34.9,70.2,14.2,174.9,15.5,76.6,4.2,93.0,148.2
157,2020,1443,"<25,0",138,181,164,"<25,0",124,155,157,"<25,0",255,"<25,0",154,37,87,209
159,1995,155.0,,,,,,,,,,,,,,,
159,2000,67.0,,,,,,,,,,,,,,,
159,2005,197.0,,,,,,,,,,,,,,,
159,2010,166.3,,,,,,,,,,,,,,,
159,2015,141.4,5.1,11.0,7.5,14.0,9.0,10.4,7.3,8.3,6.6,20.6,7.0,13.9,3.3,9.0,19.2
159,2020,557,30,44,52,50,"<25,0",37,46,48,"<25,0",93,31,46,94,66,66
161,1995,119.0,,,,,,,,,,,,,,,
161,2000,94.0,,,,,,,,,,,,,,,
161,2005,178.0,,,,,,,,,,,,,,,
161,2010,210.7,,,,,,,,,,,,,,,
161,2015,184.2,4.9,11.1,7.1,13.8,9.0,10.5,7.6,9.3,6.0,18.9,3.9,14.2,2.9,57.7,17.3
161,2020,28,"<25,0","<25,0","<25,0","<25,0","<25,0","<25,0","<25,0","<25,0","<25,0",28,"<25,0","<25,0","<25,0","<25,0","<25,0"
163,1995,244.0,,,,,,,,,,,,,,,
163,2000,402.0,,,,,,,,,,,,,,,
163,2005,354.0,,,,,,,,,,,,,,,
163,2010,331.7,,,,,,,,,,,,,,,
163,2015,227.8,4.7,15.2,7.5,19.9,39.1,16.7,12.3,18.7,8.1,29.4,3.7,24.3,3.2,9.2,26.5
163,2020,"<25,0","<25,0","<25,0","<25,0","<25,0","<25,0","<25,0","<25,0","<25,0","<25,0","<25,0","<25,0","<25,0","<25,0","<25,0","<25,0"
165,1995,122.0,,,,,,,,,,,,,,,
165,2000,86.0,,,,,,,,,,,,,,,
165,2005,151.0,,,,,,,,,,,,,,,
165,2010,132.0,,,,,,,,,,,,,,,
165,2015,108.9,4.5,7.6,7.1,10.8,8.4,8.7,6.5,5.6,6.5,12.7,4.1,11.8,3.3,10.2,11.5
165,2020,"<25,0","<25,0","<25,0","<25,0","<25,0","<25,0","<25,0","<25,0","<25,0","<25,0","<25,0","<25,0","<25,0","<25,0","<25,0","<25,0"
167,1995,110.0,,,,,,,,,,,,,,,
167,2000,128.0,,,,,,,,,,,,,,,
167,2005,104.0,,,,,,,,,,,,,,,
167,2010,177.9,,,,,,,,,,,,,,,
167,2015,99.9,3.9,6.9,6.4,11.2,6.4,7.7,6.5,7.2,5.3,11.7,3.4,9.5,2.8,9.1,11.2
167,2020,131,"<25,0",28,"<25,0",25,"<25,0",25,"<25,0","<25,0","<25,0",27,"<25,0",26,"<25,0","<25,0","<25,0"
169,1995,130.0,,,,,,,,,,,,,,,
169,2000,186.0,,,,,,,,,,,,,,,
169,2005,79.0,,,,,,,,,,,,,,,
169,2010,81.0,,,,,,,,,,,,,,,
169,2015,93.4,3.8,4.4,5.9,6.8,5.0,4.1,4.7,3.5,5.2,7.2,3.4,6.0,2.3,32.6,6.9
169,2020,"<25,0","<25,0","<25,0","<25,0","<25,0","<25,0","<25,0","<25,0","<25,0","<25,0","<25,0","<25,0","<25,0","<25,0","<25,0","<25,0"
171,1995,521.0,,,,,,,,,,,,,,,
171,2000,394.0,,,,,,,,,,,,,,,
171,2005,627.0,,,,,,,,,,,,,,,
171,2010,526.5,,,,,,,,,,,,,,,
171,2015,396.6,5.9,34.0,8.6,41.7,21.2,32.0,23.5,45.7,9.7,60.7,4.1,40.0,10.0,26.0,52.2
171,2020,"<25,0","<25,0","<25,0","<25,0","<25,0","<25,0","<25,0","<25,0","<25,0","<25,0","<25,0","<25,0","<25,0","<25,0","<25,0","<25,0"
173,1995,759.0,,,,,,,,,,,,,,,
173,2000,458.0,,,,,,,,,,,,,,,
173,2005,246.0,,,,,,,,,,,,,,,
173,2010,295.9,,,,,,,,,,,,,,,
173,2015,196.8,4.4,19.2,6.6,20.5,13.1,13.0,11.8,21.3,5.6,28.3,3.5,15.3,7.5,15.1,25.7
173,2020,450,"<25,0",55,"<25,0",54,65,39,34,39,"<25,0",62,"<25,0",54,"<25,0","<25,0",48
175,1995,494.0,,,,,,,,,,,,,,,
175,2000,493.0,,,,,,,,,,,,,,,
175,2005,233.0,,,,,,,,,,,,,,,
175,2010,623.8,,,,,,,,,,,,,,,
175,2015,690.9,9.4,54.3,11.1,49.9,73.2,36.8,25.3,59.7,9.4,133.5,6.5,45.8,3.6,70.9,116.3
175,2020,761,"<25,0",53,"<25,0",58,59,61,52,53,"<25,0",166,"<25,0",65,"<25,0",60,134
177,1995,188.0,,,,,,,,,,,,,,,
177,2000,170.0,,,,,,,,,,,,,,,
177,2005,814.0,,,,,,,,,,,,,,,
177,2010,524.4,,,,,,,,,,,,,,,
177,2015,237.7,6.1,18.8,7.2,19.9,10.7,17.9,11.8,23.5,5.8,40.9,5.5,15.7,11.4,26.8,34.4
177,2020,"<25,0","<25,0","<25,0","<25,0","<25,0","<25,0","<25,0","<25,0","<25,0","<25,0","<25,0","<25,0","<25,0","<25,0","<25,0","<25,0"
179,1995,1243.0,,,,,,,,,,,,,,,
179,2000,884.0,,,,,,,,,,,,,,,
179,2005,453.0,,,,,,,,,,,,,,,
179,2010,234.1,,,,,,,,,,,,,,,
179,2015,154.8,4.8,11.9,6.3,15.2,8.0,12.6,8.9,15.1,3.4,24.0,4.1,15.5,3.3,10.4,20.8
179,2020,1378,"<25,0",84,"<25,0",119,139,145,124,104,"<25,0",243,"<25,0",167,"<25,0",53,200
181,1995,141.0,,,,,,,,,,,,,,,
181,2000,116.0,,,,,,,,,,,,,,,
181,2005,222.0,,,,,,,,,,,,,,,
181,2010,254.6,,,,,,,,,,,,,,,
181,2015,123.7,3.9,8.2,5.2,11.1,6.9,9.8,7.6,11.6,2.9,17.3,4.1,12.6,5.1,12.5,15.0
181,2020,"<25,0","<25,0","<25,0","<25,0","<25,0","<25,0","<25,0","<25,0","<25,0","<25,0","<25,0","<25,0","<25,0","<25,0","<25,0","<25,0"
183,1995,171.0,,,,,,,,,,,,,,,
183,2000,393.0,,,,,,,,,,,,,,,
183,2005,214.0,,,,,,,,,,,,,,,
183,2010,156.8,,,,,,,,,,,,,,,
183,2015,191.1,5.9,14.6,7.2,15.5,9.2,11.9,8.8,13.7,6.4,27.0,4.9,15.5,8.2,35.0,22.7
183,2020,"<25,0","<25,0","<25,0","<25,0","<25,0","<25,0","<25,0","<25,0","<25,0","<25,0","<25,0","<25,0","<25,0","<25,0","<25,0","<25,0"
187,1995,187.0,,,,,,,,,,,,,,,
187,2000,622.0,,,,,,,,,,,,,,,
187,2005,512.0,,,,,,,,,,,,,,,
187,2010,434.3,,,,,,,,,,,,,,,
187,2015,349.5,6.1,19.2,7.4,22.1,11.9,18.6,13.5,22.0,6.4,38.8,7.5,24.1,12.0,125.6,33.8
187,2020,"<25,0","<25,0","<25,0","<25,0","<25,0","<25,0","<25,0","<25,0","<25,0","<25,0","<25,0","<25,0","<25,0","<25,0","<25,0","<25,0"
189,1995,140.0,,,,,,,,,,,,,,,
189,2000,221.0,,,,,,,,,,,,,,,
189,2005,342.0,,,,,,,,,,,,,,,
189,2010,352.0,,,,,,,,,,,,,,,
189,2015,385.7,8.3,32.1,9.0,32.1,14.0,22.9,15.2,32.0,7.7,61.8,8.1,30.1,11.7,69.1,52.3
189,2020,161,"<25,0","<25,0",32,31,"<25,0","<25,0","<25,0",25,"<25,0",41,"<25,0",32,"<25,0","<25,0",32
191,1995,131.0,,,,,,,,,,,,,,,
191,2000,199.0,,,,,,,,,,,,,,,
191,2005,292.0,,,,,,,,,,,,,,,
191,2010,398.0,,,,,,,,,,,,,,,
191,2015,324.2,7.4,27.4,10.0,29.5,15.4,24.6,16.8,29.0,9.6,54.6,6.6,32.2,10.7,24.0,47.0
191,2020,"<25,0","<25,0","<25,0","<25,0","<25,0","<25,0","<25,0","<25,0","<25,0","<25,0","<25,0","<25,0","<25,0","<25,0","<25,0","<25,0"
193,1995,973.0,,,,,,,,,,,,,,,
193,2000,452.0,,,,,,,,,,,,,,,
193,2005,574.0,,,,,,,,,,,,,,,
193,2010,2433.7,,,,,,,,,,,,,,,
193,2015,1081.2,26.9,84.9,11.3,85.5,110.5,62.1,44.0,77.7,31.0,165.6,20.6,79.9,23.2,155.8,136.7
193,2020,374,"<25,0",26,"<25,0",31,32,35,26,26,"<25,0",70,"<25,0",37,"<25,0",34,57
195,1995,192.0,,,,,,,,,,,,,,,
195,2000,175.0,,,,,,,,,,,,,,,
195,2005,754.0,,,,,,,,,,,,,,,
195,2010,312.6,,,,,,,,,,,,,,,
195,2015,291.7,7.1,24.7,9.5,28.3,14.4,22.4,15.7,25.9,8.8,46.7,6.3,29.6,14.4,23.5,38.2
195,2020,"<25,0","<25,0","<25,0","<25,0","<25,0","<25,0","<25,0","<25,0","<25,0","<25,0","<25,0","<25,0","<25,0","<25,0","<25,0","<25,0"
197,1995,156.0,,,,,,,,,,,,,,,
197,2000,146.0,,,,,,,,,,,,,,,
197,2005,410.0,,,,,,,,,,,,,,,
197,2010,287.6,,,,,,,,,,,,,,,
197,2015,384.0,8.3,20.3,7.9,21.1,11.7,17.7,12.4,19.4,8.0,41.8,10.3,23.5,20.5,154.6,34.9
197,2020,"<25,0","<25,0","<25,0","<25,0","<25,0","<25,0","<25,0","<25,0","<25,0","<25,0","<25,0","<25,0","<25,0","<25,0","<25,0","<25,0"
199,1995,92.0,,,,,,,,,,,,,,,
199,2000,173.0,,,,,,,,,,,,,,,
199,2005,485.0,,,,,,,,,,,,,,,
199,2010,161.0,,,,,,,,,,,,,,,
199,2015,180.0,5.9,12.7,7.3,15.8,9.6,13.3,9.1,13.4,7.5,22.4,5.8,17.5,7.6,27.5,19.7
199,2020,"<25,0","<25,0","<25,0","<25,0","<25,0","<25,0","<25,0","<25,0","<25,0","<25,0","<25,0","<25,0","<25,0","<25,0","<25,0","<25,0"
201,1995,245.0,,,,,,,,,,,,,,,
201,2000,306.0,,,,,,,,,,,,,,,
201,2005,457.0,,,,,,,,,,,,,,,
201,2010,256.0,,,,,,,,,,,,,,,
201,2015,271.6,7.0,24.2,7.8,22.2,11.7,17.1,12.6,23.6,7.2,43.0,5.4,21.6,6.9,38.8,37.3
201,2020,31,"<25,0","<25,0","<25,0","<25,0","<25,0","<25,0","<25,0","<25,0","<25,0","<25,0","<25,0",31,"<25,0","<25,0","<25,0"
203,1995,113.0,,,,,,,,,,,,,,,
203,2000,199.0,,,,,,,,,,,,,,,
203,2005,132.0,,,,,,,,,,,,,,,
203,2010,121.8,,,,,,,,,,,,,,,
203,2015,155.0,5.3,12.3,6.9,14.7,9.0,12.2,9.1,12.4,6.9,21.7,4.9,15.2,5.4,11.7,19.6
203,2020,471,"<25,0",34,"<25,0",47,58,50,47,54,"<25,0",69,"<25,0",53,"<25,0","<25,0",59
205,1995,276.0,,,,,,,,,,,,,,,
205,2000,266.0,,,,,,,,,,,,,,,
205,2005,310.0,,,,,,,,,,,,,,,
205,2010,409.5,,,,,,,,,,,,,,,
205,2015,124.0,2.8,6.4,4.3,9.2,13.5,6.9,6.2,7.4,4.6,12.6,2.3,9.5,2.1,31.5,11.1
205,2020,"<25,0","<25,0","<25,0","<25,0","<25,0","<25,0","<25,0","<25,0","<25,0","<25,0","<25,0","<25,0","<25,0","<25,0","<25,0","<25,0"
207,1995,195.0,,,,,,,,,,,,,,,
207,2000,451.0,,,,,,,,,,,,,,,
207,2005,753.0,,,,,,,,,,,,,,,
207,2010,1692.2,,,,,,,,,,,,,,,
207,2015,745.7,19.3,58.0,20.1,54.5,83.9,41.6,34.9,60.1,20.3,144.4,13.4,46.6,16.9,47.8,121.0
207,2020,268,"<25,0",30,"<25,0",32,30,"<25,0","<25,0",35,"<25,0",63,"<25,0",27,"<25,0","<25,0",51
209,1995,180.0,,,,,,,,,,,,,,,
209,2000,763.0,,,,,,,,,,,,,,,
209,2005,296.0,,,,,,,,,,,,,,,
209,2010,358.0,,,,,,,,,,,,,,,
209,2015,269.7,6.0,18.8,7.5,22.2,14.2,21.3,14.2,25.3,8.3,37.8,6.1,28.6,12.3,36.3,30.6
209,2020,"<25,0","<25,0","<25,0","<25,0","<25,0","<25,0","<25,0","<25,0","<25,0","<25,0","<25,0","<25,0","<25,0","<25,0","<25,0","<25,0"
211,1995,121.0,,,,,,,,,,,,,,,
211,2000,132.0,,,,,,,,,,,,,,,
211,2005,184.0,,,,,,,,,,,,,,,
211,2010,279.0,,,,,,,,,,,,,,,
211,2015,140.2,5.4,11.7,6.8,14.8,8.6,11.4,8.1,10.2,6.1,19.2,4.5,13.4,5.8,9.2,17.7
211,2020,438,"<25,0",29,"<25,0",41,50,35,80,28,"<25,0",52,"<25,0",26,"<25,0",28,69
213,1995,429.0,,,,,,,,,,,,,,,
213,2000,567.0,,,,,,,,,,,,,,,
213,2005,1192.0,,,,,,,,,,,,,,,
213,2010,551.5,,,,,,,,,,,,,,,
213,2015,473.6,4.4,31.7,8.4,45.3,66.9,36.1,24.6,42.8,9.5,75.2,3.4,41.0,3.4,29.4,63.2
213,2020,394,"<25,0",29,"<25,0",39,43,35,38,47,"<25,0",68,"<25,0",37,"<25,0","<25,0",58
215,1995,241.0,,,,,,,,,,,,,,,
215,2000,480.0,,,,,,,,,,,,,,,
215,2005,385.0,,,,,,,,,,,,,,,
215,2010,354.8,,,,,,,,,,,,,,,
215,2015,333.7,4.3,23.9,6.8,29.8,44.5,27.6,16.0,30.0,8.2,48.8,4.0,31.6,3.3,24.0,41.0
215,2020,"<25,0","<25,0","<25,0","<25,0","<25,0","<25,0","<25,0","<25,0","<25,0","<25,0","<25,0","<25,0","<25,0","<25,0","<25,0","<25,0"
217,1995,163.0,,,,,,,,,,,,,,,
217,2000,221.0,,,,,,,,,,,,,,,
217,2005,443.0,,,,,,,,,,,,,,,
217,2010,499.8,,,,,,,,,,,,,,,
217,2015,396.1,6.6,32.5,9.9,32.6,51.1,24.5,17.5,32.5,9.2,64.8,4.9,33.1,5.4,30.2,56.6
217,2020,26,"<25,0","<25,0","<25,0","<25,0","<25,0","<25,0","<25,0","<25,0","<25,0",26,"<25,0","<25,0","<25,0","<25,0","<25,0"
219,1995,301.0,,,,,,,,,,,,,,,
219,2000,469.0,,,,,,,,,,,,,,,
219,2005,806.0,,,,,,,,,,,,,,,
219,2010,958.1,,,,,,,,,,,,,,,
219,2015,281.3,5.2,14.0,5.8,19.8,36.3,22.0,14.0,19.3,7.5,31.2,1.5,19.9,5.4,70.1,20.6
219,2020,"<25,0","<25,0","<25,0","<25,0","<25,0","<25,0","<25,0","<25,0","<25,0","<25,0","<25,0","<25,0","<25,0","<25,0","<25,0","<25,0"
221,1995,786.0,,,,,,,,,,,,,,,
221,2000,858.0,,,,,,,,,,,,,,,
221,2005,984.0,,,,,,,,,,,,,,,
221,2010,806.8,,,,,,,,,,,,,,,
221,2015,707.8,6.6,50.1,12.4,62.4,98.0,57.7,33.6,61.9,15.6,112.2,4.5,71.1,6.0,38.4,95.6
221,2020,7493,81,588,"<25,0",735,778,680,692,661,"<25,0",1190,"<25,0",818,"<25,0",274,996
223,1995,139.0,,,,,,,,,,,,,,,
223,2000,119.0,,,,,,,,,,,,,,,
223,2005,225.0,,,,,,,,,,,,,,,
223,2010,451.0,,,,,,,,,,,,,,,
223,2015,345.4,4.7,22.6,6.5,28.9,42.3,22.1,15.5,27.5,7.1,59.0,4.5,26.7,5.4,36.3,48.2
223,2020,424,"<25,0",29,"<25,0",43,43,45,37,37,"<25,0",63,"<25,0",73,"<25,0","<25,0",54
225,1995,277.0,,,,,,,,,,,,,,,
225,2000,390.0,,,,,,,,,,,,,,,
225,2005,353.0,,,,,,,,,,,,,,,
225,2010,236.4,,,,,,,,,,,,,,,
225,2015,428.7,6.0,32.9,8.5,38.5,60.4,30.7,21.6,39.7,7.9,68.4,4.0,35.4,6.5,25.4,57.9
225,2020,37,"<25,0","<25,0","<25,0","<25,0","<25,0","<25,0","<25,0","<25,0","<25,0","<25,0","<25,0",37,"<25,0","<25,0","<25,0"
229,1995,499.0,,,,,,,,,,,,,,,
229,2000,552.0,,,,,,,,,,,,,,,
229,2005,432.0,,,,,,,,,,,,,,,
229,2010,868.2,,,,,,,,,,,,,,,
229,2015,229.7,5.0,17.4,6.3,21.7,31.4,18.4,12.6,19.4,7.4,34.2,1.2,18.3,6.0,14.7,27.9
229,2020,345,"<25,0",36,43,46,"<25,0",29,38,38,"<25,0",67,"<25,0",35,"<25,0","<25,0",56
231,1995,119.0,,,,,,,,,,,,,,,
231,2000,264.0,,,,,,,,,,,,,,,
231,2005,305.0,,,,,,,,,,,,,,,
231,2010,142.1,,,,,,,,,,,,,,,
231,2015,488.6,3.7,30.9,8.3,48.7,75.3,41.2,27.5,45.3,8.5,74.6,3.1,45.7,3.5,19.3,64.8
231,2020,660,"<25,0",40,"<25,0",65,81,76,61,60,"<25,0",90,"<25,0",114,"<25,0","<25,0",73
233,1995,169.0,,,,,,,,,,,,,,,
233,2000,231.0,,,,,,,,,,,,,,,
233,2005,214.0,,,,,,,,,,,,,,,
233,2010,187.4,,,,,,,,,,,,,,,
233,2015,146.5,3.9,9.8,5.3,13.0,8.3,11.3,9.0,13.5,4.7,19.6,3.2,14.4,2.9,18.8,17.1
233,2020,96,"<25,0","<25,0",30,26,"<25,0","<25,0","<25,0","<25,0","<25,0",38,"<25,0","<25,0","<25,0","<25,0",32
235,1995,434.0,,,,,,,,,,,,,,,
235,2000,350.0,,,,,,,,,,,,,,,
235,2005,829.0,,,,,,,,,,,,,,,
235,2010,608.5,,,,,,,,,,,,,,,
235,2015,446.6,4.8,31.7,8.8,41.7,62.1,33.6,23.2,38.8,8.1,61.2,3.2,41.7,4.4,43.9,52.5
235,2020,873,"<25,0",85,"<25,0",96,117,73,63,75,"<25,0",133,"<25,0",102,"<25,0",28,101
237,1995,401.0,,,,,,,,,,,,,,,
237,2000,527.0,,,,,,,,,,,,,,,
237,2005,340.0,,,,,,,,,,,,,,,
237,2010,387.6,,,,,,,,,,,,,,,
237,2015,268.9,5.5,20.2,7.7,23.4,35.5,18.0,14.2,23.7,6.4,36.7,4.1,23.0,6.2,26.4,31.7
237,2020,438,"<25,0",40,55,49,"<25,0",37,43,48,"<25,0",81,"<25,0",47,"<25,0",27,66
239,1995,361.0,,,,,,,,,,,,,,,
239,2000,521.0,,,,,,,,,,,,,,,
239,2005,374.0,,,,,,,,,,,,,,,
239,2010,429.6,,,,,,,,,,,,,,,
239,2015,292.9,3.8,18.9,6.7,28.3,47.2,26.7,17.1,26.0,8.5,35.1,3.2,31.9,5.0,15.5,30.8
239,2020,581,"<25,0",53,"<25,0",69,96,62,46,46,"<25,0",72,"<25,0",82,"<25,0","<25,0",55
241,1995,207.0,,,,,,,,,,,,,,,
241,2000,154.0,,,,,,,,,,,,,,,
241,2005,286.0,,,,,,,,,,,,,,,
241,2010,161.8,,,,,,,,,,,,,,,
241,2015,116.0,3.8,8.0,4.9,10.6,6.9,9.1,7.7,10.1,4.2,15.9,3.0,11.1,2.7,11.6,14.1
241,2020,25,"<25,0","<25,0","<25,0","<25,0","<25,0","<25,0","<25,0","<25,0","<25,0","<25,0","<25,0",25,"<25,0","<25,0","<25,0"
243,1995,156.0,,,,,,,,,,,,,,,
243,2000,191.0,,,,,,,,,,,,,,,
243,2005,632.0,,,,,,,,,,,,,,,
243,2010,252.3,,,,,,,,,,,,,,,
243,2015,215.1,4.4,13.8,5.8,18.1,10.2,15.4,11.9,18.5,5.0,28.3,3.4,18.8,6.1,43.4,24.2
243,2020,569,"<25,0",59,"<25,0",69,89,54,44,47,"<25,0",74,"<25,0",76,"<25,0","<25,0",57
245,1995,352.0,,,,,,,,,,,,,,,
245,2000,228.0,,,,,,,,,,,,,,,
245,2005,258.0,,,,,,,,,,,,,,,
245,2010,494.8,,,,,,,,,,,,,,,
245,2015,334.8,5.3,24.2,7.0,26.8,45.7,21.4,16.9,32.1,6.3,49.8,3.6,26.5,3.9,34.4,41.6
245,2020,874,"<25,0",71,89,79,"<25,0",54,78,95,"<25,0",174,"<25,0",72,29,114,137
247,1995,325.0,,,,,,,,,,,,,,,
247,2000,426.0,,,,,,,,,,,,,,,
247,2005,1780.0,,,,,,,,,,,,,,,
247,2010,2331.0,,,,,,,,,,,,,,,
247,2015,661.3,21.9,52.5,11.7,59.2,54.7,43.8,31.1,47.3,27.9,96.1,16.8,57.9,14.3,70.2,81.9
247,2020,2123,36,223,239,213,"<25,0",141,201,232,"<25,0",426,"<25,0",183,"<25,0",125,343
249,1995,289.0,,,,,,,,,,,,,,,
249,2000,229.0,,,,,,,,,,,,,,,
249,2005,352.0,,,,,,,,,,,,,,,
249,2010,211.4,,,,,,,,,,,,,,,
249,2015,197.9,4.2,13.2,6.1,17.4,28.4,14.4,11.6,17.3,5.5,27.2,3.1,18.3,2.8,14.7,22.9
249,2020,180,"<25,0","<25,0",27,"<25,0","<25,0",25,"<25,0",26,"<25,0",50,"<25,0",40,"<25,0","<25,0",39
251,1995,299.0,,,,,,,,,,,,,,,
251,2000,250.0,,,,,,,,,,,,,,,
251,2005,743.0,,,,,,,,,,,,,,,
251,2010,425.9,,,,,,,,,,,,,,,
251,2015,208.0,4.1,15.0,5.7,17.5,28.5,14.2,11.8,18.9,4.8,31.3,2.9,17.6,3.2,15.1,26.4
251,2020,296,"<25,0",25,39,33,"<25,0",27,32,36,"<25,0",61,"<25,0",33,"<25,0","<25,0",49
253,1995,711.0,,,,,,,,,,,,,,,
253,2000,712.0,,,,,,,,,,,,,,,
253,2005,719.0,,,,,,,,,,,,,,,
253,2010,364.0,,,,,,,,,,,,,,,
253,2015,190.7,4.3,12.2,5.7,15.9,24.1,12.9,10.6,15.3,5.0,26.9,3.4,16.0,4.0,21.5,22.6
253,2020,1220,25,97,"<25,0",106,114,94,102,106,"<25,0",185,"<25,0",139,"<25,0",106,146
255,1995,339.0,,,,,,,,,,,,,,,
255,2000,168.0,,,,,,,,,,,,,,,
255,2005,235.0,,,,,,,,,,,,,,,
255,2010,270.0,,,,,,,,,,,,,,,
255,2015,119.7,3.5,8.6,4.9,11.4,6.7,9.2,7.3,10.2,3.9,18.0,2.5,11.0,2.3,10.8,16.6
255,2020,"<25,0","<25,0","<25,0","<25,0","<25,0","<25,0","<25,0","<25,0","<25,0","<25,0","<25,0","<25,0","<25,0","<25,0","<25,0","<25,0"
257,1995,128.0,,,,,,,,,,,,,,,
257,2000,89.0,,,,,,,,,,,,,,,
257,2005,203.0,,,,,,,,,,,,,,,
257,2010,270.0,,,,,,,,,,,,,,,
257,2015,283.8,6.2,22.9,7.4,26.6,35.4,17.2,14.7,24.3,4.1,44.8,3.7,19.4,1.9,27.2,37.3
257,2020,235,"<25,0",32,"<25,0",31,43,26,"<25,0","<25,0","<25,0",40,"<25,0",32,"<25,0","<25,0",31
259,1995,249.0,,,,,,,,,,,,,,,
259,2000,203.0,,,,,,,,,,,,,,,
259,2005,225.0,,,,,,,,,,,,,,,
259,2010,350.3,,,,,,,,,,,,,,,
259,2015,166.0,4.0,11.2,5.7,14.3,21.8,11.3,9.7,14.0,4.6,23.9,2.7,13.8,3.2,14.5,20.2
259,2020,487,"<25,0",36,"<25,0",41,43,35,36,41,"<25,0",82,"<25,0",64,"<25,0",46,63
261,1995,450.0,,,,,,,,,,,,,,,
261,2000,553.0,,,,,,,,,,,,,,,
261,2005,1118.0,,,,,,,,,,,,,,,
261,2010,560.0,,,,,,,,,,,,,,,
261,2015,582.1,9.7,37.4,6.3,47.5,66.6,38.3,24.6,43.6,9.5,84.2,8.2,40.1,8.3,98.1,74.2
261,2020,430,"<25,0",31,48,40,"<25,0",43,38,43,"<25,0",77,"<25,0",68,"<25,0",29,61
263,1995,103.0,,,,,,,,,,,,,,,
263,2000,81.0,,,,,,,,,,,,,,,
263,2005,243.0,,,,,,,,,,,,,,,
263,2010,165.0,,,,,,,,,,,,,,,
263,2015,101.2,4.2,6.6,6.4,9.7,7.6,8.1,5.7,5.0,5.8,11.1,3.7,9.8,4.4,13.9,10.2
263,2020,"<25,0","<25,0","<25,0","<25,0","<25,0","<25,0","<25,0","<25,0","<25,0","<25,0","<25,0","<25,0","<25,0","<25,0","<25,0","<25,0"
265,1995,1449.0,,,,,,,,,,,,,,,
265,2000,1065.0,,,,,,,,,,,,,,,
265,2005,1022.0,,,,,,,,,,,,,,,
265,2010,655.1,,,,,,,,,,,,,,,
265,2015,529.0,5.0,37.5,8.2,45.0,71.8,32.9,25.5,44.9,9.8,81.9,4.1,40.3,8.8,60.4,69.8
265,2020,"<25,0","<25,0","<25,0","<25,0","<25,0","<25,0","<25,0","<25,0","<25,0","<25,0","<25,0","<25,0","<25,0","<25,0","<25,0","<25,0"
267,1995,90.0,,,,,,,,,,,,,,,
267,2000,85.0,,,,,,,,,,,,,,,
267,2005,151.0,,,,,,,,,,,,,,,
267,2010,151.0,,,,,,,,,,,,,,,
267,2015,110.1,4.2,7.7,6.8,10.5,8.1,8.9,6.3,6.1,6.3,12.7,3.5,11.4,3.1,12.4,11.8
267,2020,56,"<25,0","<25,0","<25,0","<25,0","<25,0","<25,0",27,"<25,0","<25,0",29,"<25,0","<25,0","<25,0","<25,0","<25,0"
269,1995,118.0,,,,,,,,,,,,,,,
269,2000,118.0,,,,,,,,,,,,,,,
269,2005,173.0,,,,,,,,,,,,,,,
269,2010,142.5,,,,,,,,,,,,,,,
269,2015,93.9,3.8,6.2,5.5,8.6,5.5,8.1,5.6,6.5,7.0,9.8,3.3,10.2,3.6,10.0,9.3
269,2020,"<25,0","<25,0","<25,0","<25,0","<25,0","<25,0","<25,0","<25,0","<25,0","<25,0","<25,0","<25,0","<25,0","<25,0","<25,0","<25,0"
271,1995,225.0,,,,,,,,,,,,,,,
271,2000,424.0,,,,,,,,,,,,,,,
271,2005,149.0,,,,,,,,,,,,,,,
271,2010,361.9,,,,,,,,,,,,,,,
271,2015,185.0,3.8,11.7,5.9,16.8,24.5,14.6,10.2,13.9,7.3,20.3,2.9,18.3,2.8,22.0,18.6
271,2020,389,"<25,0",32,57,48,"<25,0",42,51,48,"<25,0",63,"<25,0",51,33,"<25,0",54
273,1995,98.0,,,,,,,,,,,,,,,
273,2000,137.0,,,,,,,,,,,,,,,
273,2005,163.0,,,,,,,,,,,,,,,
273,2010,120.0,,,,,,,,,,,,,,,
273,2015,82.5,3.1,5.1,4.3,7.8,8.7,6.5,5.7,7.0,4.2,8.6,2.8,7.6,8.0,7.9,7.8
273,2020,"<25,0","<25,0","<25,0","<25,0","<25,0","<25,0","<25,0","<25,0","<25,0","<25,0","<25,0","<25,0","<25,0","<25,0","<25,0","<25,0"
275,1995,508.0,,,,,,,,,,,,,,,
275,2000,484.0,,,,,,,,,,,,,,,
275,2005,892.0,,,,,,,,,,,,,,,
275,2010,901.9,,,,,,,,,,,,,,,
275,2015,1009.8,6.1,76.5,18.1,99.7,158.6,70.6,53.7,86.7,17.5,169.8,3.3,84.4,4.7,33.5,149.5
275,2020,2057,"<25,0",205,"<25,0",239,268,157,157,175,"<25,0",320,"<25,0",220,"<25,0",67,249
277,1995,322.0,,,,,,,,,,,,,,,
277,2000,232.0,,,,,,,,,,,,,,,
277,2005,217.0,,,,,,,,,,,,,,,
277,2010,209.7,,,,,,,,,,,,,,,
277,2015,103.1,3.4,7.1,4.7,9.3,9.0,7.9,6.5,8.7,4.8,12.5,3.2,9.5,5.8,10.0,11.2
277,2020,26,"<25,0","<25,0","<25,0","<25,0","<25,0","<25,0","<25,0","<25,0","<25,0",26,"<25,0","<25,0","<25,0","<25,0","<25,0"
279,1995,121.0,,,,,,,,,,,,,,,
279,2000,165.0,,,,,,,,,,,,,,,
279,2005,134.0,,,,,,,,,,,,,,,
279,2010,318.0,,,,,,,,,,,,,,,
279,2015,88.0,3.3,5.6,4.7,8.8,9.0,7.1,6.1,6.7,4.5,9.0,2.9,8.3,5.5,8.7,8.1
279,2020,29,"<25,0","<25,0",26,"<25,0","<25,0","<25,0","<25,0","<25,0","<25,0",29,"<25,0","<25,0","<25,0","<25,0","<25,0"
281,1995,506.0,,,,,,,,,,,,,,,
281,2000,438.0,,,,,,,,,,,,,,,
281,2005,478.0,,,,,,,,,,,,,,,
281,2010,446.0,,,,,,,,,,,,,,,
281,2015,312.0,7.9,21.0,7.6,27.2,40.7,22.9,15.0,23.6,10.2,48.5,6.7,26.2,12.3,19.4,42.8
281,2020,25,"<25,0","<25,0","<25,0","<25,0","<25,0","<25,0","<25,0","<25,0","<25,0",25,"<25,0","<25,0","<25,0","<25,0","<25,0"
283,1995,194.0,,,,,,,,,,,,,,,
283,2000,438.0,,,,,,,,,,,,,,,
283,2005,358.0,,,,,,,,,,,,,,,
283,2010,517.3,,,,,,,,,,,,,,,
283,2015,149.9,4.2,12.0,5.8,13.6,11.0,9.8,8.9,13.9,5.6,21.0,3.7,12.8,9.5,15.6,17.5
283,2020,"<25,0","<25,0","<25,0","<25,0","<25,0","<25,0","<25,0","<25,0","<25,0","<25,0","<25,0","<25,0","<25,0","<25,0","<25,0","<25,0"
285,1995,261.0,,,,,,,,,,,,,,,
285,2000,907.0,,,,,,,,,,,,,,,
285,2005,295.0,,,,,,,,,,,,,,,
285,2010,269.0,,,,,,,,,,,,,,,
285,2015,111.8,3.6,7.9,4.6,10.7,9.7,9.1,7.0,9.5,4.8,14.0,2.8,11.0,5.3,9.2,12.5
285,2020,"<25,0","<25,0","<25,0","<25,0","<25,0","<25,0","<25,0","<25,0","<25,0","<25,0","<25,0","<25,0","<25,0","<25,0","<25,0","<25,0"
287,1995,874.0,,,,,,,,,,,,,,,
287,2000,207.0,,,,,,,,,,,,,,,
287,2005,177.0,,,,,,,,,,,,,,,
287,2010,212.2,,,,,,,,,,,,,,,
287,2015,110.1,3.2,6.0,4.3,8.3,8.7,7.0,6.2,8.1,4.5,12.2,3.0,8.6,5.0,23.5,10.7
287,2020,"<25,0","<25,0","<25,0","<25,0","<25,0","<25,0","<25,0","<25,0","<25,0","<25,0","<25,0","<25,0","<25,0","<25,0","<25,0","<25,0"
289,1995,1070.0,,,,,,,,,,,,,,,
289,2000,411.0,,,,,,,,,,,,,,,
289,2005,1041.0,,,,,,,,,,,,,,,
289,2010,662.6,,,,,,,,,,,,,,,
289,2015,457.2,4.9,34.9,10.4,50.6,25.0,41.6,28.9,49.1,10.9,70.8,3.1,53.3,5.3,19.3,64.7
289,2020,7138,54,592,1050,967,"<25,0",847,971,767,"<25,0",919,"<25,0",1010,"<25,0",202,809
291,1995,194.0,,,,,,,,,,,,,,,
291,2000,59.0,,,,,,,,,,,,,,,
291,2005,215.0,,,,,,,,,,,,,,,
291,2010,212.0,,,,,,,,,,,,,,,
291,2015,121.6,3.5,8.2,5.1,11.5,9.6,7.9,6.9,9.6,5.1,13.1,3.3,10.8,4.6,19.8,12.2
291,2020,"<25,0","<25,0","<25,0","<25,0","<25,0","<25,0","<25,0","<25,0","<25,0","<25,0","<25,0","<25,0","<25,0","<25,0","<25,0","<25,0"
295,1995,288.0,,,,,,,,,,,,,,,
295,2000,272.0,,,,,,,,,,,,,,,
295,2005,394.0,,,,,,,,,,,,,,,
295,2010,883.8,,,,,,,,,,,,,,,
295,2015,692.6,6.1,52.8,12.1,61.5,87.9,41.7,32.3,62.1,10.9,118.8,4.5,52.8,6.6,55.3,105.8
295,2020,791,"<25,0",77,"<25,0",91,97,60,57,67,"<25,0",127,"<25,0",86,"<25,0",30,99
297,1995,486.0,,,,,,,,,,,,,,,
297,2000,345.0,,,,,,,,,,,,,,,
297,2005,730.0,,,,,,,,,,,,,,,
297,2010,1163.1,,,,,,,,,,,,,,,
297,2015,389.5,7.7,36.1,11.2,40.9,19.2,28.9,20.8,38.6,9.7,59.7,4.9,37.0,3.8,33.6,52.4
297,2020,"<25,0","<25,0","<25,0","<25,0","<25,0","<25,0","<25,0","<25,0","<25,0","<25,0","<25,0","<25,0","<25,0","<25,0","<25,0","<25,0"
299,1995,318.0,,,,,,,,,,,,,,,
299,2000,574.0,,,,,,,,,,,,,,,
299,2005,919.0,,,,,,,,,,,,,,,
299,2010,797.6,,,,,,,,,,,,,,,
299,2015,533.7,7.9,43.1,11.9,42.4,58.5,33.7,21.9,43.9,7.0,70.0,5.7,39.6,9.6,99.3,60.8
299,2020,246,"<25,0","<25,0",36,27,"<25,0",31,26,31,"<25,0",47,"<25,0",45,"<25,0","<25,0",39
301,1995,808.0,,,,,,,,,,,,,,,
301,2000,4577.0,,,,,,,,,,,,,,,
301,2005,7114.0,,,,,,,,,,,,,,,
301,2010,3735.0,,,,,,,,,,,,,,,
301,2015,2292.2,28.9,175.8,46.3,186.3,290.0,120.8,106.6,173.9,32.0,440.1,16.5,134.2,28.7,221.7,365.3
301,2020,1013,"<25,0",85,"<25,0",106,103,73,83,92,"<25,0",174,"<25,0",102,"<25,0",50,145
303,1995,922.0,,,,,,,,,,,,,,,
303,2000,3866.0,,,,,,,,,,,,,,,
303,2005,4554.0,,,,,,,,,,,,,,,
303,2010,1943.0,,,,,,,,,,,,,,,
303,2015,1011.3,17.2,91.9,26.9,92.8,136.0,59.4,43.5,82.6,22.3,165.2,10.6,90.0,22.5,60.2,139.6
303,2020,1782,31,161,"<25,0",173,156,105,125,158,"<25,0",346,"<25,0",147,"<25,0",94,286
305,1995,280.0,,,,,,,,,,,,,,,
305,2000,465.0,,,,,,,,,,,,,,,
305,2005,695.0,,,,,,,,,,,,,,,
305,2010,1094.0,,,,,,,,,,,,,,,
305,2015,667.1,13.5,50.6,18.3,50.3,72.0,35.5,25.4,43.3,17.0,91.6,11.3,51.8,21.5,128.6,76.4
305,2020,174,"<25,0","<25,0","<25,0",27,28,"<25,0","<25,0",29,"<25,0",49,"<25,0","<25,0","<25,0","<25,0",41
307,1995,432.0,,,,,,,,,,,,,,,
307,2000,470.0,,,,,,,,,,,,,,,
307,2005,1636.0,,,,,,,,,,,,,,,
307,2010,519.1,,,,,,,,,,,,,,,
307,2015,783.8,13.6,63.4,14.6,69.9,99.1,49.8,36.7,72.9,9.4,119.0,9.5,62.6,22.0,81.6,96.3
307,2020,194,"<25,0","<25,0","<25,0",27,29,"<25,0","<25,0",27,"<25,0",45,"<25,0",28,"<25,0","<25,0",38
311,1995,193.0,,,,,,,,,,,,,,,
311,2000,189.0,,,,,,,,,,,,,,,
311,2005,385.0,,,,,,,,,,,,,,,
311,2010,603.4,,,,,,,,,,,,,,,
311,2015,198.1,6.6,13.1,5.4,16.4,22.1,14.8,8.8,14.3,8.2,29.5,6.2,16.7,12.8,16.5,24.8
311,2020,445,"<25,0",31,"<25,0",40,39,40,35,37,"<25,0",70,"<25,0",67,"<25,0",29,57
313,1995,206.0,,,,,,,,,,,,,,,
313,2000,116.0,,,,,,,,,,,,,,,
313,2005,211.0,,,,,,,,,,,,,,,
313,2010,242.0,,,,,,,,,,,,,,,
313,2015,181.6,5.3,14.1,6.2,17.9,11.5,13.6,11.3,16.4,4.8,23.4,5.8,18.1,14.0,20.2,19.2
313,2020,"<25,0","<25,0","<25,0","<25,0","<25,0","<25,0","<25,0","<25,0","<25,0","<25,0","<25,0","<25,0","<25,0","<25,0","<25,0","<25,0"
315,1995,188.0,,,,,,,,,,,,,,,
315,2000,185.0,,,,,,,,,,,,,,,
315,2005,484.0,,,,,,,,,,,,,,,
315,2010,992.4,,,,,,,,,,,,,,,
315,2015,430.5,6.3,26.6,9.0,34.7,53.4,34.9,19.8,32.3,10.3,49.3,4.7,38.1,8.1,75.8,44.3
315,2020,290,"<25,0",25,40,43,"<25,0",30,29,29,"<25,0",50,"<25,0",44,"<25,0","<25,0",40
317,1995,358.0,,,,,,,,,,,,,,,
317,2000,531.0,,,,,,,,,,,,,,,
317,2005,291.0,,,,,,,,,,,,,,,
317,2010,552.5,,,,,,,,,,,,,,,
317,2015,371.7,5.7,26.0,9.0,31.0,52.2,30.3,17.7,30.9,10.4,52.8,4.1,36.4,15.8,23.7,50.6
317,2020,1057,"<25,0",106,"<25,0",117,145,85,75,90,"<25,0",157,"<25,0",123,"<25,0",42,117
319,1995,1821.0,,,,,,,,,,,,,,,
319,2000,1017.0,,,,,,,,,,,,,,,
319,2005,1836.0,,,,,,,,,,,,,,,
319,2010,726.6,,,,,,,,,,,,,,,
319,2015,1047.6,27.0,83.1,17.6,95.9,43.5,77.0,47.8,87.4,31.0,178.9,18.6,92.8,20.0,121.3,143.1
319,2020,773,"<25,0",55,53,52,"<25,0",33,49,70,"<25,0",188,"<25,0",42,33,144,140
321,1995,364.0,,,,,,,,,,,,,,,
321,2000,297.0,,,,,,,,,,,,,,,
321,2005,304.0,,,,,,,,,,,,,,,
321,2010,474.7,,,,,,,,,,,,,,,
321,2015,442.7,6.4,35.2,9.1,38.9,59.7,30.2,20.9,39.8,8.7,69.8,4.3,35.4,5.8,33.5,60.0
321,2020,260,"<25,0","<25,0",32,27,"<25,0",29,25,28,"<25,0",57,"<25,0",49,"<25,0","<25,0",45
323,1995,3715.0,,,,,,,,,,,,,,,
323,2000,1521.0,,,,,,,,,,,,,,,
323,2005,1546.0,,,,,,,,,,,,,,,
323,2010,1506.2,,,,,,,,,,,,,,,
323,2015,1544.7,16.2,135.1,31.5,150.3,233.2,111.1,76.6,149.9,30.3,221.1,8.4,141.6,21.9,75.4,195.5
323,2020,1658,"<25,0",167,227,237,"<25,0",153,184,169,"<25,0",251,"<25,0",229,"<25,0",67,201
325,1995,595.0,,,,,,,,,,,,,,,
325,2000,353.0,,,,,,,,,,,,,,,
325,2005,356.0,,,,,,,,,,,,,,,
325,2010,281.2,,,,,,,,,,,,,,,
325,2015,338.9,5.2,23.4,6.8,28.2,45.6,21.7,16.1,28.1,8.1,53.3,5.4,28.6,8.6,32.9,42.4
325,2020,214,"<25,0","<25,0","<25,0",25,31,"<25,0","<25,0",28,"<25,0",47,"<25,0",46,"<25,0","<25,0",37
327,1995,1024.0,,,,,,,,,,,,,,,
327,2000,742.0,,,,,,,,,,,,,,,
327,2005,672.0,,,,,,,,,,,,,,,
327,2010,456.0,,,,,,,,,,,,,,,
327,2015,447.5,5.4,34.3,9.1,37.6,61.0,32.3,20.9,42.4,9.8,69.4,4.6,38.3,8.0,34.0,57.3
327,2020,355,"<25,0",28,39,33,"<25,0",27,33,40,"<25,0",68,"<25,0",33,53,39,54
329,1995,379.0,,,,,,,,,,,,,,,
329,2000,506.0,,,,,,,,,,,,,,,
329,2005,555.0,,,,,,,,,,,,,,,
329,2010,585.6,,,,,,,,,,,,,,,
329,2015,502.3,7.2,37.2,8.9,42.4,68.0,34.4,22.6,46.6,9.5,78.8,5.3,41.9,13.9,45.3,63.1
329,2020,1451,44,130,110,109,"<25,0",63,100,143,"<25,0",332,"<25,0",84,"<25,0",192,254
331,1995,1153.0,,,,,,,,,,,,,,,
331,2000,1231.0,,,,,,,,,,,,,,,
331,2005,1414.0,,,,,,,,,,,,,,,
331,2010,1228.0,,,,,,,,,,,,,,,
331,2015,913.1,15.4,73.9,18.2,83.3,125.4,61.2,43.0,82.6,18.4,139.6,8.4,77.3,17.1,60.1,124.5
331,2020,2488,28,253,"<25,0",284,298,171,175,209,"<25,0",390,"<25,0",254,"<25,0",128,298
333,1995,1340.0,,,,,,,,,,,,,,,
333,2000,1209.0,,,,,,,,,,,,,,,
333,2005,1803.0,,,,,,,,,,,,,,,
333,2010,877.0,,,,,,,,,,,,,,,
333,2015,446.8,6.5,30.8,8.1,34.5,61.6,29.8,20.2,42.4,9.6,74.6,5.2,37.5,12.0,35.9,58.1
333,2020,575,"<25,0",43,56,45,"<25,0",41,44,60,"<25,0",124,"<25,0",62,"<25,0",63,93
335,1995,1435.0,,,,,,,,,,,,,,,
335,2000,1390.0,,,,,,,,,,,,,,,
335,2005,1392.0,,,,,,,,,,,,,,,
335,2010,1016.0,,,,,,,,,,,,,,,
335,2015,754.5,12.7,48.9,13.7,53.5,114.5,52.4,35.4,80.1,16.7,118.1,8.1,64.4,19.0,62.5,87.1
335,2020,592,"<25,0",33,"<25,0",43,58,66,33,42,"<25,0",104,"<25,0",85,"<25,0",45,83
337,1995,316.0,,,,,,,,,,,,,,,
337,2000,465.0,,,,,,,,,,,,,,,
337,2005,784.0,,,,,,,,,,,,,,,
337,2010,368.0,,,,,,,,,,,,,,,
337,2015,317.5,4.5,26.4,7.2,29.0,43.4,21.3,15.5,28.6,7.5,49.7,3.0,27.6,4.3,18.3,42.7
337,2020,500,"<25,0",48,55,65,"<25,0",37,44,48,"<25,0",93,"<25,0",56,"<25,0",36,73
339,1995,293.0,,,,,,,,,,,,,,,
339,2000,459.0,,,,,,,,,,,,,,,
339,2005,612.0,,,,,,,,,,,,,,,
339,2010,291.1,,,,,,,,,,,,,,,
339,2015,222.4,4.4,17.9,6.2,22.6,10.4,18.3,12.3,20.9,6.9,36.0,3.1,22.3,4.0,16.7,30.6
339,2020,111,"<25,0","<25,0","<25,0","<25,0","<25,0","<25,0","<25,0",26,"<25,0",47,"<25,0","<25,0","<25,0","<25,0",38
341,1995,213.0,,,,,,,,,,,,,,,
341,2000,346.0,,,,,,,,,,,,,,,
341,2005,224.0,,,,,,,,,,,,,,,
341,2010,216.7,,,,,,,,,,,,,,,
341,2015,169.9,3.7,12.7,5.0,16.0,8.2,13.7,9.2,15.2,5.9,26.7,3.0,17.2,6.3,16.1,22.3
341,2020,"<25,0","<25,0","<25,0","<25,0","<25,0","<25,0","<25,0","<25,0","<25,0","<25,0","<25,0","<25,0","<25,0","<25,0","<25,0","<25,0"
343,1995,454.0,,,,,,,,,,,,,,,
343,2000,203.0,,,,,,,,,,,,,,,
343,2005,558.0,,,,,,,,,,,,,,,
343,2010,461.0,,,,,,,,,,,,,,,
343,2015,481.9,7.0,35.0,9.5,39.6,68.2,38.0,22.4,43.3,10.8,71.1,6.9,44.5,11.8,36.3,58.9
343,2020,"<25,0","<25,0","<25,0","<25,0","<25,0","<25,0","<25,0","<25,0","<25,0","<25,0","<25,0","<25,0","<25,0","<25,0","<25,0","<25,0"
345,1995,784.0,,,,,,,,,,,,,,,
345,2000,646.0,,,,,,,,,,,,,,,
345,2005,1017.0,,,,,,,,,,,,,,,
345,2010,622.4,,,,,,,,,,,,,,,
345,2015,727.0,9.4,56.0,11.9,60.4,94.7,42.5,31.6,63.6,12.6,128.3,5.7,54.9,8.6,62.4,104.9
345,2020,775,"<25,0",69,82,76,"<25,0",55,71,85,"<25,0",160,"<25,0",70,"<25,0",61,128
347,1995,1194.0,,,,,,,,,,,,,,,
347,2000,1073.0,,,,,,,,,,,,,,,
347,2005,1204.0,,,,,,,,,,,,,,,
347,2010,4903.3,,,,,,,,,,,,,,,
347,2015,8352.9,114.8,737.8,148.0,713.2,1053.0,369.8,343.5,686.2,84.4,1738.4,36.7,466.3,26.7,502.3,1506.4
347,2020,5923,97,640,630,638,"<25,0",374,558,662,"<25,0",1150,"<25,0",484,"<25,0",340,980
349,1995,294.0,,,,,,,,,,,,,,,
349,2000,232.0,,,,,,,,,,,,,,,
349,2005,455.0,,,,,,,,,,,,,,,
349,2010,324.1,,,,,,,,,,,,,,,
349,2015,274.0,5.1,20.8,6.3,24.4,12.8,20.3,17.4,29.9,5.9,40.9,5.4,23.3,12.7,35.5,32.3
349,2020,95,"<25,0","<25,0","<25,0","<25,0","<25,0","<25,0","<25,0","<25,0","<25,0",32,"<25,0",38,"<25,0","<25,0",25
351,1995,136.0,,,,,,,,,,,,,,,
351,2000,250.0,,,,,,,,,,,,,,,
351,2005,238.0,,,,,,,,,,,,,,,
351,2010,644.5,,,,,,,,,,,,,,,
351,2015,211.4,4.4,20.6,7.2,22.5,11.0,16.0,13.1,22.5,5.9,27.2,3.4,19.3,7.9,21.6,24.1
351,2020,64,"<25,0","<25,0","<25,0","<25,0","<25,0","<25,0","<25,0","<25,0","<25,0",36,"<25,0","<25,0","<25,0","<25,0",28
353,1995,11391.0,,,,,,,,,,,,,,,
353,2000,6680.0,,,,,,,,,,,,,,,
353,2005,4912.0,,,,,,,,,,,,,,,
353,2010,1920.6,,,,,,,,,,,,,,,
353,2015,954.4,26.3,75.0,14.6,77.2,118.8,65.1,48.8,80.9,30.2,144.9,18.3,72.9,37.9,77.3,118.6
353,2020,205,"<25,0","<25,0","<25,0",28,29,"<25,0","<25,0",30,"<25,0",49,"<25,0",28,"<25,0","<25,0",41
355,1995,89.0,,,,,,,,,,,,,,,
355,2000,128.0,,,,,,,,,,,,,,,
355,2005,234.0,,,,,,,,,,,,,,,
355,2010,270.0,,,,,,,,,,,,,,,
355,2015,178.2,4.9,15.5,5.9,16.9,7.9,12.5,9.1,17.2,5.3,22.5,4.3,15.9,4.8,25.8,20.2
355,2020,27,"<25,0","<25,0","<25,0","<25,0","<25,0","<25,0","<25,0","<25,0","<25,0","<25,0","<25,0",27,"<25,0","<25,0","<25,0"
357,1995,149.0,,,,,,,,,,,,,,,
357,2000,182.0,,,,,,,,,,,,,,,
357,2005,264.0,,,,,,,,,,,,,,,
357,2010,168.4,,,,,,,,,,,,,,,
357,2015,117.1,2.5,7.8,3.9,10.5,15.6,10.1,6.3,9.2,4.6,15.6,2.1,11.5,2.4,8.2,13.0
357,2020,195,"<25,0","<25,0","<25,0",33,27,"<25,0",25,29,"<25,0",48,"<25,0","<25,0","<25,0","<25,0",33
359,1995,249.0,,,,,,,,,,,,,,,
359,2000,399.0,,,,,,,,,,,,,,,
359,2005,193.0,,,,,,,,,,,,,,,
359,2010,213.0,,,,,,,,,,,,,,,
359,2015,160.8,3.1,8.2,3.9,11.1,5.8,11.0,6.4,10.3,4.7,16.8,2.4,12.7,3.6,54.4,14.0
359,2020,85,"<25,0","<25,0",28,"<25,0","<25,0","<25,0","<25,0","<25,0","<25,0",32,"<25,0",27,31,"<25,0",26
361,1995,262.0,,,,,,,,,,,,,,,
361,2000,274.0,,,,,,,,,,,,,,,
361,2005,204.0,,,,,,,,,,,,,,,
361,2010,175.3,,,,,,,,,,,,,,,
361,2015,109.1,2.4,8.2,3.8,11.0,5.5,9.7,6.7,9.5,4.1,16.1,1.6,11.5,1.7,9.5,13.5
361,2020,"<25,0","<25,0","<25,0","<25,0","<25,0","<25,0","<25,0","<25,0","<25,0","<25,0","<25,0","<25,0","<25,0","<25,0","<25,0","<25,0"
363,1995,203.0,,,,,,,,,,,,,,,
363,2000,395.0,,,,,,,,,,,,,,,
363,2005,317.0,,,,,,,,,,,,,,,
363,2010,622.0,,,,,,,,,,,,,,,
363,2015,342.1,5.7,27.0,8.9,29.5,49.8,23.1,18.5,30.2,7.7,45.7,4.6,29.4,9.8,33.2,37.6
363,2020,"<25,0","<25,0","<25,0","<25,0","<25,0","<25,0","<25,0","<25,0","<25,0","<25,0","<25,0","<25,0","<25,0","<25,0","<25,0","<25,0"
365,1995,154.0,,,,,,,,,,,,,,,
365,2000,333.0,,,,,,,,,,,,,,,
365,2005,234.0,,,,,,,,,,,,,,,
365,2010,382.9,,,,,,,,,,,,,,,
365,2015,268.1,5.1,18.7,7.5,21.9,35.7,16.9,13.8,22.4,7.0,36.8,6.2,23.2,8.7,30.6,29.7
365,2020,194,"<25,0","<25,0",32,"<25,0","<25,0",26,"<25,0",33,"<25,0",51,"<25,0",44,"<25,0","<25,0",40
367,1995,103.0,,,,,,,,,,,,,,,
367,2000,411.0,,,,,,,,,,,,,,,
367,2005,183.0,,,,,,,,,,,,,,,
367,2010,323.1,,,,,,,,,,,,,,,
367,2015,139.6,2.6,8.7,3.9,11.4,17.4,10.5,7.1,10.2,4.3,17.8,2.1,12.0,2.0,20.6,14.9
367,2020,64,"<25,0","<25,0","<25,0","<25,0","<25,0","<25,0","<25,0","<25,0","<25,0",37,"<25,0","<25,0","<25,0","<25,0",27
369,1995,75.0,,,,,,,,,,,,,,,
369,2000,123.0,,,,,,,,,,,,,,,
369,2005,80.0,,,,,,,,,,,,,,,
369,2010,74.0,,,,,,,,,,,,,,,
369,2015,67.5,2.5,3.9,3.3,5.2,3.2,5.9,3.5,3.8,3.9,6.8,3.1,6.4,4.1,13.5,5.8
369,2020,"<25,0","<25,0","<25,0","<25,0","<25,0","<25,0","<25,0","<25,0","<25,0","<25,0","<25,0","<25,0","<25,0","<25,0","<25,0","<25,0"
371,1995,93.0,,,,,,,,,,,,,,,
371,2000,151.0,,,,,,,,,,,,,,,
371,2005,124.0,,,,,,,,,,,,,,,
371,2010,151.0,,,,,,,,,,,,,,,
371,2015,89.4,2.7,5.2,3.6,6.6,4.1,7.3,4.5,5.8,4.1,10.9,2.9,7.7,2.5,18.5,9.1
371,2020,120,"<25,0",31,"<25,0","<25,0","<25,0","<25,0","<25,0","<25,0","<25,0",36,"<25,0",26,"<25,0","<25,0",27
373,1995,203.0,,,,,,,,,,,,,,,
373,2000,412.0,,,,,,,,,,,,,,,
373,2005,436.0,,,,,,,,,,,,,,,
373,2010,408.7,,,,,,,,,,,,,,,
373,2015,304.7,3.9,22.7,6.3,26.7,41.6,20.7,15.5,25.7,7.0,49.4,3.0,23.7,6.7,24.1,40.7
373,2020,340,"<25,0",35,41,47,"<25,0",26,38,38,"<25,0",68,"<25,0",34,"<25,0","<25,0",54
375,1995,279.0,,,,,,,,,,,,,,,
375,2000,296.0,,,,,,,,,,,,,,,
375,2005,195.0,,,,,,,,,,,,,,,
375,2010,174.6,,,,,,,,,,,,,,,
375,2015,94.2,2.2,6.3,3.4,9.2,4.8,8.5,5.6,7.9,3.7,13.6,1.8,9.6,2.5,9.3,11.8
375,2020,32,"<25,0","<25,0","<25,0","<25,0","<25,0","<25,0","<25,0","<25,0","<25,0",32,"<25,0","<25,0",29,"<25,0","<25,0"
377,1995,248.0,,,,,,,,,,,,,,,
377,2000,385.0,,,,,,,,,,,,,,,
377,2005,503.0,,,,,,,,,,,,,,,
377,2010,349.3,,,,,,,,,,,,,,,
377,2015,212.0,3.7,15.2,6.3,21.3,10.1,23.0,12.0,21.1,7.9,28.4,3.8,25.8,14.4,15.8,24.1
377,2020,91,"<25,0","<25,0",25,30,"<25,0","<25,0","<25,0","<25,0","<25,0",35,"<25,0","<25,0","<25,0","<25,0",26
379,1995,300.0,,,,,,,,,,,,,,,
379,2000,283.0,,,,,,,,,,,,,,,
379,2005,469.0,,,,,,,,,,,,,,,
379,2010,400.8,,,,,,,,,,,,,,,
379,2015,303.3,4.6,22.1,7.2,26.9,45.0,21.9,15.9,26.6,9.1,43.9,3.7,27.8,7.0,17.4,38.4
379,2020,313,"<25,0",26,47,48,"<25,0",32,37,36,"<25,0",53,"<25,0",38,"<25,0","<25,0",43
381,1995,168.0,,,,,,,,,,,,,,,
381,2000,240.0,,,,,,,,,,,,,,,
381,2005,248.0,,,,,,,,,,,,,,,
381,2010,328.8,,,,,,,,,,,,,,,
381,2015,1434.3,32.3,130.0,19.2,102.3,141.9,59.1,49.6,123.8,20.8,269.8,21.1,81.4,6.6,191.2,211.0
381,2020,100,"<25,0","<25,0","<25,0","<25,0","<25,0","<25,0","<25,0","<25,0","<25,0",35,"<25,0",37,"<25,0","<25,0",28
383,1995,150.0,,,,,,,,,,,,,,,
383,2000,175.0,,,,,,,,,,,,,,,
383,2005,164.0,,,,,,,,,,,,,,,
383,2010,153.4,,,,,,,,,,,,,,,
383,2015,140.8,3.8,8.7,5.5,13.0,8.0,13.6,9.0,11.5,7.1,18.2,3.5,17.3,8.2,11.6,15.6
383,2020,123,"<25,0","<25,0",29,27,"<25,0","<25,0","<25,0","<25,0","<25,0",39,"<25,0",27,26,"<25,0",30
385,1995,233.0,,,,,,,,,,,,,,,
385,2000,341.0,,,,,,,,,,,,,,,
385,2005,358.0,,,,,,,,,,,,,,,
385,2010,421.7,,,,,,,,,,,,,,,
385,2015,326.4,4.7,20.8,8.2,27.7,50.9,28.5,16.8,30.5,11.2,41.7,3.8,36.0,12.1,20.6,33.2
385,2020,28,"<25,0","<25,0","<25,0","<25,0","<25,0","<25,0","<25,0","<25,0","<25,0",28,"<25,0","<25,0","<25,0","<25,0","<25,0"
387,1995,602.0,,,,,,,,,,,,,,,
387,2000,372.0,,,,,,,,,,,,,,,
387,2005,432.0,,,,,,,,,,,,,,,
387,2010,488.5,,,,,,,,,,,,,,,
387,2015,339.8,4.0,20.6,7.6,35.2,58.2,30.6,20.7,31.5,9.2,37.7,4.1,37.5,4.1,15.7,34.7
387,2020,"<25,0","<25,0","<25,0","<25,0","<25,0","<25,0","<25,0","<25,0","<25,0","<25,0","<25,0","<25,0","<25,0","<25,0","<25,0","<25,0"
389,1995,147.0,,,,,,,,,,,,,,,
389,2000,75.0,,,,,,,,,,,,,,,
389,2005,153.0,,,,,,,,,,,,,,,
389,2010,163.9,,,,,,,,,,,,,,,
389,2015,143.9,4.3,10.9,6.4,13.0,7.5,10.8,8.0,11.6,7.6,20.7,3.9,14.9,3.7,12.9,17.9
389,2020,"<25,0","<25,0","<25,0","<25,0","<25,0","<25,0","<25,0","<25,0","<25,0","<25,0","<25,0","<25,0","<25,0","<25,0","<25,0","<25,0"
393,1995,277.0,,,,,,,,,,,,,,,
393,2000,219.0,,,,,,,,,,,,,,,
393,2005,142.0,,,,,,,,,,,,,,,
393,2010,102.9,,,,,,,,,,,,,,,
393,2015,94.8,4.1,6.8,5.6,9.6,5.4,6.6,5.5,7.3,3.6,12.9,3.9,8.1,3.9,9.2,11.7
393,2020,"<25,0","<25,0","<25,0","<25,0","<25,0","<25,0","<25,0","<25,0","<25,0","<25,0","<25,0","<25,0","<25,0","<25,0","<25,0","<25,0"
395,1995,332.0,,,,,,,,,,,,,,,
395,2000,213.0,,,,,,,,,,,,,,,
395,2005,171.0,,,,,,,,,,,,,,,
395,2010,122.0,,,,,,,,,,,,,,,
395,2015,84.9,4.7,6.5,5.5,8.2,5.2,5.5,4.9,6.1,3.4,10.8,4.2,6.4,4.8,9.5,9.5
395,2020,"<25,0","<25,0","<25,0","<25,0","<25,0","<25,0","<25,0","<25,0","<25,0","<25,0","<25,0","<25,0","<25,0","<25,0","<25,0","<25,0"
397,1995,384.0,,,,,,,,,,,,,,,
397,2000,272.0,,,,,,,,,,,,,,,
397,2005,483.0,,,,,,,,,,,,,,,
397,2010,417.0,,,,,,,,,,,,,,,
397,2015,207.3,7.1,16.3,7.0,18.8,24.3,16.2,9.8,16.0,8.6,26.3,5.4,19.1,6.8,17.6,21.6
397,2020,"<25,0","<25,0","<25,0","<25,0","<25,0","<25,0","<25,0","<25,0","<25,0","<25,0","<25,0","<25,0","<25,0","<25,0","<25,0","<25,0"
399,1995,1295.0,,,,,,,,,,,,,,,
399,2000,748.0,,,,,,,,,,,,,,,
399,2005,854.0,,,,,,,,,,,,,,,
399,2010,392.0,,,,,,,,,,,,,,,
399,2015,336.2,5.8,20.0,7.1,23.5,33.7,18.3,12.7,22.9,4.9,36.9,5.6,22.9,8.8,97.3,31.8
399,2020,234,"<25,0",29,31,29,"<25,0","<25,0",28,34,"<25,0",49,"<25,0",26,31,"<25,0",39
401,1995,333.0,,,,,,,,,,,,,,,
401,2000,162.0,,,,,,,,,,,,,,,
401,2005,201.0,,,,,,,,,,,,,,,
401,2010,226.1,,,,,,,,,,,,,,,
401,2015,253.2,7.3,12.6,6.9,15.3,7.5,9.8,8.3,12.9,4.2,27.1,9.8,11.5,12.3,104.0,23.0
401,2020,182,"<25,0",28,"<25,0",27,35,"<25,0","<25,0","<25,0","<25,0",37,"<25,0",26,"<25,0","<25,0",29
403,1995,538.0,,,,,,,,,,,,,,,
403,2000,202.0,,,,,,,,,,,,,,,
403,2005,269.0,,,,,,,,,,,,,,,
403,2010,203.0,,,,,,,,,,,,,,,
403,2015,116.8,4.3,8.8,5.5,10.6,5.6,7.9,6.1,9.1,2.9,15.8,4.0,8.8,7.7,18.9,13.9
403,2020,"<25,0","<25,0","<25,0","<25,0","<25,0","<25,0","<25,0","<25,0","<25,0","<25,0","<25,0","<25,0","<25,0","<25,0","<25,0","<25,0"
405,1995,784.0,,,,,,,,,,,,,,,
405,2000,396.0,,,,,,,,,,,,,,,
405,2005,606.0,,,,,,,,,,,,,,,
405,2010,1898.5,,,,,,,,,,,,,,,
405,2015,582.3,14.6,35.2,10.1,46.8,73.5,45.0,25.0,44.0,20.3,86.9,11.7,51.9,15.5,58.8,68.6
405,2020,"<25,0","<25,0","<25,0","<25,0","<25,0","<25,0","<25,0","<25,0","<25,0","<25,0","<25,0","<25,0","<25,0","<25,0","<25,0","<25,0"
407,1995,607.0,,,,,,,,,,,,,,,
407,2000,902.0,,,,,,,,,,,,,,,
407,2005,626.0,,,,,,,,,,,,,,,
407,2010,547.5,,,,,,,,,,,,,,,
407,2015,654.2,7.9,39.0,7.9,41.5,69.9,34.0,23.7,51.6,9.4,88.6,4.8,38.7,8.5,175.1,70.2
407,2020,244,"<25,0",25,34,"<25,0","<25,0","<25,0","<25,0",34,"<25,0",68,"<25,0",40,"<25,0",26,51
409,1995,720.0,,,,,,,,,,,,,,,
409,2000,475.0,,,,,,,,,,,,,,,
409,2005,657.0,,,,,,,,,,,,,,,
409,2010,1135.3,,,,,,,,,,,,,,,
409,2015,602.8,11.7,43.9,11.8,51.8,86.6,57.6,33.8,54.8,18.6,68.2,3.3,64.0,12.6,55.1,53.4
409,2020,662,"<25,0",52,72,69,"<25,0",77,62,65,"<25,0",107,"<25,0",113,"<25,0",27,90
411,1995,1947.0,,,,,,,,,,,,,,,
411,2000,2104.0,,,,,,,,,,,,,,,
411,2005,2115.0,,,,,,,,,,,,,,,
411,2010,6015.9,,,,,,,,,,,,,,,
411,2015,5537.9,98.5,423.2,58.2,351.4,544.2,186.1,193.2,443.4,55.7,1288.2,36.5,252.0,33.8,479.9,1185.7
411,2020,260,"<25,0",41,"<25,0",39,"<25,0",34,"<25,0",27,"<25,0",44,"<25,0",41,"<25,0","<25,0",34
413,1995,1027.0,,,,,,,,,,,,,,,
413,2000,663.0,,,,,,,,,,,,,,,
413,2005,1198.0,,,,,,,,,,,,,,,
413,2010,1192.6,,,,,,,,,,,,,,,
413,2015,775.0,11.5,63.9,15.0,64.1,106.2,43.6,37.2,73.0,17.2,132.0,5.9,57.9,11.6,56.5,106.0
413,2020,742,"<25,0",73,94,77,"<25,0",51,73,89,"<25,0",146,"<25,0",69,"<25,0",48,116
415,1995,2835.0,,,,,,,,,,,,,,,
415,2000,2559.0,,,,,,,,,,,,,,,
415,2005,2189.0,,,,,,,,,,,,,,,
415,2010,709.9,,,,,,,,,,,,,,,
415,2015,547.6,6.9,32.7,8.4,38.8,90.1,42.0,28.2,52.1,12.4,77.4,2.9,49.1,20.8,50.9,64.1
415,2020,1039,"<25,0",81,"<25,0",87,125,78,81,110,"<25,0",166,"<25,0",127,"<25,0",57,127
417,1995,822.0,,,,,,,,,,,,,,,
417,2000,1209.0,,,,,,,,,,,,,,,
417,2005,919.0,,,,,,,,,,,,,,,
417,2010,2408.0,,,,,,,,,,,,,,,
417,2015,1418.6,16.2,118.5,29.6,121.1,179.9,87.4,65.3,119.5,29.4,262.7,8.7,109.0,13.0,77.3,223.6
417,2020,1727,27,146,171,147,"<25,0",128,133,174,42,350,"<25,0",178,"<25,0",125,277
419,1995,173.0,,,,,,,,,,,,,,,
419,2000,167.0,,,,,,,,,,,,,,,
419,2005,116.0,,,,,,,,,,,,,,,
419,2010,122.2,,,,,,,,,,,,,,,
419,2015,125.3,3.9,7.7,6.0,10.6,7.4,9.2,6.9,8.9,5.9,14.4,4.0,13.3,6.6,20.0,13.0
419,2020,"<25,0","<25,0","<25,0","<25,0","<25,0","<25,0","<25,0","<25,0","<25,0","<25,0","<25,0","<25,0","<25,0","<25,0","<25,0","<25,0"
421,1995,281.0,,,,,,,,,,,,,,,
421,2000,401.0,,,,,,,,,,,,,,,
421,2005,378.0,,,,,,,,,,,,,,,
421,2010,392.6,,,,,,,,,,,,,,,
421,2015,284.0,5.1,19.9,8.4,25.4,15.3,26.7,14.8,32.9,9.9,40.0,4.7,33.6,8.1,22.8,32.9
421,2020,508,"<25,0",64,"<25,0",52,74,36,"<25,0",48,"<25,0",87,"<25,0",47,"<25,0",35,65
423,1995,186.0,,,,,,,,,,,,,,,
423,2000,191.0,,,,,,,,,,,,,,,
423,2005,267.0,,,,,,,,,,,,,,,
423,2010,487.5,,,,,,,,,,,,,,,
423,2015,271.1,4.6,15.4,9.7,28.5,18.4,29.5,21.1,21.0,8.1,32.2,3.9,39.7,18.1,22.8,25.9
423,2020,"<25,0","<25,0","<25,0","<25,0","<25,0","<25,0","<25,0","<25,0","<25,0","<25,0","<25,0","<25,0","<25,0","<25,0","<25,0","<25,0"
425,1995,348.0,,,,,,,,,,,,,,,
425,2000,269.0,,,,,,,,,,,,,,,
425,2005,562.0,,,,,,,,,,,,,,,
425,2010,709.5,,,,,,,,,,,,,,,
425,2015,1865.2,13.6,172.6,44.4,236.1,295.3,155.6,103.1,176.1,26.3,207.8,4.7,199.9,7.8,82.5,191.6
425,2020,1051,"<25,0",92,149,134,"<25,0",110,123,119,"<25,0",164,"<25,0",137,"<25,0",34,138
427,1995,390.0,,,,,,,,,,,,,,,
427,2000,295.0,,,,,,,,,,,,,,,
427,2005,779.0,,,,,,,,,,,,,,,
427,2010,273.0,,,,,,,,,,,,,,,
427,2015,465.4,6.8,31.4,11.8,42.9,71.1,35.0,23.8,37.4,11.1,61.0,5.2,48.0,15.3,42.8,48.7
427,2020,174,"<25,0","<25,0",29,27,"<25,0","<25,0",26,30,"<25,0",50,"<25,0","<25,0","<25,0","<25,0",41
429,1995,168.0,,,,,,,,,,,,,,,
429,2000,112.0,,,,,,,,,,,,,,,
429,2005,205.0,,,,,,,,,,,,,,,
429,2010,192.3,,,,,,,,,,,,,,,
429,2015,228.4,6.5,19.1,7.1,20.9,5.6,18.5,10.0,19.2,6.6,36.2,5.3,22.1,10.7,28.8,29.8
429,2020,29,"<25,0","<25,0","<25,0","<25,0","<25,0","<25,0","<25,0","<25,0","<25,0",29,"<25,0","<25,0","<25,0","<25,0","<25,0"
431,1995,716.0,,,,,,,,,,,,,,,
431,2000,910.0,,,,,,,,,,,,,,,
431,2005,573.0,,,,,,,,,,,,,,,
431,2010,569.0,,,,,,,,,,,,,,,
431,2015,413.4,5.3,20.6,7.6,35.0,109.6,36.1,26.1,46.3,10.9,29.1,4.4,43.7,8.7,21.0,25.4
431,2020,484,"<25,0",38,147,78,"<25,0",52,65,76,"<25,0",53,"<25,0",75,"<25,0","<25,0",47
433,1995,1798.0,,,,,,,,,,,,,,,
433,2000,728.0,,,,,,,,,,,,,,,
433,2005,1308.0,,,,,,,,,,,,,,,
433,2010,1498.7,,,,,,,,,,,,,,,
433,2015,529.8,14.8,34.2,14.5,36.6,60.3,32.7,20.8,39.3,18.8,76.8,11.1,34.7,14.2,82.7,66.9
433,2020,"<25,0","<25,0","<25,0","<25,0","<25,0","<25,0","<25,0","<25,0","<25,0","<25,0","<25,0","<25,0","<25,0","<25,0","<25,0","<25,0"
435,1995,338.0,,,,,,,,,,,,,,,
435,2000,770.0,,,,,,,,,,,,,,,
435,2005,246.0,,,,,,,,,,,,,,,
435,2010,254.0,,,,,,,,,,,,,,,
435,2015,227.8,5.5,16.8,8.9,25.3,12.3,21.1,13.4,19.5,8.8,28.8,4.0,28.9,5.7,17.5,26.2
435,2020,"<25,0","<25,0","<25,0","<25,0","<25,0","<25,0","<25,0","<25,0","<25,0","<25,0","<25,0","<25,0","<25,0","<25,0","<25,0","<25,0"
437,1995,90.0,,,,,,,,,,,,,,,
437,2000,121.0,,,,,,,,,,,,,,,
437,2005,144.0,,,,,,,,,,,,,,,
437,2010,125.2,,,,,,,,,,,,,,,
437,2015,116.3,3.7,7.1,5.7,10.4,7.5,10.0,8.2,9.8,7.5,13.0,3.6,13.5,4.9,10.1,11.7
437,2020,"<25,0","<25,0","<25,0","<25,0","<25,0","<25,0","<25,0","<25,0","<25,0","<25,0","<25,0","<25,0","<25,0","<25,0","<25,0","<25,0"
439,1995,781.0,,,,,,,,,,,,,,,
439,2000,168.0,,,,,,,,,,,,,,,
439,2005,188.0,,,,,,,,,,,,,,,
439,2010,148.8,,,,,,,,,,,,,,,
439,2015,127.7,4.3,9.0,6.3,11.5,6.8,8.0,7.9,10.1,5.7,18.2,4.4,11.2,5.1,15.0,15.7
439,2020,"<25,0","<25,0","<25,0","<25,0","<25,0","<25,0","<25,0","<25,0","<25,0","<25,0","<25,0","<25,0","<25,0","<25,0","<25,0","<25,0"
441,1995,239.0,,,,,,,,,,,,,,,
441,2000,313.0,,,,,,,,,,,,,,,
441,2005,307.0,,,,,,,,,,,,,,,
441,2010,250.0,,,,,,,,,,,,,,,
441,2015,217.3,4.8,16.6,7.8,19.3,29.3,15.6,11.8,18.4,6.6,29.6,5.0,18.8,5.9,16.2,25.3
441,2020,26,"<25,0","<25,0","<25,0","<25,0","<25,0","<25,0","<25,0","<25,0","<25,0",26,"<25,0","<25,0","<25,0","<25,0","<25,0"
443,1995,138.0,,,,,,,,,,,,,,,
443,2000,113.0,,,,,,,,,,,,,,,
443,2005,509.0,,,,,,,,,,,,,,,
443,2010,222.1,,,,,,,,,,,,,,,
443,2015,213.9,4.7,14.5,7.3,19.8,30.2,16.5,11.6,16.4,6.9,25.8,4.9,22.0,12.7,18.1,22.4
443,2020,85,"<25,0","<25,0","<25,0",28,"<25,0","<25,0","<25,0","<25,0","<25,0",31,"<25,0","<25,0","<25,0","<25,0",26
445,1995,212.0,,,,,,,,,,,,,,,
445,2000,110.0,,,,,,,,,,,,,,,
445,2005,395.0,,,,,,,,,,,,,,,
445,2010,352.5,,,,,,,,,,,,,,,
445,2015,118.6,3.8,8.9,6.1,11.3,6.6,8.2,6.7,8.8,5.4,15.5,3.7,11.2,4.3,14.7,13.8
445,2020,26,"<25,0","<25,0","<25,0","<25,0","<25,0","<25,0","<25,0","<25,0","<25,0","<25,0","<25,0",26,"<25,0","<25,0","<25,0"
447,1995,174.0,,,,,,,,,,,,,,,
447,2000,116.0,,,,,,,,,,,,,,,
447,2005,180.0,,,,,,,,,,,,,,,
447,2010,208.4,,,,,,,,,,,,,,,
447,2015,141.2,3.6,9.6,5.7,12.8,18.8,9.4,7.8,10.2,6.0,16.9,4.3,13.1,7.5,14.1,14.8
447,2020,29,"<25,0","<25,0","<25,0","<25,0","<25,0","<25,0","<25,0","<25,0","<25,0",29,"<25,0","<25,0",27,"<25,0","<25,0"
449,1995,190,,,,,,,,,,,,,,,
449,2000,155,,,,,,,,,,,,,,,
449,2005,263,,,,,,,,,,,,,,,
449,2010,213,,,,,,,,,,,,,,,
449,2015,147.6,3.5,9.3,5.9,13.8,19.1,10.8,7.9,10.3,5.7,19.1,3.8,15.4,5.5,12.1,16.8
449,2020,"<25,0","<25,0","<25,0","<25,0","<25,0","<25,0","<25,0","<25,0","<25,0","<25,0","<25,0","<25,0","<25,0","<25,0","<25,0","<25,0"
