point_id,year,CaCo3 [%],pH_H2O [pH],pH_KCl [pH]
1,1995,,4.8,3.9
1,2000,,6.0,4.7
1,2005,,6.2,5.1
1,2010,0.25,7.2,6.6
1,2015,0.54,7.1,6.8
1,2020,0.04,6.8,6.5
3,1995,,6.0,5.0
3,2000,,6.4,5.2
3,2005,,5.8,4.8
3,2010,,6.4,5.0
3,2015,,5.2,4.0
3,2020,0.04,6.7,5.9
5,1995,,6.2,5.1
5,2000,,6.3,4.9
5,2005,,5.9,4.6
5,2010,,6.3,5.1
5,2015,,5.3,4.3
5,2020,0.22,6.7,5.7
7,1995,0.21,7.2,6.3
7,2000,0.12,7.3,6.1
7,2005,,6.8,6.0
7,2010,,6.3,5.5
7,2015,,6.1,5.2
7,2020,0.02,6.1,5.2
9,1995,,6.2,5.5
9,2000,,6.3,5.1
9,2005,,6.2,5.0
9,2010,0.08,7.2,6.5
9,2015,0.17,7.0,6.5
9,2020,0.03,6.8,6.0
13,1995,,5.7,4.8
13,2000,,6.0,4.7
13,2005,,5.5,4.6
13,2010,,6.3,4.9
13,2015,,5.0,4.0
13,2020,0.04,6.8,6.5
15,1995,,5.5,4.3
15,2000,,6.0,4.6
15,2005,,5.6,4.3
15,2010,,5.8,4.3
15,2015,,4.9,3.6
15,2020,"<0,01",4.6,4.3
17,1995,,7.2,6.2
17,2000,,7.2,6.3
17,2005,,6.9,6.0
17,2010,,7.1,6.3
17,2015,0.12,6.8,5.9
17,2020,0.04,7.5,7.3
21,1995,,6.6,5.6
21,2000,,7.0,5.8
21,2005,,6.7,5.9
21,2010,,7.8,6.9
21,2015,0.17,7.2,6.4
21,2020,0.07,7.3,7.1
23,1995,,6.9,6.1
23,2000,,7.1,6.2
23,2005,,6.6,5.7
23,2010,0.04,7.3,6.2
23,2015,0.1,6.9,6.4
23,2020,0.03,6.2,5.9
25,1995,,6.3,5.3
25,2000,,6.0,5.1
25,2005,,5.8,4.8
25,2010,,6.6,5.2
25,2015,,5.5,4.5
25,2020,"<0,01",5,4.1
27,1995,,6.9,6.0
27,2000,,6.5,5.6
27,2005,,6.6,5.8
27,2010,,6.1,4.6
27,2015,,4.7,3.6
27,2020,0.03,6.6,6.1
29,1995,,4.9,3.6
29,2000,,5.0,3.8
29,2005,,4.3,3.5
29,2010,,5.7,4.2
29,2015,,4.6,3.6
29,2020,0.02,5.7,4.9
31,1995,,5.4,4.0
31,2000,,6.0,4.6
31,2005,,5.6,4.4
31,2010,,6.1,4.3
31,2015,,5.8,4.9
31,2020,0.02,6.8,6.2
33,1995,,7.1,5.8
33,2000,,6.7,5.6
33,2005,,6.5,5.5
33,2010,3.48,8.2,7.2
33,2015,,6.7,5.9
33,2020,5.0,7.8,7.3
35,1995,3.54,7.2,6.4
35,2000,4.29,7.4,6.5
35,2005,3.15,7.2,6.0
35,2010,10.81,8.1,7.5
35,2015,4.59,7.3,7.0
35,2020,0.85,7.5,7.1
37,1995,,6.1,4.8
37,2000,,6.3,5.0
37,2005,,6.0,4.8
37,2010,,5.7,4.7
37,2015,,5.7,4.8
37,2020,0.03,7.2,6.7
39,1995,,5.4,4.3
39,2000,,5.8,4.6
39,2005,,5.9,4.9
39,2010,,6.0,5.0
39,2015,,5.1,4.1
39,2020,0.1,7.4,6.9
41,1995,4.55,7.4,6.7
41,2000,4.86,7.8,6.8
41,2005,4.36,7.4,6.5
41,2010,3.06,8.2,7.4
41,2015,3.9,7.5,6.8
41,2020,0.35,7.6,7.4
43,1995,1.01,7.7,7.2
43,2000,1.28,7.9,7.3
43,2005,0.84,7.4,6.9
43,2010,4.23,8.4,7.7
43,2015,3.3,7.7,7.4
43,2020,0.19,7.9,7.6
45,1995,,5.1,4.0
45,2000,,5.3,4.2
45,2005,,5.1,4.0
45,2010,0.16,6.3,5.9
45,2015,,6.7,6.2
45,2020,0.03,7.0,6.5
47,1995,0.04,7.4,6.8
47,2000,,7.4,6.6
47,2005,,6.8,6.3
47,2010,,5.8,4.6
47,2015,,5.0,3.9
47,2020,0.02,5.4,4.5
49,1995,,6.0,4.4
49,2000,,5.8,4.6
49,2005,,5.4,4.2
49,2010,,6.3,5.0
49,2015,,4.8,3.9
49,2020,0.02,5.6,4.9
51,1995,,6.8,6.1
51,2000,,7.2,6.4
51,2005,,6.7,6.1
51,2010,,6.2,5.3
51,2015,,6.3,5.9
51,2020,0.2,6.8,6.9
53,1995,,7.1,6.0
53,2000,0.37,7.0,6.1
53,2005,,6.9,6.0
53,2010,,5.4,4.5
53,2015,,3.7,3.2
53,2020,0.02,5.4,4.7
55,1995,,6.8,5.7
55,2000,,7.0,5.7
55,2005,,6.5,5.3
55,2010,0.04,7.2,6.1
55,2015,0.29,7.1,6.3
55,2020,0.47,7.9,7.1
57,1995,0.21,7.1,6.0
57,2000,0.21,7.4,6.3
57,2005,0.24,7.5,6.3
57,2010,0.58,8.0,6.9
57,2015,0.74,7.7,7.0
57,2020,0.05,7.8,6.9
59,1995,,5.3,4.0
59,2000,,5.4,4.2
59,2005,,5.2,4.0
59,2010,,5.1,4.3
59,2015,,3.9,3.1
59,2020,0.04,5.5,4.2
61,1995,,6.6,6.0
61,2000,,7.0,5.9
61,2005,,6.6,5.5
61,2010,,6.3,5.4
61,2015,,5.3,4.4
61,2020,0.03,6.5,5.7
63,1995,,6.0,5.1
63,2000,,6.5,5.4
63,2005,,7.4,6.6
63,2010,0.12,7.8,7.5
63,2015,0.41,7.5,7.1
63,2020,0.02,6.8,6.1
65,1995,,6.6,6.1
65,2000,,6.4,5.6
65,2005,,6.5,5.5
65,2010,,5.5,4.5
65,2015,,4.5,3.6
65,2020,0.03,6.1,5.5
69,1995,,6.8,6.1
69,2000,,7.2,6.2
69,2005,,6.8,5.9
69,2010,,6.1,4.8
69,2015,,5.0,3.8
69,2020,0.02,5.1,4.3
71,1995,,6.2,5.4
71,2000,,6.3,5.1
71,2005,,6.1,5.0
71,2010,,5.7,4.3
71,2015,,5.3,4.2
71,2020,"<0,01",6.2,5.7
73,1995,,7.0,5.9
73,2000,,6.7,5.8
73,2005,,6.4,5.5
73,2010,,6.7,5.8
73,2015,0.37,7.1,6.8
73,2020,0.04,6.9,6.4
75,1995,,5.2,3.8
75,2000,,5.5,4.1
75,2005,,5.0,3.9
75,2010,,5.5,4.7
75,2015,,4.4,3.4
75,2020,0.02,6.6,5.6
77,1995,,6.4,5.0
77,2000,,6.7,5.3
77,2005,,6.6,5.4
77,2010,,6.0,4.9
77,2015,,5.3,4.7
77,2020,0.03,6.9,6.4
79,1995,3.26,7.0,5.9
79,2000,3.09,7.3,6.1
79,2005,6.34,7.4,6.2
79,2010,0.78,7.8,7.0
79,2015,1.41,7.4,6.8
79,2020,0.2,5.9,4.5
81,1995,,5.2,3.8
81,2000,,5.1,4.0
81,2005,,5.3,4.2
81,2010,,5.4,3.9
81,2015,,5.0,4.1
81,2020,0.52,6.5,5.9
83,1995,,5.5,4.3
83,2000,,5.3,4.2
83,2005,,5.0,4.0
83,2010,,5.2,4.1
83,2015,,5.1,4.2
83,2020,0.26,5.8,4.7
85,1995,,5.1,4.2
85,2000,,4.8,4.0
85,2005,,4.7,3.8
85,2010,0.08,6.9,6.4
85,2015,,4.9,4.1
85,2020,0.5,6.8,6.1
87,1995,,6.7,5.6
87,2000,,7.0,5.8
87,2005,,6.7,5.7
87,2010,,5.7,4.4
87,2015,,5.3,4.5
87,2020,0.12,5.2,4.3
89,1995,,6.2,5.0
89,2000,,5.8,4.8
89,2005,,5.8,4.7
89,2010,,6.5,5.5
89,2015,,5.9,5.3
89,2020,0.13,5.1,4.2
91,1995,,6.2,5.0
91,2000,,6.4,5.2
91,2005,,6.0,4.8
91,2010,,6.7,5.6
91,2015,,5.2,4.1
91,2020,0.14,5.5,4.6
93,1995,,6.4,5.5
93,2000,,6.7,5.4
93,2005,,6.0,5.1
93,2010,,6.5,5.5
93,2015,,6.0,5.4
93,2020,0.02,5.4,4.5
95,1995,,6.4,5.2
95,2000,,6.3,4.9
95,2005,,5.9,4.8
95,2010,,6.2,4.7
95,2015,,5.9,4.8
95,2020,0.03,6.8,6.2
97,1995,,6.6,5.7
97,2000,,6.9,5.7
97,2005,,6.4,5.3
97,2010,,6.3,5.4
97,2015,,6.4,5.7
97,2020,0.02,6.6,6.2
99,1995,,7.5,7.0
99,2000,,8.0,7.3
99,2005,,8.0,7.5
99,2010,,7.3,6.6
99,2015,,6.6,6.3
99,2020,0.02,4.9,3.4
101,1995,,6.9,6.2
101,2000,,7.6,6.5
101,2005,,6.9,6.3
101,2010,,6.8,5.8
101,2015,,6.6,6.2
101,2020,0.03,4.8,3.9
103,1995,,6.6,5.3
103,2000,,6.3,5.1
103,2005,,5.9,4.8
103,2010,,6.8,5.9
103,2015,,6.4,5.8
103,2020,0.03,6.6,5.9
105,1995,,6.4,5.4
105,2000,,6.7,5.4
105,2005,,6.3,5.0
105,2010,,5.8,4.6
105,2015,,5.3,4.3
105,2020,0.03,7.1,6.4
107,1995,,7.0,5.8
107,2000,,7.3,6.0
107,2005,,6.9,5.9
107,2010,0.04,7.2,6.4
107,2015,,6.7,6.2
107,2020,"<0,01",6.5,5.7
111,1995,,6.7,5.6
111,2000,,7.1,5.9
111,2005,,6.4,5.6
111,2010,0.08,6.8,5.8
111,2015,,5.7,5.0
111,2020,0.02,5.9,5.1
113,1995,,5.7,4.7
113,2000,,6.3,5.0
113,2005,,5.9,4.9
113,2010,,6.4,5.3
113,2015,,5.4,4.5
113,2020,0.02,5.2,5.6
115,1995,,6.5,5.6
115,2000,,6.8,5.8
115,2005,,6.7,5.8
115,2010,0.04,7.0,6.0
115,2015,,5.9,5.1
115,2020,0.03,6.1,5.2
117,1995,,6.9,6.0
117,2000,,7.0,5.8
117,2005,,6.6,5.7
117,2010,,7.2,6.5
117,2015,,6.6,6.0
117,2020,0.02,7.0,6.3
119,1995,,6.3,5.2
119,2000,,6.2,5.3
119,2005,,6.2,5.5
119,2010,,6.7,5.8
119,2015,,6.1,5.5
119,2020,"<0,01",4.5,3.9
121,1995,0.04,7.4,6.8
121,2000,0.08,7.9,6.7
121,2005,,7.2,6.6
121,2010,0.04,7.6,7.0
121,2015,0.19,7.4,7.0
121,2020,0.02,6.9,6.2
123,1995,,6.9,6.2
123,2000,,7.1,6.1
123,2005,,6.7,5.9
123,2010,2.2,8.4,8.0
123,2015,2.47,7.6,7.3
123,2020,0.28,7.9,7.8
125,1995,,6.5,5.8
125,2000,,6.8,5.9
125,2005,0.13,7.2,6.6
125,2010,0.08,8.0,7.4
125,2015,0.21,6.9,6.6
125,2020,0.04,6.8,6.4
127,1995,,6.5,5.5
127,2000,,6.1,5.3
127,2005,,5.8,4.9
127,2010,,5.4,4.1
127,2015,,4.2,3.3
127,2020,"<0,01",4.7,4
129,1995,0.42,7.2,6.5
129,2000,0.3,7.6,6.4
129,2005,0.15,7.3,6.0
129,2010,0.08,7.2,6.4
129,2015,,6.4,5.6
129,2020,"<0,01",5.4,4.6
131,1995,0.62,7.2,6.3
131,2000,0.55,7.1,6.1
131,2005,0.54,7.3,6.6
131,2010,,6.2,5.3
131,2015,,5.9,5.2
131,2020,0.03,5.5,4.7
133,1995,,6.4,5.3
133,2000,,6.5,5.2
133,2005,,5.8,4.9
133,2010,,6.3,5.2
133,2015,,5.2,4.4
133,2020,0.02,5.9,4.9
135,1995,,5.3,4.4
135,2000,,5.6,4.2
135,2005,,4.8,3.8
135,2010,,4.8,3.9
135,2015,,3.8,3.1
135,2020,"<0,01",6.1,5.3
137,1995,,5.8,4.7
137,2000,,5.6,4.5
137,2005,,5.4,4.2
137,2010,,5.3,4.2
137,2015,,5.9,5.0
137,2020,0.02,6.0,5.0
139,1995,,6.1,5.2
139,2000,,6.3,5.2
139,2005,,6.2,5.2
139,2010,,6.4,5.7
139,2015,,5.8,4.9
139,2020,0.02,6.0,4.9
141,1995,,5.0,3.8
141,2000,,5.2,3.9
141,2005,,4.8,3.6
141,2010,0.16,7.3,7.1
141,2015,,4.9,4.1
141,2020,0.02,6.2,5.5
143,1995,,6.6,5.6
143,2000,,6.9,5.8
143,2005,,6.6,5.4
143,2010,0.12,7.3,6.7
143,2015,0.12,6.8,6.3
143,2020,0.04,7.0,6.5
145,1995,,4.8,3.8
145,2000,,5.4,3.9
145,2005,,5.2,4.1
145,2010,0.04,7.3,6.6
145,2015,,4.5,3.5
145,2020,0.18,6.1,6.1
147,1995,,5.3,4.1
147,2000,,6.0,4.6
147,2005,,6.0,5.0
147,2010,,5.9,4.7
147,2015,,4.9,3.9
147,2020,"<0,01",5.8,4.6
149,1995,,5.5,4.1
149,2000,,5.5,4.2
149,2005,,6.1,5.1
149,2010,,5.9,4.7
149,2015,,4.6,3.6
149,2020,0.02,6.9,6.6
151,1995,,6.9,5.8
151,2000,,6.8,5.5
151,2005,,6.7,5.6
151,2010,,6.7,5.5
151,2015,,5.3,4.3
151,2020,0.27,6.3,5.4
153,1995,,6.0,4.8
153,2000,,6.4,5.5
153,2005,,6.4,5.3
153,2010,,6.2,4.8
153,2015,,5.3,4.2
153,2020,0.54,7.0,6.5
155,1995,,6.1,4.9
155,2000,,5.8,4.6
155,2005,,6.0,5.0
155,2010,,5.9,4.3
155,2015,,4.4,3.4
155,2020,0.03,6.6,5.9
157,1995,,6.5,5.2
157,2000,,6.7,5.4
157,2005,,6.1,5.0
157,2010,,5.5,4.1
157,2015,,5.9,5.2
157,2020,0.04,6.8,6.2
159,1995,,5.9,4.9
159,2000,,6.1,4.9
159,2005,,5.4,4.5
159,2010,,5.6,4.2
159,2015,,5.6,4.3
159,2020,0.06,5.8,5.2
161,1995,,5.8,4.5
161,2000,,5.8,4.4
161,2005,,5.6,4.5
161,2010,,4.9,3.8
161,2015,,4.3,3.4
161,2020,0.14,4.9,4.2
163,1995,,5.8,4.4
163,2000,,6.0,4.6
163,2005,,5.6,4.3
163,2010,,5.6,4.3
163,2015,,5.5,4.4
163,2020,0.02,6.7,5.6
165,1995,,5.6,4.2
165,2000,,5.3,3.9
165,2005,,5.3,4.2
165,2010,,5.6,4.2
165,2015,,4.5,3.5
165,2020,0.03,7.2,6.8
167,1995,,6.6,5.5
167,2000,,6.6,5.4
167,2005,,6.3,5.2
167,2010,0.06,7.0,6.2
167,2015,,6.1,5.6
167,2020,0.4,7.2,6.8
169,1995,,6.0,4.6
169,2000,,5.7,4.3
169,2005,,5.5,4.3
169,2010,,5.8,4.2
169,2015,,5.5,4.4
169,2020,"<0,01",5.5,4.8
171,1995,,5.9,4.5
171,2000,,6.0,4.6
171,2005,,5.7,4.3
171,2010,,5.8,4.5
171,2015,,5.9,4.9
171,2020,0.15,5.0,4.2
173,1995,,5.5,4.1
173,2000,,6.0,4.4
173,2005,,5.6,4.4
173,2010,,5.5,4.2
173,2015,,5.7,4.6
173,2020,0.47,5.6,4.9
175,1995,,6.5,5.5
175,2000,,6.9,6.0
175,2005,,6.8,5.9
175,2010,,6.8,6.0
175,2015,,6.3,5.7
175,2020,0.02,7.4,7.2
177,1995,,6.2,4.9
177,2000,,6.4,4.8
177,2005,,6.2,4.8
177,2010,,6.5,5.7
177,2015,,6.7,5.9
177,2020,0.03,6.8,6.4
179,1995,0.37,7.3,6.6
179,2000,0.24,7.3,6.4
179,2005,0.12,6.9,6.2
179,2010,,6.4,5.4
179,2015,,6.4,5.8
179,2020,0.02,6.4,5.7
181,1995,,5.2,4.1
181,2000,,5.6,4.5
181,2005,,6.5,5.6
181,2010,0.08,6.8,6.1
181,2015,,6.5,5.6
181,2020,0.03,6.6,6.2
183,1995,,5.3,4.2
183,2000,,5.5,4.4
183,2005,,5.4,4.3
183,2010,,5.8,4.6
183,2015,,5.9,4.7
183,2020,0.02,5.7,4.9
187,1995,,6.8,5.9
187,2000,,6.7,5.6
187,2005,,6.7,5.7
187,2010,,5.9,5.0
187,2015,,5.6,4.6
187,2020,0.03,5.8,5.2
189,1995,0.04,6.9,6.5
189,2000,0.08,7.3,6.8
189,2005,0.06,7.0,6.4
189,2010,,6.6,5.8
189,2015,,6.4,5.7
189,2020,0.05,7.5,6.9
191,1995,,6.8,5.9
191,2000,,7.2,6.2
191,2005,,7.1,6.2
191,2010,0.17,7.1,6.4
191,2015,0.16,6.8,6.1
191,2020,0.02,6.7,6.1
193,1995,0.25,6.9,6.1
193,2000,0.16,6.6,5.7
193,2005,,6.5,5.5
193,2010,0.37,7.2,6.6
193,2015,0.87,7.2,6.8
193,2020,0.17,7.4,7.1
195,1995,,6.5,5.1
195,2000,,7.0,5.3
195,2005,,6.7,5.5
195,2010,,6.4,5.1
195,2015,,5.7,4.7
195,2020,0.04,5.1,4.2
197,1995,,6.5,5.3
197,2000,,7.0,5.6
197,2005,2.94,7.6,6.5
197,2010,,6.3,5.2
197,2015,,5.8,5.0
197,2020,0.03,6.0,5.5
199,1995,,6.7,5.7
199,2000,,6.8,5.5
199,2005,,6.6,5.3
199,2010,,6.4,5.2
199,2015,,5.7,4.6
199,2020,0.02,5.2,4.4
201,1995,,6.0,4.5
201,2000,,6.4,5.0
201,2005,,5.6,4.4
201,2010,,5.1,4.1
201,2015,,5.9,4.9
201,2020,0.03,6.8,6.2
203,1995,,7.1,6.0
203,2000,,7.3,6.3
203,2005,,7.0,6.1
203,2010,0.04,7.4,6.8
203,2015,,6.7,6.1
203,2020,0.02,6.5,5.9
205,1995,,4.7,3.6
205,2000,,5.3,3.9
205,2005,,6.1,5.1
205,2010,,5.5,4.2
205,2015,,4.1,3.1
205,2020,0.04,7.1,6.5
207,1995,,5.8,4.5
207,2000,,6.7,5.5
207,2005,,6.6,5.8
207,2010,0.04,7.0,6.1
207,2015,,6.4,5.7
207,2020,0.03,6.2,5.4
209,1995,,6.3,5.0
209,2000,,6.1,4.9
209,2005,,5.4,4.7
209,2010,,6.1,5.2
209,2015,,5.7,4.7
209,2020,0.03,6.3,5.6
211,1995,,6.7,5.6
211,2000,,7.0,6.0
211,2005,,6.8,5.8
211,2010,,6.3,5.2
211,2015,,5.8,4.8
211,2020,0.05,7.2,6.9
213,1995,,6.8,6.0
213,2000,,7.0,6.2
213,2005,,7.0,6.4
213,2010,0.04,6.7,5.9
213,2015,,6.3,5.7
213,2020,0.13,9.4,7.9
215,1995,,7.0,6.3
215,2000,,7.2,6.4
215,2005,,6.9,6.2
215,2010,0.04,7.3,6.7
215,2015,0.08,7.0,6.5
215,2020,0.02,7.1,6.8
217,1995,,6.5,5.4
217,2000,,6.5,5.2
217,2005,,6.2,4.9
217,2010,,6.5,6.1
217,2015,,6.3,5.4
217,2020,"<0,01",6.2,5.4
219,1995,,6.0,5.3
219,2000,,6.3,5.5
219,2005,,6.7,6.0
219,2010,0.04,7.0,6.3
219,2015,,5.2,4.3
219,2020,0.03,6.6,6.5
221,1995,,6.5,5.5
221,2000,,6.4,5.3
221,2005,,6.4,5.5
221,2010,,6.6,5.6
221,2015,,6.7,6.2
221,2020,0.04,6.4,5.4
223,1995,,6.8,5.8
223,2000,,6.8,5.7
223,2005,,6.6,5.6
223,2010,,6.2,5.2
223,2015,,5.9,5.2
223,2020,0.02,6.8,6.1
225,1995,,5.3,4.1
225,2000,,5.7,4.3
225,2005,,5.4,4.3
225,2010,,5.1,4.0
225,2015,,4.2,3.2
225,2020,"<0,01",5.4,4.4
229,1995,,6.7,5.5
229,2000,,7.3,5.8
229,2005,,6.8,5.3
229,2010,0.12,7.2,6.4
229,2015,,6.6,6.0
229,2020,0.03,7.3,6.9
231,1995,,6.2,5.1
231,2000,,5.8,5.0
231,2005,,6.2,5.1
231,2010,,5.9,4.6
231,2015,,4.8,3.8
231,2020,"<0,01",5.2,4.2
233,1995,,5.3,4.3
233,2000,,7.1,6.1
233,2005,,6.8,5.6
233,2010,,5.3,4.0
233,2015,,5.2,4.4
233,2020,0.02,5.5,4.6
235,1995,,5.6,4.8
235,2000,,6.0,5.0
235,2005,,6.9,6.2
235,2010,,6.5,5.7
235,2015,,5.4,4.6
235,2020,0.19,5.2,4.6
237,1995,,6.0,5.2
237,2000,,6.4,5.5
237,2005,,5.3,4.2
237,2010,,5.7,4.7
237,2015,,4.7,3.9
237,2020,0.02,5.7,4.8
239,1995,,7.0,6.0
239,2000,,6.8,5.8
239,2005,,6.7,5.6
239,2010,,6.4,5.2
239,2015,,5.9,5.1
239,2020,0.24,6.4,5.5
241,1995,,5.5,4.4
241,2000,,6.0,4.8
241,2005,,5.7,4.6
241,2010,,5.6,4.7
241,2015,,6.0,5.2
241,2020,0.02,6.5,6.0
243,1995,,5.8,4.7
243,2000,,5.4,4.3
243,2005,,5.2,3.9
243,2010,,5.1,4.1
243,2015,,4.9,4.2
243,2020,0.03,4.8,4.1
245,1995,,6.8,6.0
245,2000,,7.0,5.7
245,2005,,6.6,5.7
245,2010,,5.0,3.7
245,2015,,4.3,3.8
245,2020,0.02,4.7,3.9
247,1995,,6.0,4.9
247,2000,,7.5,6.3
247,2005,,7.0,6.1
247,2010,0.21,7.0,6.3
247,2015,,4.8,4.0
247,2020,0.09,7.5,7.1
249,1995,,6.1,5.0
249,2000,,6.7,5.3
249,2005,,6.4,4.8
249,2010,,6.2,4.8
249,2015,,5.5,4.6
249,2020,0.03,6.7,6.2
251,1995,,6.1,4.9
251,2000,,6.4,5.2
251,2005,,7.0,6.3
251,2010,,6.6,5.6
251,2015,,5.8,5.0
251,2020,0.02,6.0,5.2
253,1995,,6.3,5.2
253,2000,,6.8,5.4
253,2005,,6.8,5.6
253,2010,0.13,7.2,6.7
253,2015,,5.7,4.8
253,2020,0.04,7.0,6.3
255,1995,,6.3,5.5
255,2000,,6.6,5.3
255,2005,,6.0,5.1
255,2010,,6.5,5.4
255,2015,,5.9,5.2
255,2020,0.03,6.7,6.0
257,1995,,5.5,4.5
257,2000,,5.7,4.3
257,2005,,5.9,4.7
257,2010,,5.9,4.5
257,2015,,5.8,5.4
257,2020,0.21,6.4,5.9
259,1995,,6.1,4.8
259,2000,,6.4,5.2
259,2005,,6.0,5.0
259,2010,,6.4,5.4
259,2015,,6.1,5.2
259,2020,0.02,5.6,4.5
261,1995,,4.9,3.7
261,2000,,6.3,4.9
261,2005,,5.8,4.8
261,2010,,6.2,4.8
261,2015,,5.5,4.6
261,2020,0.04,5.9,4.8
263,1995,,5.9,4.7
263,2000,,5.6,4.4
263,2005,,5.4,4.0
263,2010,,5.3,5.1
263,2015,,5.2,4.2
263,2020,0.16,5.4,4.5
265,1995,,5.9,4.5
265,2000,,5.6,4.3
265,2005,,5.2,4.2
265,2010,,5.4,4.0
265,2015,,4.1,3.2
265,2020,"<0,01",6.9,7.2
267,1995,,6.5,5.4
267,2000,,6.7,5.2
267,2005,,6.2,5.0
267,2010,,6.1,6.3
267,2015,,5.6,4.5
267,2020,0.17,6.2,5.4
269,1995,,6.9,6.1
269,2000,,7.3,6.3
269,2005,,6.9,6.2
269,2010,0.04,7.1,6.4
269,2015,0.02,6.8,6.0
269,2020,0.02,6.7,6.2
271,1995,,5.7,4.3
271,2000,,5.5,4.2
271,2005,,5.3,4.1
271,2010,,6.0,4.6
271,2015,,4.1,3.3
271,2020,0.02,6.2,5.3
273,1995,,5.6,4.3
273,2000,,5.6,4.2
273,2005,,5.2,4.0
273,2010,,5.6,4.1
273,2015,,4.8,3.8
273,2020,0.02,5.9,4.8
275,1995,,6.0,4.7
275,2000,,5.8,4.4
275,2005,,5.7,4.4
275,2010,,5.4,4.1
275,2015,,4.9,3.7
275,2020,0.18,4.9,4.2
277,1995,,7.1,6.5
277,2000,1.46,7.5,6.8
277,2005,2.31,7.0,6.4
277,2010,2.24,8.3,7.9
277,2015,2.23,7.7,7.2
277,2020,0.25,7.7,7.5
279,1995,,6.7,6.0
279,2000,,6.5,6.1
279,2005,,6.4,5.8
279,2010,0.04,7.6,7.0
279,2015,,5.9,4.9
279,2020,0.02,6.4,5.5
281,1995,,6.0,5.1
281,2000,,6.2,5.0
281,2005,,5.8,4.8
281,2010,,6.3,5.2
281,2015,,6.5,5.9
281,2020,0.02,6.6,5.8
283,1995,,7.0,5.8
283,2000,,7.4,6.3
283,2005,,7.0,6.0
283,2010,0.46,7.3,7.0
283,2015,0.08,7.0,6.5
283,2020,0.9,7.9,7.5
285,1995,,5.9,4.7
285,2000,,6.4,5.3
285,2005,,6.0,5.0
285,2010,,5.9,4.8
285,2015,0.0,7.0,6.5
285,2020,0.02,5.7,4.7
287,1995,,6.7,6.0
287,2000,,6.6,5.7
287,2005,,6.3,5.7
287,2010,,5.7,4.5
287,2015,,5.2,4.2
287,2020,"<0,01",5.2,4.4
289,1995,,6.2,4.8
289,2000,,5.9,4.5
289,2005,,6.1,4.8
289,2010,0.08,6.9,5.9
289,2015,,5.9,4.8
289,2020,0.02,6.5,5.7
291,1995,,6.5,5.6
291,2000,,7.0,6.0
291,2005,,6.6,5.7
291,2010,,6.5,5.8
291,2015,,6.4,5.5
291,2020,0.04,7.1,7.1
295,1995,,4.8,4.0
295,2000,,5.6,4.3
295,2005,,5.2,4.2
295,2010,,5.8,4.9
295,2015,,4.8,4.2
295,2020,0.14,5.8,5.1
297,1995,,6.9,6.4
297,2000,,7.1,6.3
297,2005,,6.9,6.2
297,2010,0.29,7.8,7.3
297,2015,0.62,7.4,7.2
297,2020,0.95,8.3,8.1
299,1995,57.94,7.7,6.8
299,2000,60.97,8.0,6.5
299,2005,60.09,7.5,6.7
299,2010,59.87,8.3,7.7
299,2015,61.86,7.8,7.3
299,2020,57.4,8.0,7.6
301,1995,,5.9,4.8
301,2000,,6.3,5.1
301,2005,,6.5,5.5
301,2010,,6.2,5.4
301,2015,,5.1,4.5
301,2020,0.07,5.7,4.8
303,1995,,5.0,3.8
303,2000,,5.5,4.2
303,2005,,6.8,6.1
303,2010,,5.2,4.3
303,2015,,5.2,4.1
303,2020,0.16,7.6,7.0
305,1995,,6.4,5.2
305,2000,,6.2,5.1
305,2005,,6.4,5.4
305,2010,,5.3,4.2
305,2015,,5.4,4.3
305,2020,0.05,5.0,4.2
307,1995,,7.0,6.0
307,2000,,7.3,6.4
307,2005,,7.1,6.1
307,2010,0.02,6.9,5.9
307,2015,,6.2,5.2
307,2020,0.06,6.6,5.9
311,1995,,6.5,5.4
311,2000,,6.2,5.1
311,2005,,6.9,5.8
311,2010,0.08,7.0,6.0
311,2015,,6.6,5.9
311,2020,0.04,6.9,6.5
313,1995,,6.3,5.2
313,2000,,6.6,5.5
313,2005,,5.8,4.9
313,2010,,6.5,5.9
313,2015,,5.9,5.1
313,2020,0.03,6.2,5.3
315,1995,,7.2,6.4
315,2000,,7.4,6.5
315,2005,,7.1,6.2
315,2010,0.33,7.4,6.6
315,2015,,6.6,6.2
315,2020,0.04,7.0,6.4
317,1995,,6.2,5.1
317,2000,,5.8,4.6
317,2005,,5.4,4.4
317,2010,,6.2,5.0
317,2015,,5.3,4.1
317,2020,0.49,6.5,5.5
319,1995,0.13,7.2,6.3
319,2000,0.13,7.4,6.5
319,2005,0.08,7.3,6.3
319,2010,0.33,7.8,7.0
319,2015,0.17,6.8,6.4
319,2020,0.06,7.3,6.9
321,1995,,6.6,5.7
321,2000,,6.8,5.8
321,2005,,6.1,5.1
321,2010,,6.3,5.4
321,2015,,5.9,5.1
321,2020,0.03,6.9,6.5
323,1995,,7.0,5.8
323,2000,,7.2,6.1
323,2005,,7.4,6.2
323,2010,,5.6,4.2
323,2015,,4.5,3.5
323,2020,0.03,6.6,5.8
325,1995,,6.1,4.7
325,2000,,6.5,5.1
325,2005,,5.7,4.8
325,2010,,5.9,4.4
325,2015,,5.1,4.3
325,2020,0.05,6.1,5.0
327,1995,,6.6,5.6
327,2000,,6.2,5.2
327,2005,,6.3,5.1
327,2010,,6.3,5.0
327,2015,0.12,7.1,6.8
327,2020,0.03,5.4,4.4
329,1995,,6.4,5.3
329,2000,,5.9,5.2
329,2005,,5.6,4.7
329,2010,,5.5,3.9
329,2015,,5.6,4.7
329,2020,0.09,6.0,5.1
331,1995,,6.5,5.5
331,2000,,6.3,5.3
331,2005,,6.0,4.9
331,2010,,6.7,5.6
331,2015,,6.2,5.4
331,2020,1.45,6.3,5.5
333,1995,,6.8,6.2
333,2000,,7.1,6.0
333,2005,,6.5,5.6
333,2010,,6.7,5.6
333,2015,,5.8,5.0
333,2020,0.06,7.5,7.1
335,1995,13.46,7.4,6.6
335,2000,11.04,7.2,6.4
335,2005,10.08,7.0,6.3
335,2010,3.35,7.7,6.8
335,2015,3.39,7.1,6.6
335,2020,0.83,7.6,7.2
337,1995,,6.2,5.0
337,2000,,6.4,5.3
337,2005,1.59,7.5,6.7
337,2010,,7.2,6.2
337,2015,,6.5,5.7
337,2020,0.02,6.9,6.2
339,1995,,7.5,7.1
339,2000,,7.7,7.0
339,2005,,7.6,6.7
339,2010,0.04,7.2,6.5
339,2015,0.0,6.9,6.3
339,2020,0.03,7.2,6.8
341,1995,,6.2,4.8
341,2000,,6.4,4.9
341,2005,0.28,7.6,6.8
341,2010,,6.6,5.2
341,2015,,6.0,5.3
341,2020,0.03,7.2,6.5
343,1995,0.45,7.4,6.7
343,2000,0.38,7.8,7.0
343,2005,1.23,7.4,6.6
343,2010,6.57,8.0,7.3
343,2015,6.47,7.3,6.9
343,2020,0.77,7.6,7.1
345,1995,,7.1,6.5
345,2000,,7.3,6.8
345,2005,0.24,7.2,6.6
345,2010,0.16,7.7,7.1
345,2015,0.25,7.3,7.1
345,2020,0.04,7.5,6.9
347,1995,,6.2,5.1
347,2000,,6.6,5.4
347,2005,,6.6,5.6
347,2010,,6.8,5.9
347,2015,,6.6,5.8
347,2020,0.1,6.8,6.3
349,1995,,6.4,5.4
349,2000,,6.5,5.2
349,2005,,6.2,5.4
349,2010,,6.5,5.4
349,2015,,5.4,4.3
349,2020,0.05,6.3,5.5
351,1995,,5.9,4.7
351,2000,,7.7,6.8
351,2005,,6.2,5.2
351,2010,,6.2,5.1
351,2015,,6.0,5.2
351,2020,0.05,7.3,6.9
353,1995,2.18,7.4,6.4
353,2000,2.06,7.6,6.2
353,2005,2.1,7.3,6.4
353,2010,1.14,7.9,7.4
353,2015,1.03,7.5,6.7
353,2020,0.43,7.7,7.3
355,1995,,7.0,6.1
355,2000,,7.0,6.2
355,2005,,7.5,6.6
355,2010,0.17,7.7,6.9
355,2015,0.21,7.4,6.9
355,2020,0.03,7.1,6.6
357,1995,,6.4,5.4
357,2000,,6.8,5.3
357,2005,,6.9,5.2
357,2010,,7.2,6.3
357,2015,,6.2,5.4
357,2020,0.02,6.5,5.8
359,1995,,6.6,5.5
359,2000,,6.7,5.6
359,2005,,6.9,5.3
359,2010,,6.2,5.2
359,2015,,5.9,5.1
359,2020,0.02,7.1,6.6
361,1995,,5.0,3.7
361,2000,,5.1,3.7
361,2005,,4.8,3.5
361,2010,,5.5,4.1
361,2015,,4.5,3.4
361,2020,"<0,01",5.5,4.5
363,1995,,4.8,3.9
363,2000,,5.3,4.1
363,2005,,5.0,3.8
363,2010,,5.3,4.2
363,2015,,5.0,4.1
363,2020,0.09,7.5,6.9
365,1995,,6.0,4.8
365,2000,,6.6,5.2
365,2005,,5.8,4.6
365,2010,,6.6,5.5
365,2015,,6.2,5.2
365,2020,0.05,6.7,5.8
367,1995,,5.0,3.6
367,2000,,6.4,5.3
367,2005,,5.6,4.5
367,2010,,6.2,5.0
367,2015,,5.2,4.3
367,2020,0.02,5.0,4.2
369,1995,,5.4,4.2
369,2000,,5.8,4.5
369,2005,,6.2,5.0
369,2010,,7.1,6.3
369,2015,,6.6,5.7
369,2020,0.2,7.7,7.6
371,1995,,6.9,6.0
371,2000,,6.1,5.8
371,2005,,6.5,5.4
371,2010,,6.9,5.7
371,2015,,6.6,5.9
371,2020,0.5,6.4,5.6
373,1995,,5.8,4.6
373,2000,,5.5,4.4
373,2005,,5.7,4.6
373,2010,,5.7,4.4
373,2015,,5.1,4.3
373,2020,0.02,5.5,4.6
375,1995,,6.9,5.8
375,2000,,7.0,6.0
375,2005,,6.6,5.5
375,2010,,7.1,6.1
375,2015,,6.3,5.5
375,2020,0.22,8.0,7.5
377,1995,,5.3,4.3
377,2000,,5.7,4.3
377,2005,,5.5,4.3
377,2010,,6.6,5.4
377,2015,,6.1,5.3
377,2020,0.04,6.6,5.4
379,1995,,5.7,4.6
379,2000,,5.4,4.3
379,2005,,6.1,5.0
379,2010,,6.3,4.9
379,2015,,5.6,4.6
379,2020,0.02,4.5,3.9
381,1995,0.08,6.9,6.2
381,2000,0.13,7.2,6.0
381,2005,0.16,7.2,6.3
381,2010,0.25,7.7,7.0
381,2015,0.21,6.9,6.4
381,2020,0.03,7.1,6.7
383,1995,,6.7,5.8
383,2000,,6.3,5.2
383,2005,,6.5,5.0
383,2010,,6.0,4.9
383,2015,,6.0,5.3
383,2020,0.03,5.9,5.0
385,1995,,5.7,4.4
385,2000,,5.8,4.4
385,2005,,5.6,4.0
385,2010,,5.2,4.1
385,2015,,4.7,4.1
385,2020,0.09,5.1,4.1
387,1995,,6.7,5.7
387,2000,,7.0,5.8
387,2005,,6.9,5.9
387,2010,,6.0,4.8
387,2015,,5.6,4.8
387,2020,0.13,6.6,5.8
389,1995,,6.7,5.6
389,2000,,7.0,5.9
389,2005,,5.9,4.7
389,2010,0.04,6.8,5.3
389,2015,,6.3,5.9
389,2020,0.03,7.4,6.8
393,1995,,5.7,5.1
393,2000,,6.4,5.4
393,2005,,6.4,5.5
393,2010,,7.7,6.7
393,2015,0.25,7.3,6.9
393,2020,0.02,7.1,6.3
395,1995,0.21,7.3,6.8
395,2000,0.14,7.2,6.8
395,2005,0.63,7.5,6.5
395,2010,,7.6,6.8
395,2015,0.08,6.9,6.4
395,2020,0.03,7.8,7.3
397,1995,,5.7,4.6
397,2000,,6.0,4.8
397,2005,,6.8,5.9
397,2010,0.08,7.2,6.4
397,2015,,6.6,6.1
397,2020,0.05,6.7,6.4
399,1995,,6.1,4.9
399,2000,,7.2,6.0
399,2005,,6.8,5.7
399,2010,,6.6,5.6
399,2015,,6.5,6.0
399,2020,0.04,7.4,7.2
401,1995,0.29,7.7,6.9
401,2000,0.4,8.2,7.2
401,2005,0.28,7.6,6.8
401,2010,,6.6,6.1
401,2015,,6.4,5.7
401,2020,0.68,6.9,5.7
403,1995,1.3,7.6,6.8
403,2000,0.98,7.4,6.8
403,2005,,7.0,6.4
403,2010,0.12,7.5,6.8
403,2015,,6.7,6.0
403,2020,0.03,7.5,6.8
405,1995,,7.0,6.3
405,2000,,7.2,6.4
405,2005,,6.7,6.1
405,2010,0.04,6.7,5.0
405,2015,,4.4,3.6
405,2020,0.07,8.0,7.4
407,1995,,6.7,5.6
407,2000,,6.9,5.9
407,2005,,7.0,6.0
407,2010,0.04,7.1,5.9
407,2015,,6.0,5.2
407,2020,0.04,7.0,6.4
409,1995,,5.3,4.1
409,2000,,6.2,5.0
409,2005,,5.9,5.1
409,2010,,6.6,5.3
409,2015,,5.8,5.0
409,2020,0.06,7.3,7.0
411,1995,1.29,7.3,6.6
411,2000,1.5,7.5,6.7
411,2005,1.25,7.1,6.3
411,2010,3.1,7.8,7.2
411,2015,1.41,7.1,6.8
411,2020,0.2,6.1,5.0
413,1995,,6.7,5.9
413,2000,,6.9,5.9
413,2005,,6.3,5.5
413,2010,,5.8,4.3
413,2015,,4.6,3.4
413,2020,0.06,6.4,4.9
415,1995,0.54,7.0,6.3
415,2000,0.55,7.6,7.0
415,2005,,7.2,6.7
415,2010,,5.6,4.2
415,2015,,4.7,3.5
415,2020,0.14,5.7,4.7
417,1995,,5.0,3.8
417,2000,,5.4,4.2
417,2005,,4.9,3.8
417,2010,,5.6,4.5
417,2015,,4.9,3.7
417,2020,0.11,7.2,7.0
419,1995,,6.2,5.0
419,2000,,6.1,4.9
419,2005,,6.0,4.7
419,2010,,5.2,4.0
419,2015,,4.3,3.4
419,2020,0.03,5.2,4.3
421,1995,,7.2,6.4
421,2000,,7.2,6.1
421,2005,,6.7,5.6
421,2010,,6.5,5.5
421,2015,,5.8,4.8
421,2020,0.38,6.4,5.7
423,1995,,6.2,5.1
423,2000,,6.3,4.9
423,2005,,5.8,4.6
423,2010,,5.7,4.3
423,2015,,4.8,3.6
423,2020,0.03,5.5,4.9
425,1995,0.17,6.8,6.1
425,2000,0.11,7.0,6.3
425,2005,,7.0,6.0
425,2010,,5.8,4.6
425,2015,,5.2,4.4
425,2020,0.08,7.5,7.0
427,1995,,5.9,4.6
427,2000,,6.6,5.3
427,2005,,6.3,5.3
427,2010,,6.1,4.8
427,2015,,5.0,3.8
427,2020,0.04,6.2,5.0
429,1995,,6.5,5.5
429,2000,,6.7,5.5
429,2005,,6.7,5.7
429,2010,,6.5,5.5
429,2015,,6.4,5.6
429,2020,0.06,7.0,6.5
431,1995,,6.9,5.9
431,2000,,7.3,6.1
431,2005,,6.8,5.8
431,2010,0.06,7.0,5.8
431,2015,,5.9,4.9
431,2020,0.07,6.0,4.9
433,1995,,6.5,5.5
433,2000,,6.7,5.4
433,2005,0.33,7.6,6.7
433,2010,1.19,7.9,7.0
433,2015,1.2,7.5,6.8
433,2020,0.34,7.9,7.5
435,1995,,6.5,5.3
435,2000,,7.0,5.5
435,2005,0.12,7.0,6.0
435,2010,0.74,7.9,6.9
435,2015,0.08,7.2,6.7
435,2020,0.04,6.6,5.3
437,1995,,6.3,5.0
437,2000,,6.6,5.2
437,2005,,5.7,4.6
437,2010,,6.3,4.9
437,2015,,5.7,4.9
437,2020,0.02,5.5,4.6
439,1995,,5.7,4.6
439,2000,,5.9,4.5
439,2005,,5.4,4.2
439,2010,,5.8,4.3
439,2015,,5.3,4.5
439,2020,0.03,6.6,5.7
441,1995,0.08,7.1,6.4
441,2000,0.04,7.8,6.4
441,2005,,7.0,5.9
441,2010,0.08,7.4,6.1
441,2015,,6.7,5.9
441,2020,0.05,7.4,6.8
443,1995,,6.4,5.3
443,2000,,6.5,5.0
443,2005,,5.9,4.7
443,2010,,6.5,6.1
443,2015,,5.9,5.1
443,2020,0.04,5.9,4.9
445,1995,,6.4,5.4
445,2000,,7.0,5.9
445,2005,,6.4,5.3
445,2010,0.04,7.0,5.1
445,2015,,5.9,5.1
445,2020,0.04,7.6,7.0
447,1995,,6.7,5.9
447,2000,,6.6,5.5
447,2005,,6.3,5.4
447,2010,0.16,7.7,5.7
447,2015,,5.0,4.4
447,2020,0.02,5.6,4.7
449,1995,,6.6,5.8
449,2000,,6.8,5.4
449,2005,,6.4,5.2
449,2010,,6.6,5.2
449,2015,,5.8,5.1
449,2020,0.04,6.1,5.0
