point_id,year,c/n [-],humus [%],organic_carbon [%],total_nitrogen [%]
1,1995,14.5,1.51,0.87,0.06
1,2000,12.7,1.6,0.93,0.073
1,2005,8.7,1.32,0.77,0.088
1,2010,10.4,1.45,0.84,0.081
1,2015,8.8,1.52,0.88,0.1
1,2020,10.88,1.5,0.87,0.08
3,1995,17.8,1.53,0.89,0.05
3,2000,14.6,1.54,0.89,0.061
3,2005,11.9,1.61,0.93,0.078
3,2010,10.6,1.55,0.9,0.085
3,2015,7.6,1.31,0.76,0.1
3,2020,13.5,3.26,1.89,0.14
5,1995,13.6,1.88,1.09,0.08
5,2000,12.1,1.88,1.09,0.09
5,2005,13.3,1.67,0.97,0.073
5,2010,9.8,1.83,1.06,0.108
5,2015,9.2,2.23,1.29,0.14
5,2020,18.18,3.45,2.0,0.11
7,1995,14.2,1.46,0.85,0.06
7,2000,12.8,1.33,0.77,0.06
7,2005,11.6,1.39,0.81,0.07
7,2010,11.3,1.9,1.1,0.097
7,2015,8.8,1.98,1.15,0.13
7,2020,24.08,4.99,2.89,0.12
9,1995,10.2,2.3,1.33,0.13
9,2000,10.2,2.46,1.43,0.14
9,2005,12.0,2.49,1.44,0.12
9,2010,12.3,2.96,1.72,0.14
9,2015,12.9,2.89,1.68,0.13
9,2020,21.54,4.82,2.8,0.13
13,1995,15.6,2.12,1.23,0.079
13,2000,17.5,2.09,1.21,0.069
13,2005,13.9,1.92,1.11,0.08
13,2010,8.8,1.9,1.1,0.125
13,2015,8.5,2.04,1.18,0.14
13,2020,16.67,3.89,2.25,0.135
15,1995,13.2,2.23,1.29,0.098
15,2000,12.8,1.98,1.15,0.09
15,2005,11.5,1.74,1.01,0.088
15,2010,9.7,2.09,1.21,0.125
15,2015,9.9,2.22,1.29,0.13
15,2020,3.2,0.98,0.57,0.178
17,1995,12.5,1.88,1.09,0.087
17,2000,12.9,1.99,1.15,0.089
17,2005,12.0,1.89,1.1,0.092
17,2010,10.9,1.93,1.12,0.103
17,2015,8.7,1.95,1.13,0.13
17,2020,24.4,4.58,2.66,0.109
21,1995,9.1,1.84,1.07,0.117
21,2000,8.8,2.01,1.16,0.132
21,2005,10.3,2.06,1.19,0.116
21,2010,9.5,2.52,1.46,0.154
21,2015,8.2,2.41,1.4,0.17
21,2020,15.61,4.84,2.81,0.18
23,1995,8.2,1.46,0.85,0.104
23,2000,9.0,1.66,0.96,0.106
23,2005,9.3,1.47,0.85,0.091
23,2010,9.3,1.69,0.98,0.105
23,2015,8.4,1.59,0.92,0.11
23,2020,12.4,3.21,1.86,0.15
25,1995,9.3,4.25,2.46,0.263
25,2000,8.6,4.15,2.41,0.28
25,2005,9.5,4.53,2.63,0.276
25,2010,8.9,3.9,2.26,0.254
25,2015,8.7,4.03,2.34,0.27
25,2020,32.6,2.81,1.63,0.05
27,1995,8.8,2.03,1.16,0.132
27,2000,7.8,1.88,1.09,0.14
27,2005,10.2,2.18,1.26,0.123
27,2010,10.1,2.83,1.64,0.162
27,2015,8.2,2.39,1.39,0.17
27,2020,11.21,3.67,2.13,0.19
29,1995,10.1,2.79,1.62,0.16
29,2000,10.5,3.14,1.82,0.173
29,2005,13.0,2.87,1.66,0.128
29,2010,9.3,2.62,1.52,0.163
29,2015,7.8,2.41,1.4,0.18
29,2020,11.33,1.76,1.02,0.09
31,1995,10.7,1.32,0.76,0.071
31,2000,10.9,1.5,0.87,0.08
31,2005,10.0,1.39,0.81,0.081
31,2010,10.3,1.36,0.79,0.077
31,2015,8.9,1.53,0.89,0.1
31,2020,6.41,3.44,2.0,0.312
33,1995,9.5,2.4,1.39,0.146
33,2000,9.9,2.19,1.27,0.128
33,2005,13.1,3.17,2.13,0.163
33,2010,9.5,2.76,1.6,0.169
33,2015,10.5,4.33,2.51,0.24
33,2020,4.11,1.34,0.78,0.19
35,1995,9.7,1.18,0.68,0.07
35,2000,7.4,1.15,0.67,0.09
35,2005,8.5,0.96,0.56,0.066
35,2010,9.0,0.9,0.52,0.058
35,2015,9.0,1.76,1.02,0.11
35,2020,8.25,1.71,0.99,0.12
37,1995,12.7,1.84,1.07,0.084
37,2000,11.7,2.01,1.16,0.099
37,2005,14.1,1.9,1.1,0.078
37,2010,9.9,1.36,0.79,0.08
37,2015,9.1,2.18,1.27,0.14
37,2020,9.71,2.31,1.34,0.138
39,1995,10.6,1.83,1.06,0.1
39,2000,10.3,2.01,1.16,0.113
39,2005,11.6,1.73,1.03,0.099
39,2010,8.8,2.21,1.28,0.146
39,2015,8.6,2.22,1.29,0.15
39,2020,9.75,2.69,1.56,0.16
41,1995,10.7,4.6,2.67,0.25
41,2000,11.0,4.73,2.74,0.25
41,2005,8.6,4.48,2.59,0.3
41,2010,9.7,4.55,2.64,0.272
41,2015,8.9,4.45,2.58,0.29
41,2020,7.74,4.53,2.63,0.34
43,1995,9.2,2.4,1.39,0.15
43,2000,9.1,2.5,1.45,0.16
43,2005,9.8,2.56,1.48,0.151
43,2010,9.9,2.28,1.32,0.134
43,2015,8.3,2.15,1.25,0.15
43,2020,9.3,3.21,1.86,0.2
45,1995,10.8,1.77,1.02,0.094
45,2000,9.3,1.6,0.93,0.1
45,2005,8.9,1.48,0.86,0.096
45,2010,7.8,2.43,1.41,0.18
45,2015,8.0,2.77,1.61,0.2
45,2020,6.33,1.97,1.14,0.18
47,1995,12.3,1.49,0.86,0.07
47,2000,11.7,1.63,0.94,0.08
47,2005,13.1,1.69,0.98,0.075
47,2010,11.6,1.79,1.04,0.09
47,2015,8.2,1.42,0.82,0.1
47,2020,27.33,4.24,2.46,0.09
49,1995,13.0,1.55,0.9,0.069
49,2000,11.0,1.52,0.88,0.081
49,2005,11.5,1.47,0.85,0.074
49,2010,10.9,1.6,0.93,0.085
49,2015,9.0,1.55,0.9,0.1
49,2020,17.33,3.59,2.08,0.12
51,1995,14.2,1.62,0.94,0.066
51,2000,11.7,1.54,0.89,0.076
51,2005,11.7,1.51,0.88,0.075
51,2010,10.5,1.16,0.67,0.064
51,2015,4.0,1.11,0.65,0.16
51,2020,8.9,1.53,0.89,0.1
53,1995,15.8,0.98,0.57,0.036
53,2000,11.8,0.77,0.45,0.038
53,2005,10.8,0.72,0.42,0.039
53,2010,17.4,1.14,0.66,0.038
53,2015,13.5,0.93,0.54,0.04
53,2020,36.25,5.0,2.9,0.08
55,1995,10.4,4.17,2.59,0.25
55,2000,10.2,4.61,2.67,0.262
55,2005,9.5,4.39,2.55,0.268
55,2010,11.3,4.19,2.43,0.216
55,2015,9.9,4.61,2.67,0.27
55,2020,4.67,2.65,1.54,0.33
57,1995,9.0,2.12,1.23,0.137
57,2000,9.5,2.38,1.38,0.145
57,2005,9.2,2.08,1.21,0.131
57,2010,8.5,2.29,1.33,0.157
57,2015,8.1,2.36,1.37,0.17
57,2020,7.88,2.31,1.34,0.17
59,1995,14.4,1.42,0.82,0.057
59,2000,14.1,1.19,0.69,0.049
59,2005,14.9,1.36,0.79,0.053
59,2010,15.9,1.34,0.78,0.049
59,2015,13.3,2.28,1.33,0.1
59,2020,52.4,4.51,2.62,0.05
61,1995,8.0,1.38,0.8,0.1
61,2000,7.5,1.45,0.84,0.112
61,2005,8.6,1.33,0.77,0.089
61,2010,10.1,1.34,0.78,0.077
61,2015,9.0,1.24,0.72,0.08
61,2020,18.33,2.84,1.65,0.09
63,1995,9.4,1.31,0.76,0.081
63,2000,9.3,1.11,0.64,0.069
63,2005,8.7,1.04,0.6,0.069
63,2010,10.8,1.41,0.82,0.076
63,2015,9.0,1.24,0.72,0.08
63,2020,17.42,3.61,2.09,0.12
65,1995,12.1,1.31,0.76,0.063
65,2000,13.9,1.29,0.75,0.054
65,2005,12.8,1.1,0.64,0.05
65,2010,9.8,1.0,0.58,0.059
65,2015,5.9,0.91,0.53,0.09
65,2020,30.6,2.64,1.53,0.05
69,1995,13.8,1.38,0.8,0.058
69,2000,15.2,1.32,0.76,0.05
69,2005,16.7,1.33,0.77,0.046
69,2010,12.1,1.41,0.82,0.068
69,2015,10.4,1.26,0.73,0.07
69,2020,9.18,1.74,1.01,0.11
71,1995,10.7,1.11,0.64,0.06
71,2000,11.2,1.32,0.76,0.068
71,2005,12.4,1.15,0.67,0.054
71,2010,10.7,1.1,0.64,0.06
71,2015,8.9,1.22,0.71,0.08
71,2020,29.4,5.08,2.94,0.1
73,1995,9.3,1.32,0.76,0.082
73,2000,8.7,1.39,0.8,0.092
73,2005,9.8,1.4,0.81,0.083
73,2010,10.0,1.9,1.1,0.11
73,2015,9.1,3.15,1.83,0.2
73,2020,10.35,2.84,1.66,0.16
75,1995,9.6,1.32,0.76,0.079
75,2000,9.8,1.52,0.88,0.09
75,2005,8.2,1.24,0.72,0.089
75,2010,10.5,1.45,0.84,0.08
75,2015,9.7,1.33,0.77,0.08
75,2020,24.63,3.39,1.97,0.08
77,1995,11.1,1.98,1.15,0.104
77,2000,10.7,2.2,1.28,0.12
77,2005,11.3,1.93,1.12,0.099
77,2010,10.8,2.0,1.16,0.107
77,2015,10.0,2.06,1.2,0.12
77,2020,8.92,1.84,1.07,0.12
79,1995,12.6,2.16,1.25,0.099
79,2000,11.3,2.25,1.3,0.115
79,2005,8.4,1.98,1.15,0.137
79,2010,10.7,2.86,1.66,0.155
79,2015,8.6,2.67,1.55,0.18
79,2020,10.0,1.56,0.9,0.09
81,1995,14.0,1.81,1.05,0.075
81,2000,11.5,1.8,1.04,0.09
81,2005,10.6,1.56,0.9,0.085
81,2010,12.4,1.76,1.02,0.082
81,2015,10.8,1.49,0.86,0.08
81,2020,7.4,1.91,1.11,0.15
83,1995,16.0,1.93,1.12,0.07
83,2000,13.6,1.88,1.09,0.08
83,2005,13.5,1.84,1.07,0.079
83,2010,14.1,2.21,1.28,0.091
83,2015,9.4,1.79,1.04,0.11
83,2020,9.7,1.67,0.97,0.1
85,1995,15.4,4.39,2.54,0.165
85,2000,13.5,3.96,2.3,0.17
85,2005,11.4,3.77,2.19,0.192
85,2010,12.5,4.0,2.32,0.186
85,2015,11.5,4.37,2.54,0.22
85,2020,14.41,4.22,2.45,0.17
87,1995,13.7,1.89,1.1,0.08
87,2000,10.9,1.69,0.98,0.09
87,2005,12.6,1.52,0.88,0.07
87,2010,10.0,2.17,1.26,0.126
87,2015,9.1,2.68,1.55,0.17
87,2020,13.71,1.66,0.96,0.07
89,1995,10.2,1.03,0.6,0.059
89,2000,9.3,1.15,0.67,0.072
89,2005,9.4,1.31,0.76,0.081
89,2010,8.5,1.86,1.08,0.127
89,2015,8.4,1.68,0.97,0.11
89,2020,13.11,2.03,1.18,0.09
91,1995,15.7,1.76,1.02,0.065
91,2000,14.2,1.8,1.04,0.073
91,2005,12.9,1.67,0.97,0.075
91,2010,11.9,1.83,1.06,0.089
91,2015,11.0,1.51,0.88,0.08
91,2020,15.25,2.1,1.22,0.08
93,1995,13.9,1.72,1.0,0.072
93,2000,11.5,1.59,0.92,0.08
93,2005,11.5,1.49,0.86,0.075
93,2010,10.9,1.45,0.84,0.077
93,2015,8.1,1.26,0.73,0.09
93,2020,19.57,2.36,1.37,0.07
95,1995,21.9,0.8,0.46,0.021
95,2000,14.8,0.9,0.52,0.035
95,2005,10.7,0.75,0.43,0.04
95,2010,11.2,1.1,0.64,0.057
95,2015,6.9,0.83,0.48,0.07
95,2020,17.57,2.07,1.23,0.07
97,1995,12.8,1.55,0.9,0.07
97,2000,11.2,1.56,0.9,0.08
97,2005,9.5,1.43,0.83,0.087
97,2010,10.2,1.83,1.06,0.104
97,2015,8.9,1.69,0.98,0.11
97,2020,29.0,3.51,2.03,0.07
99,1995,11.1,1.55,0.9,0.081
99,2000,10.8,1.4,0.81,0.075
99,2005,13.5,1.66,0.96,0.071
99,2010,9.8,1.48,0.86,0.088
99,2015,9.2,1.74,1.01,0.11
99,2020,28.0,3.86,2.24,0.08
101,1995,15.0,1.45,0.84,0.056
101,2000,14.5,1.51,0.87,0.06
101,2005,13.9,1.67,0.97,0.07
101,2010,12.9,1.69,0.98,0.076
101,2015,11.2,1.35,0.78,0.07
101,2020,14.5,1.51,0.87,0.06
103,1995,13.6,1.03,0.6,0.044
103,2000,16.2,1.13,0.65,0.04
103,2005,11.5,1.03,0.6,0.052
103,2010,10.6,1.24,0.72,0.068
103,2015,7.9,1.23,0.71,0.09
103,2020,9.73,1.85,1.07,0.11
105,1995,10.5,1.39,0.81,0.077
105,2000,10.6,1.51,0.87,0.082
105,2005,7.8,1.42,0.82,0.105
105,2010,9.1,1.34,0.78,0.086
105,2015,9.0,1.7,0.99,0.11
105,2020,5.0,2.88,1.1,0.22
107,1995,12.4,1.07,0.62,0.05
107,2000,9.0,0.99,0.57,0.063
107,2005,10.8,0.92,0.53,0.049
107,2010,11.2,1.12,0.65,0.058
107,2015,7.2,0.86,0.5,0.07
107,2020,23.33,1.21,0.7,0.03
111,1995,16.2,1.17,0.68,0.042
111,2000,13.4,1.15,0.67,0.05
111,2005,11.8,1.23,0.71,0.06
111,2010,10.5,1.17,0.68,0.065
111,2015,9.0,1.24,0.72,0.08
111,2020,14.0,1.93,1.12,0.08
113,1995,11.1,1.25,0.72,0.065
113,2000,12.5,1.2,0.7,0.056
113,2005,10.9,1.08,0.63,0.058
113,2010,9.3,1.09,0.63,0.068
113,2015,8.2,1.13,0.66,0.08
113,2020,17.18,3.26,1.89,0.11
115,1995,12.1,1.88,1.09,0.09
115,2000,11.7,2.08,1.21,0.103
115,2005,11.5,2.01,1.17,0.102
115,2010,10.7,1.79,1.04,0.097
115,2015,8.4,1.59,0.92,0.11
115,2020,5.7,0.98,0.57,0.1
117,1995,8.5,1.31,0.76,0.089
117,2000,9.1,1.2,0.7,0.077
117,2005,10.4,1.25,0.72,0.069
117,2010,10.9,1.53,0.89,0.082
117,2015,8.2,1.55,0.9,0.11
117,2020,8.3,1.43,0.83,0.1
119,1995,10.5,1.45,0.84,0.08
119,2000,10.1,1.39,0.81,0.08
119,2005,8.7,1.21,0.7,0.08
119,2010,11.7,1.43,0.83,0.071
119,2015,9.4,1.29,0.75,0.08
119,2020,12.5,1.72,1.0,0.08
121,1995,8.9,1.1,0.64,0.072
121,2000,9.3,1.36,0.79,0.085
121,2005,10.0,1.2,0.7,0.07
121,2010,10.3,1.4,0.81,0.079
121,2015,9.6,1.33,0.77,0.08
121,2020,20.88,2.88,1.67,0.08
123,1995,10.5,1.42,0.82,0.078
123,2000,10.1,1.29,0.75,0.074
123,2005,8.1,1.25,0.72,0.089
123,2010,10.6,1.31,0.76,0.072
123,2015,11.3,1.57,0.91,0.08
123,2020,25.86,3.12,1.81,0.07
125,1995,7.9,1.99,1.15,0.145
125,2000,7.3,2.1,1.22,0.166
125,2005,7.9,2.06,1.19,0.151
125,2010,9.3,2.07,1.2,0.129
125,2015,9.5,2.12,1.23,0.13
125,2020,6.21,1.5,0.87,0.14
127,1995,12.1,1.47,0.85,0.07
127,2000,11.5,1.58,0.92,0.08
127,2005,9.8,1.47,0.85,0.087
127,2010,12.0,1.72,1.0,0.083
127,2015,8.6,1.47,0.85,0.1
127,2020,9.25,1.92,1.11,0.12
129,1995,6.9,1.1,0.64,0.093
129,2000,8.0,1.37,0.8,0.1
129,2005,9.2,1.32,0.77,0.084
129,2010,8.9,1.62,0.94,0.106
129,2015,7.5,1.67,0.97,0.13
129,2020,9.57,2.31,1.34,0.14
131,1995,10.3,3.14,1.82,0.176
131,2000,9.9,3.04,1.76,0.177
131,2005,9.1,2.9,1.68,0.185
131,2010,10.8,1.97,1.14,0.106
131,2015,8.7,1.5,0.87,0.1
131,2020,14.1,2.43,1.41,0.1
133,1995,10.9,1.83,1.06,0.097
133,2000,12.6,2.15,1.25,0.099
133,2005,15.8,2.12,1.23,0.078
133,2010,8.3,1.66,0.96,0.115
133,2015,9.8,1.85,1.07,0.11
133,2020,7.46,1.67,0.97,0.13
135,1995,12.2,1.72,1.0,0.082
135,2000,12.9,1.74,1.01,0.078
135,2005,12.9,1.75,1.01,0.078
135,2010,9.2,1.52,0.88,0.096
135,2015,9.8,1.69,0.98,0.1
135,2020,18.18,3.45,2.0,0.11
137,1995,9.8,1.89,1.1,0.112
137,2000,10.6,1.96,1.14,0.107
137,2005,8.7,1.45,0.84,0.096
137,2010,10.8,1.48,0.86,0.08
137,2015,8.8,1.66,0.97,0.11
137,2020,26.0,5.38,3.12,0.12
139,1995,12.0,1.66,0.96,0.08
139,2000,9.5,1.49,0.86,0.09
139,2005,9.3,1.37,0.79,0.085
139,2010,11.0,1.34,0.78,0.071
139,2015,7.4,1.27,0.74,0.1
139,2020,22.27,4.22,2.45,0.11
141,1995,13.8,1.57,0.91,0.066
141,2000,11.0,1.7,0.89,0.081
141,2005,14.6,1.64,0.95,0.065
141,2010,10.6,1.28,0.74,0.07
141,2015,9.8,1.35,0.78,0.08
141,2020,16.06,4.71,2.73,0.17
143,1995,7.7,1.42,0.82,0.106
143,2000,7.5,1.63,0.94,0.126
143,2005,8.6,1.65,0.96,0.111
143,2010,9.2,2.09,1.21,0.132
143,2015,8.3,1.99,1.15,0.14
143,2020,15.31,4.22,2.45,0.16
145,1995,10.3,1.3,0.75,0.073
145,2000,10.0,1.31,0.76,0.076
145,2005,11.6,1.23,0.71,0.061
145,2010,9.0,2.58,1.5,0.167
145,2015,8.1,1.39,0.81,0.1
145,2020,11.0,1.52,0.88,0.08
147,1995,8.3,1.58,0.92,0.111
147,2000,8.6,1.75,1.01,0.118
147,2005,13.5,2.0,1.7,0.126
147,2010,9.4,1.97,1.14,0.121
147,2015,7.8,1.89,1.1,0.14
147,2020,14.87,3.84,2.23,0.15
149,1995,10.0,1.2,0.7,0.07
149,2000,9.4,1.39,0.81,0.086
149,2005,8.6,1.13,0.66,0.077
149,2010,10.6,1.28,0.74,0.07
149,2015,6.8,1.17,0.68,0.1
149,2020,19.5,2.69,1.56,0.08
151,1995,11.0,3.08,1.78,0.162
151,2000,10.5,2.77,1.61,0.153
151,2005,12.5,2.64,1.53,0.122
151,2010,10.5,2.69,1.56,0.148
151,2015,9.2,2.22,1.29,0.14
151,2020,15.29,3.69,2.14,0.14
153,1995,10.8,1.55,0.89,0.082
153,2000,10.5,1.76,1.02,0.097
153,2005,18.5,1.46,0.85,0.081
153,2010,12.9,2.07,1.2,0.093
153,2015,10.6,0.73,0.43,0.04
153,2020,11.6,2.0,1.16,0.1
155,1995,9.7,1.7,0.98,0.101
155,2000,10.1,1.88,1.09,0.108
155,2005,11.6,1.85,1.07,0.092
155,2010,13.2,1.69,0.98,0.074
155,2015,15.2,1.57,0.91,0.06
155,2020,5,0.78,"<0,50",0.05
157,1995,17.8,1.53,0.89,0.05
157,2000,13.4,1.62,0.94,0.07
157,2005,14.8,1.58,0.92,0.062
157,2010,12.9,1.69,0.98,0.076
157,2015,12.0,1.87,1.08,0.09
157,2020,7.22,3.98,2.31,0.32
159,1995,13.4,2.47,1.43,0.107
159,2000,13.1,2.17,1.26,0.096
159,2005,11.7,1.62,0.94,0.08
159,2010,11.1,2.38,1.38,0.124
159,2015,11.6,3.01,1.74,0.15
159,2020,2.97,1.53,0.89,0.3
161,1995,8.1,1.37,0.79,0.097
161,2000,9.2,1.36,0.79,0.086
161,2005,7.6,1.11,0.64,0.084
161,2010,10.1,1.24,0.72,0.071
161,2015,11.0,1.14,0.66,0.06
161,2020,8.67,0.9,0.52,0.06
163,1995,11.2,1.7,0.99,0.08
163,2000,10.5,1.65,0.96,0.091
163,2005,11.5,1.41,0.82,0.071
163,2010,11.3,1.34,0.78,0.069
163,2015,11.1,1.52,0.88,0.08
163,2020,31.8,5.49,3.18,0.1
165,1995,14.2,1.47,0.85,0.06
165,2000,9.5,1.31,0.76,0.08
165,2005,13.8,1.24,0.72,0.052
165,2010,10.9,1.6,0.93,0.085
165,2015,10.2,1.4,0.81,0.08
165,2020,3.125,0.77,"<0,50",0.08
167,1995,11.4,1.65,0.99,0.087
167,2000,9.9,1.62,0.94,0.095
167,2005,10.0,1.47,0.85,0.089
167,2010,8.9,1.21,0.7,0.079
167,2015,7.9,1.9,1.1,0.14
167,2020,2.65,0.91,0.53,0.2
169,1995,12.0,1.26,0.73,0.061
169,2000,10.3,1.25,0.72,0.07
169,2005,11.3,1.19,0.69,0.061
169,2010,9.1,0.9,0.52,0.057
169,2015,6.6,1.14,0.66,0.1
169,2020,12.92,2.68,1.55,0.12
171,1995,10.3,1.78,1.03,0.1
171,2000,9.9,1.83,1.06,0.107
171,2005,11.0,1.66,0.96,0.087
171,2010,10.2,1.66,0.96,0.094
171,2015,11.0,2.09,1.21,0.11
171,2020,7.43,0.9,0.52,0.07
173,1995,17.7,2.3,1.33,0.075
173,2000,19.5,2.29,1.33,0.068
173,2005,20.8,2.26,1.31,0.063
173,2010,10.0,1.0,0.58,0.058
173,2015,12.8,1.76,1.02,0.08
173,2020,12.0,1.66,0.96,0.08
175,1995,12.6,0.93,0.54,0.043
175,2000,13.3,1.1,0.64,0.048
175,2005,14.4,0.97,0.56,0.039
175,2010,10.9,1.24,0.72,0.066
175,2015,10.8,1.31,0.76,0.07
175,2020,20.71,2.51,1.45,0.07
177,1995,8.4,2.06,1.19,0.142
177,2000,9.1,1.88,1.09,0.12
177,2005,11.4,1.91,1.1,0.096
177,2010,9.8,2.29,1.33,0.136
177,2015,9.3,1.92,1.11,0.12
177,2020,8.0,2.07,1.2,0.15
179,1995,18.2,1.07,0.62,0.034
179,2000,12.8,1.23,0.64,0.05
179,2005,16.3,1.3,0.75,0.046
179,2010,11.0,1.38,0.8,0.073
179,2015,13.2,2.05,1.19,0.09
179,2020,13.63,1.87,1.09,0.08
181,1995,12.8,1.89,1.1,0.086
181,2000,12.0,1.88,1.09,0.91
181,2005,12.9,1.77,1.03,0.08
181,2010,10.6,2.1,1.22,0.115
181,2015,10.7,1.85,1.07,0.1
181,2020,5.8,1.49,0.87,0.15
183,1995,13.5,2.13,1.23,0.091
183,2000,13.5,1.81,1.05,0.078
183,2005,14.2,2.26,1.31,0.092
183,2010,11.0,1.33,0.77,0.07
183,2015,10.5,1.45,0.84,0.08
183,2020,6.85,1.54,0.89,0.13
187,1995,11.5,1.8,1.04,0.09
187,2000,11.1,1.53,0.89,0.08
187,2005,11.2,1.46,0.85,0.076
187,2010,8.8,1.81,1.05,0.119
187,2015,9.1,1.73,1.0,0.11
187,2020,2.27272727,0.63,"<0,50",0.11
189,1995,8.4,1.73,1.0,0.119
189,2000,9.0,2.0,1.16,0.128
189,2005,11.5,1.93,1.12,0.097
189,2010,11.5,2.57,1.49,0.13
189,2015,12.5,2.59,1.5,0.12
189,2020,11.86,2.86,1.66,0.14
191,1995,9.7,1.62,0.94,0.097
191,2000,13.0,1.85,1.07,0.082
191,2005,11.9,1.58,0.92,0.077
191,2010,8.7,1.62,0.94,0.108
191,2015,10.1,1.56,0.9,0.09
191,2020,12.29,2.96,1.72,0.14
193,1995,12.7,2.55,1.48,0.116
193,2000,11.1,2.49,1.44,0.13
193,2005,13.0,3.01,1.75,0.135
193,2010,9.1,2.76,1.6,0.176
193,2015,8.7,3.01,1.75,0.2
193,2020,5.1,1.76,1.02,0.2
195,1995,9.5,2.52,1.46,0.154
195,2000,8.9,2.73,1.58,0.178
195,2005,12.8,2.87,1.66,0.13
195,2010,9.8,2.28,1.32,0.135
195,2015,9.9,2.57,1.49,0.15
195,2020,6.45,2.22,1.29,0.2
197,1995,13.1,1.69,0.98,0.075
197,2000,13.1,1.83,1.06,0.081
197,2005,10.8,1.67,0.97,0.09
197,2010,9.7,2.07,1.2,0.124
197,2015,9.8,2.02,1.17,0.12
197,2020,21.56,5.95,3.45,0.16
199,1995,12.0,1.02,0.59,0.049
199,2000,17.8,1.22,0.71,0.04
199,2005,14.7,0.92,0.53,0.036
199,2010,10.3,1.03,0.6,0.058
199,2015,9.1,0.95,0.55,0.06
199,2020,41.21,4.11,2.39,0.058
201,1995,9.9,1.28,0.74,0.075
201,2000,7.5,1.04,0.6,0.08
201,2005,11.2,1.28,0.74,0.066
201,2010,10.7,1.12,0.65,0.061
201,2015,12.4,1.49,0.87,0.07
201,2020,9.0,1.54,0.9,0.1
203,1995,11.0,1.14,0.66,0.06
203,2000,11.1,1.32,0.76,0.068
203,2005,9.2,1.13,0.66,0.072
203,2010,10.1,1.48,0.86,0.085
203,2015,9.7,1.33,0.77,0.08
203,2020,31.83,3.29,1.91,0.06
205,1995,11.2,2.09,1.21,0.108
205,2000,12.6,1.87,1.08,0.086
205,2005,11.1,1.71,0.99,0.089
205,2010,10.7,1.36,0.79,0.074
205,2015,8.7,1.21,0.7,0.08
205,2020,14.17,4.4,2.55,0.18
207,1995,11.9,1.83,1.06,0.089
207,2000,12.0,2.06,1.19,0.099
207,2005,9.4,1.97,1.14,0.121
207,2010,9.8,1.59,0.92,0.094
207,2015,10.0,1.55,0.9,0.09
207,2020,23.27,4.41,2.56,0.11
209,1995,11.9,1.74,1.0,0.084
209,2000,11.6,1.85,1.07,0.092
209,2005,12.0,1.55,0.9,0.075
209,2010,10.7,1.59,0.92,0.086
209,2015,10.1,1.39,0.81,0.08
209,2020,20.36,3.86,2.24,0.11
211,1995,10.7,1.12,0.64,0.06
211,2000,10.2,1.42,0.82,0.08
211,2005,12.2,1.54,0.89,0.073
211,2010,9.9,1.67,0.97,0.098
211,2015,10.0,1.37,0.8,0.08
211,2020,12.0,2.49,1.44,0.12
213,1995,11.0,1.31,0.76,0.069
213,2000,10.6,1.25,0.72,0.068
213,2005,10.0,1.18,0.68,0.068
213,2010,9.9,1.29,0.75,0.076
213,2015,7.1,1.22,0.71,0.1
213,2020,23.5,4.06,2.35,0.1
215,1995,10.7,1.29,0.75,0.07
215,2000,8.0,1.1,0.64,0.08
215,2005,7.3,1.08,0.63,0.086
215,2010,9.6,1.1,0.64,0.067
215,2015,7.3,1.0,0.58,0.08
215,2020,10.93,2.64,1.53,0.14
217,1995,7.2,0.79,0.45,0.062
217,2000,9.1,0.91,0.53,0.058
217,2005,11.5,0.91,0.53,0.046
217,2010,10.7,1.4,0.81,0.076
217,2015,9.6,1.16,0.67,0.07
217,2020,43.8,3.78,2.19,0.05
219,1995,7.1,1.1,0.64,0.09
219,2000,8.0,1.42,0.82,0.103
219,2005,9.5,1.4,0.81,0.085
219,2010,9.6,1.59,0.92,0.096
219,2015,7.8,1.47,0.86,0.11
219,2020,21.2,3.65,2.12,0.1
221,1995,18.3,2.18,1.26,0.069
221,2000,14.8,2.07,1.2,0.081
221,2005,12.8,1.8,1.04,0.081
221,2010,10.4,1.72,1.0,0.096
221,2015,10.7,1.85,1.07,0.1
221,2020,5.83,1.2,0.7,0.12
223,1995,8.7,1.23,0.71,0.082
223,2000,8.1,1.36,0.79,0.098
223,2005,8.2,1.2,0.7,0.085
223,2010,9.6,1.29,0.75,0.078
223,2015,5.8,1.31,0.76,0.13
223,2020,14.08,3.15,1.83,0.13
225,1995,12.0,1.65,0.96,0.08
225,2000,11.8,1.83,1.06,0.09
225,2005,10.9,1.67,0.97,0.089
225,2010,12.1,1.79,1.04,0.086
225,2015,9.9,1.71,0.99,0.1
225,2020,6.36,1.21,0.7,0.11
229,1995,12.6,1.61,0.93,0.074
229,2000,12.6,1.41,0.82,0.065
229,2005,13.7,1.42,0.82,0.06
229,2010,10.5,1.48,0.86,0.082
229,2015,7.4,1.28,0.74,0.1
229,2020,5.0,0.86,0.5,0.1
231,1995,11.0,1.65,0.96,0.087
231,2000,10.8,1.67,0.97,0.09
231,2005,8.6,1.33,0.77,0.089
231,2010,11.5,1.48,0.86,0.075
231,2015,9.2,1.59,0.92,0.1
231,2020,8.25,1.14,0.66,0.08
233,1995,10.3,1.88,1.09,0.106
233,2000,10.0,1.91,1.11,0.111
233,2005,9.9,1.74,1.01,0.102
233,2010,10.4,1.33,0.77,0.074
233,2015,9.9,1.7,0.99,0.1
233,2020,4.42,0.91,0.53,0.12
235,1995,8.9,1.45,0.84,0.094
235,2000,7.8,1.28,0.74,0.095
235,2005,8.9,1.36,0.79,0.089
235,2010,9.7,1.22,0.71,0.073
235,2015,9.2,1.11,0.64,0.07
235,2020,8.0,1.38,0.8,0.1
237,1995,10.2,1.81,1.05,0.103
237,2000,10.3,2.04,1.18,0.115
237,2005,10.2,1.72,1.0,0.098
237,2010,10.0,1.48,0.86,0.086
237,2015,8.2,1.42,0.82,0.1
237,2020,37.0,5.74,3.33,0.09
239,1995,13.1,1.58,0.92,0.07
239,2000,12.3,1.73,1.0,0.081
239,2005,14.9,1.51,0.88,0.059
239,2010,12.6,1.69,0.98,0.078
239,2015,13.1,1.58,0.92,0.07
239,2020,30.0,3.62,2.1,0.07
241,1995,10.0,1.55,0.9,0.09
241,2000,9.4,1.46,0.85,0.09
241,2005,7.0,1.32,0.77,0.11
241,2010,10.8,1.47,0.85,0.079
241,2015,9.2,1.27,0.74,0.08
241,2020,8.8,1.52,0.88,0.1
243,1995,12.0,1.04,0.6,0.05
243,2000,11.1,1.24,0.72,0.065
243,2005,13.9,1.41,0.82,0.059
243,2010,11.4,1.4,0.81,0.071
243,2015,11.0,1.9,1.1,0.1
243,2020,13.58,2.81,1.63,0.12
245,1995,12.2,2.11,1.22,0.1
245,2000,10.9,1.99,1.15,0.105
245,2005,11.9,1.69,0.98,0.082
245,2010,12.0,2.1,1.22,0.102
245,2015,11.3,1.96,1.13,0.1
245,2020,6.48,3.47,2.01,0.31
247,1995,10.4,1.42,0.82,0.079
247,2000,10.5,1.66,0.96,0.091
247,2005,9.3,4.0,0.87,0.093
247,2010,12.1,3.79,2.2,0.182
247,2015,7.6,1.31,0.76,0.1
247,2020,10.35,3.87,2.07,0.2
249,1995,18.5,1.69,0.98,0.053
249,2000,19.1,1.49,0.86,0.045
249,2005,17.4,1.42,0.82,0.047
249,2010,10.4,1.43,0.83,0.08
249,2015,7.5,1.29,0.75,0.1
249,2020,16.57,2.0,1.16,0.07
251,1995,18.0,2.55,1.48,0.082
251,2000,16.3,2.82,1.63,0.1
251,2005,11.7,2.74,1.59,0.136
251,2010,11.0,1.29,0.75,0.068
251,2015,8.2,1.4,0.81,0.1
251,2020,23.0,4.36,2.53,0.11
253,1995,17.4,2.1,1.22,0.07
253,2000,17.2,2.38,1.38,0.08
253,2005,15.4,1.92,1.11,0.072
253,2010,12.7,2.12,1.23,0.097
253,2015,10.8,1.87,1.08,0.1
253,2020,10.39,3.22,1.87,0.18
255,1995,14.0,1.93,1.12,0.08
255,2000,12.2,1.8,1.04,0.085
255,2005,14.8,1.69,0.98,0.066
255,2010,10.8,1.62,0.94,0.087
255,2015,9.5,1.81,1.05,0.11
255,2020,10.45,1.98,1.15,0.11
257,1995,8.8,1.45,0.84,0.095
257,2000,9.3,1.41,0.82,0.088
257,2005,10.2,1.35,0.78,0.076
257,2010,11.1,1.4,0.81,0.073
257,2015,8.3,1.42,0.83,0.1
257,2020,12.57,1.52,0.88,0.07
259,1995,15.7,2.62,1.52,0.097
259,2000,17.6,2.88,1.67,0.095
259,2005,16.7,2.49,1.44,0.086
259,2010,10.5,1.52,0.88,0.084
259,2015,8.7,1.5,0.87,0.1
259,2020,10.36,1.97,1.14,0.11
261,1995,19.2,1.65,0.96,0.05
261,2000,15.4,1.87,1.08,0.07
261,2005,12.8,1.72,1.0,0.078
261,2010,12.0,1.66,0.96,0.08
261,2015,9.7,1.67,0.97,0.1
261,2020,11.56,1.79,1.04,0.09
263,1995,15.5,1.37,0.79,0.051
263,2000,13.3,1.52,0.88,0.066
263,2005,10.1,1.15,0.67,0.066
263,2010,9.4,1.1,0.64,0.068
263,2015,8.0,1.11,0.64,0.08
263,2020,12.38,1.71,0.99,0.08
265,1995,10.7,1.54,0.89,0.083
265,2000,12.2,1.44,0.83,0.068
265,2005,10.6,1.35,0.75,0.071
265,2010,12.1,1.21,0.7,0.058
265,2015,7.2,0.99,0.57,0.08
265,2020,25.5,2.63,1.53,0.06
267,1995,16.8,1.63,0.94,0.056
267,2000,14.6,1.54,0.89,0.061
267,2005,13.2,1.41,0.82,0.062
267,2010,9.8,1.36,0.79,0.081
267,2015,10.5,1.26,0.73,0.07
267,2020,8.0,0.97,0.56,0.07
269,1995,16.0,1.88,1.09,0.068
269,2000,14.0,1.94,1.12,0.08
269,2005,11.9,1.71,0.99,0.343
269,2010,8.8,1.52,0.88,0.1
269,2015,8.9,1.54,0.89,0.1
269,2020,28.44,4.41,2.56,0.09
271,1995,11.2,1.41,0.82,0.07
271,2000,8.9,1.25,0.72,0.081
271,2005,11.0,1.15,0.67,0.061
271,2010,11.0,1.34,0.78,0.071
271,2015,10.1,1.22,0.71,0.07
271,2020,18.2,3.14,1.82,0.1
273,1995,11.9,1.48,0.86,0.072
273,2000,10.6,1.51,0.87,0.082
273,2005,12.9,1.69,0.98,0.076
273,2010,13.8,1.33,0.77,0.056
273,2015,10.6,1.46,0.84,0.08
273,2020,48.7,8.4,4.87,0.1
275,1995,18.1,1.63,0.94,0.052
275,2000,14.2,1.47,0.85,0.06
275,2005,15.2,1.1,0.64,0.042
275,2010,12.1,1.47,0.85,0.07
275,2015,13.8,1.19,0.69,0.05
275,2020,10.89,1.69,0.98,0.09
277,1995,8.1,2.1,1.22,0.15
277,2000,8.3,1.9,1.14,0.138
277,2005,8.4,1.97,1.14,0.136
277,2010,7.7,1.9,1.1,0.143
277,2015,8.9,1.54,0.89,0.1
277,2020,4.31,1.19,0.69,0.16
279,1995,9.4,1.96,1.14,0.121
279,2000,10.0,1.69,0.98,0.098
279,2005,9.8,1.46,0.85,0.087
279,2010,8.7,1.79,1.04,0.119
279,2015,8.1,1.4,0.81,0.1
279,2020,5.27,1.35,0.79,0.15
281,1995,9.2,1.89,1.1,0.12
281,2000,9.3,1.78,1.03,0.111
281,2005,9.7,1.92,1.11,0.114
281,2010,9.8,2.21,1.28,0.13
281,2015,8.4,2.04,1.18,0.14
281,2020,19.82,3.76,2.18,0.11
283,1995,8.3,1.07,0.62,0.075
283,2000,10.0,1.2,0.7,0.07
283,2005,15.0,1.61,0.93,0.062
283,2010,8.5,1.72,1.0,0.118
283,2015,9.4,2.11,1.22,0.13
283,2020,17.13,2.36,1.37,0.08
285,1995,9.9,1.62,0.94,0.095
285,2000,13.5,1.82,1.05,0.078
285,2005,10.0,1.87,1.08,0.108
285,2010,8.0,1.24,0.72,0.09
285,2015,8.3,1.43,0.83,0.1
285,2020,17.2,2.97,1.72,0.1
287,1995,9.3,1.62,0.94,0.101
287,2000,10.0,1.51,0.87,0.087
287,2005,12.4,1.62,0.94,0.076
287,2010,12.3,1.69,0.98,0.08
287,2015,12.1,1.67,0.97,0.08
287,2020,7.63,1.06,0.61,0.08
289,1995,12.1,1.78,1.03,0.085
289,2000,13.4,1.85,1.07,0.08
289,2005,12.8,1.49,0.86,0.067
289,2010,11.1,1.67,0.97,0.087
289,2015,11.8,1.62,0.94,0.08
289,2020,18.6,3.2,1.86,0.1
291,1995,16.2,1.75,1.02,0.063
291,2000,13.1,1.59,0.92,0.07
291,2005,10.2,1.42,0.82,0.08
291,2010,9.6,1.19,0.69,0.072
291,2015,9.2,1.11,0.65,0.07
291,2020,7.1,1.23,0.71,0.1
295,1995,12.2,1.69,0.98,0.08
295,2000,12.6,1.49,0.86,0.068
295,2005,11.0,1.36,0.79,0.072
295,2010,9.0,1.79,1.04,0.115
295,2015,9.1,2.19,1.27,0.14
295,2020,2.78,0.81,"<0,50",0.09
297,1995,11.2,1.41,0.82,0.073
297,2000,11.0,1.45,0.84,0.076
297,2005,13.2,1.96,1.14,0.086
297,2010,10.3,1.98,1.15,0.112
297,2015,12.1,1.66,0.96,0.08
297,2020,5,0.69,"<0,50",0.05
299,1995,10.3,5.75,3.33,0.324
299,2000,11.0,5.68,3.29,0.298
299,2005,9.3,5.05,2.93,0.315
299,2010,8.2,5.79,3.36,0.412
299,2015,8.8,5.48,3.18,0.36
299,2020,21.38,2.95,1.71,0.08
301,1995,11.3,4.32,2.5,0.221
301,2000,12.0,4.31,2.5,0.208
301,2005,13.5,5.46,3.17,0.235
301,2010,10.6,6.05,3.51,0.332
301,2015,12.8,6.62,3.84,0.3
301,2020,3.72,3.85,2.23,0.6
303,1995,10.9,3.22,1.87,0.172
303,2000,12.8,3.58,2.08,0.162
303,2005,13.6,4.64,2.69,0.198
303,2010,11.6,3.26,1.89,0.163
303,2015,11.0,3.6,2.09,0.19
303,2020,18.0,5.28,3.06,0.17
305,1995,10.3,2.42,1.4,0.136
305,2000,11.1,2.26,1.31,0.118
305,2005,13.0,2.0,1.16,0.089
305,2010,10.8,2.83,1.64,0.152
305,2015,10.3,3.02,1.75,0.17
305,2020,6.81,1.89,1.09,0.16
307,1995,15.0,2.39,1.38,0.092
307,2000,15.7,2.18,1.26,0.08
307,2005,11.3,1.96,1.14,0.101
307,2010,10.0,1.97,1.14,0.114
307,2015,9.9,1.88,1.09,0.11
307,2020,13.27,2.52,1.46,0.11
311,1995,9.9,1.55,0.89,0.09
311,2000,11.7,1.42,0.82,0.07
311,2005,14.0,1.74,1.01,0.072
311,2010,11.3,1.62,0.94,0.083
311,2015,8.0,1.38,0.8,0.1
311,2020,14.36,2.72,1.58,0.11
313,1995,10.6,2.42,1.4,0.132
313,2000,12.2,2.48,1.44,0.118
313,2005,16.2,2.74,1.59,0.098
313,2010,10.8,2.62,1.52,0.141
313,2015,9.7,2.5,1.45,0.15
313,2020,12.32,4.04,2.34,0.19
315,1995,13.4,1.55,0.9,0.067
315,2000,12.2,1.73,1.0,0.082
315,2005,14.7,1.77,1.03,0.07
315,2010,10.3,2.41,1.4,0.136
315,2015,7.9,1.91,1.11,0.14
315,2020,6.38,1.44,0.83,0.13
317,1995,14.5,3.76,2.18,0.15
317,2000,12.6,4.11,2.38,0.188
317,2005,11.5,3.84,2.23,0.194
317,2010,8.8,5.72,3.32,0.378
317,2015,9.1,3.92,2.27,0.25
317,2020,10.33,2.67,1.55,0.15
319,1995,12.6,2.14,1.24,0.098
319,2000,11.8,2.21,1.28,0.108
319,2005,13.9,2.1,1.22,0.088
319,2010,9.6,2.21,1.28,0.133
319,2015,8.5,2.2,1.28,0.15
319,2020,9.7,3.34,1.94,0.2
321,1995,8.8,1.77,1.03,0.117
321,2000,8.8,1.62,0.94,0.107
321,2005,11.8,1.66,0.96,0.081
321,2010,11.2,1.59,0.92,0.082
321,2015,8.2,1.55,0.9,0.11
321,2020,16.11,2.49,1.45,0.09
323,1995,17.8,2.27,1.32,0.074
323,2000,11.8,2.09,1.21,0.085
323,2005,13.8,2.39,1.19,0.086
323,2010,15.9,2.41,1.4,0.088
323,2015,15.6,2.15,1.25,0.08
323,2020,10.88,1.5,0.87,0.08
325,1995,11.8,2.03,1.18,0.1
325,2000,10.4,1.86,1.08,0.104
325,2005,11.4,1.79,1.04,0.091
325,2010,10.7,1.69,0.98,0.092
325,2015,8.6,1.49,0.86,0.1
325,2020,8.6,1.5,0.86,0.1
327,1995,10.0,1.29,0.75,0.075
327,2000,9.6,1.43,0.83,0.086
327,2005,11.1,1.74,1.01,0.091
327,2010,11.0,1.96,1.14,0.104
327,2015,10.9,2.83,1.64,0.15
327,2020,12.19,3.36,1.95,0.16
329,1995,10.2,1.41,0.82,0.08
329,2000,11.1,1.68,0.97,0.087
329,2005,12.7,1.27,0.74,0.058
329,2010,12.3,2.55,1.48,0.12
329,2015,9.5,1.79,1.04,0.11
329,2020,5.56,1.53,0.89,0.16
331,1995,14.3,2.59,1.5,0.105
331,2000,12.9,2.51,1.45,0.112
331,2005,14.2,2.42,1.41,0.099
331,2010,12.4,2.17,1.26,0.102
331,2015,9.6,2.15,1.25,0.13
331,2020,8.42,1.73,1.01,0.12
333,1995,13.5,4.43,2.55,0.189
333,2000,14.4,4.15,2.41,0.167
333,2005,14.4,3.92,2.27,0.158
333,2010,12.6,2.41,1.4,0.111
333,2015,12.6,2.17,1.26,0.1
333,2020,11.06,3.05,1.77,0.16
335,1995,11.3,3.43,1.99,0.176
335,2000,11.1,3.57,2.07,0.186
335,2005,13.6,3.89,2.26,0.166
335,2010,12.3,3.58,2.08,0.169
335,2015,11.3,3.13,1.82,0.16
335,2020,7.71,1.86,1.08,0.14
337,1995,7.7,1.89,1.1,0.142
337,2000,7.6,1.78,1.03,0.135
337,2005,9.1,2.0,1.16,0.127
337,2010,9.4,1.62,0.94,0.1
337,2015,11.6,1.6,0.93,0.08
337,2020,16.4,2.83,1.64,0.1
339,1995,10.6,2.33,1.35,0.127
339,2000,10.8,2.18,1.26,0.117
339,2005,10.2,2.27,1.03,0.101
339,2010,10.5,1.71,0.99,0.094
339,2015,12.5,1.73,1.0,0.08
339,2020,18.1,3.11,1.81,0.1
341,1995,9.0,1.58,0.92,0.102
341,2000,9.4,1.78,1.03,0.109
341,2005,9.3,1.47,0.85,0.091
341,2010,12.6,1.83,1.06,0.084
341,2015,13.8,1.66,0.97,0.07
341,2020,9.56,2.64,1.53,0.16
343,1995,9.9,1.68,0.97,0.098
343,2000,9.2,1.62,0.94,0.102
343,2005,9.3,1.59,0.92,0.089
343,2010,13.1,2.53,1.47,0.112
343,2015,11.7,3.03,1.75,0.15
343,2020,36.33,1.88,1.09,0.03
345,1995,13.0,2.01,1.17,0.09
345,2000,11.0,1.99,1.15,0.104
345,2005,12.9,1.87,1.08,0.084
345,2010,10.4,2.1,1.22,0.117
345,2015,10.9,1.7,0.99,0.09
345,2020,8.18,2.4,1.39,0.17
347,1995,13.7,2.78,1.61,0.117
347,2000,11.7,2.67,1.55,0.132
347,2005,14.3,2.5,1.45,0.101
347,2010,14.9,2.47,1.43,0.096
347,2015,12.0,2.28,1.32,0.11
347,2020,12.06,3.54,2.05,0.17
349,1995,8.4,2.23,1.29,0.153
349,2000,9.5,2.22,1.29,0.136
349,2005,9.2,1.96,1.14,0.124
349,2010,10.2,1.66,0.96,0.094
349,2015,8.4,1.45,0.84,0.1
349,2020,14.09,2.67,1.55,0.11
351,1995,9.0,2.4,1.39,0.155
351,2000,9.8,2.68,1.55,0.158
351,2005,9.9,2.49,1.44,0.146
351,2010,10.0,2.38,1.38,0.138
351,2015,9.4,2.26,1.31,0.14
351,2020,25.79,6.22,3.61,0.14
353,1995,8.6,2.51,1.46,0.17
353,2000,9.3,2.82,1.63,0.175
353,2005,12.0,3.12,1.81,0.151
353,2010,12.2,3.1,1.8,0.148
353,2015,11.2,2.89,1.68,0.15
353,2020,4.12,1.2,0.7,0.17
355,1995,10.3,2.66,1.54,0.15
355,2000,9.2,2.56,1.48,0.16
355,2005,10.1,2.17,1.26,0.125
355,2010,9.5,2.03,1.18,0.124
355,2015,8.2,1.83,1.06,0.13
355,2020,9.15,2.05,1.19,0.13
357,1995,10.5,1.59,0.92,0.088
357,2000,14.1,1.88,1.09,0.077
357,2005,9.4,1.52,0.88,0.094
357,2010,9.9,1.53,0.89,0.09
357,2015,8.0,1.38,0.8,0.1
357,2020,22.2,3.83,2.22,0.1
359,1995,11.4,1.54,0.89,0.078
359,2000,11.3,1.67,0.97,0.086
359,2005,11.3,1.34,0.78,0.069
359,2010,10.6,1.55,0.9,0.085
359,2015,8.2,2.13,1.24,0.15
359,2020,15.42,3.19,1.85,0.12
361,1995,12.6,1.78,1.03,0.082
361,2000,14.1,1.96,1.14,0.081
361,2005,12.0,1.45,0.84,0.07
361,2010,11.8,1.22,0.71,0.06
361,2015,7.9,1.08,0.63,0.08
361,2020,20.89,3.24,1.88,0.09
363,1995,11.7,2.1,1.22,0.104
363,2000,10.0,1.89,1.1,0.11
363,2005,8.6,1.8,1.04,0.121
363,2010,9.2,1.52,0.88,0.096
363,2015,9.2,1.73,1.01,0.11
363,2020,11.06,2.34,1.36,0.123
365,1995,9.9,2.28,1.32,0.134
365,2000,8.7,2.2,1.28,0.147
365,2005,9.6,1.93,1.12,0.117
365,2010,9.1,2.88,1.67,0.183
365,2015,7.7,2.65,1.53,0.2
365,2020,30.2,5.21,3.02,0.1
367,1995,12.0,1.24,0.72,0.06
367,2000,13.0,1.2,0.7,0.054
367,2005,12.5,1.48,0.86,0.069
367,2010,10.2,1.02,0.59,0.058
367,2015,5.5,0.95,0.55,0.1
367,2020,9.11,1.41,0.82,0.09
369,1995,6.8,0.84,0.48,0.07
369,2000,7.1,1.03,0.6,0.084
369,2005,6.9,0.72,0.52,0.061
369,2010,10.2,0.76,0.44,0.043
369,2015,9.0,0.62,0.36,0.04
369,2020,4.17,0.78,"<0,50",0.06
371,1995,9.0,2.13,1.23,0.136
371,2000,10.2,2.17,1.26,0.124
371,2005,9.8,1.96,1.14,0.116
371,2010,9.9,3.83,2.22,0.224
371,2015,9.3,3.52,2.04,0.22
371,2020,9.07,4.53,2.63,0.29
373,1995,8.4,1.59,0.92,0.109
373,2000,9.3,1.41,0.82,0.088
373,2005,11.9,1.54,0.84,0.075
373,2010,10.1,1.41,0.82,0.081
373,2015,9.3,1.29,0.75,0.08
373,2020,10.4,2.68,1.56,0.15
375,1995,8.0,1.45,0.84,0.105
375,2000,8.2,1.25,0.72,0.088
375,2005,8.4,1.27,0.74,0.088
375,2010,9.0,1.48,0.86,0.096
375,2015,9.0,1.55,0.9,0.1
375,2020,9.75,3.35,1.95,0.2
377,1995,14.3,2.97,1.72,0.12
377,2000,12.5,3.34,1.82,0.145
377,2005,13.0,2.92,1.69,0.13
377,2010,9.9,2.69,1.56,0.158
377,2015,9.9,2.55,1.48,0.15
377,2020,5.5,1.51,0.88,0.16
379,1995,10.3,2.03,1.18,0.115
379,2000,10.0,1.69,0.98,0.098
379,2005,12.0,1.65,0.96,0.08
379,2010,11.0,1.72,1.0,0.091
379,2015,9.5,1.47,0.85,0.09
379,2020,11.85,2.66,1.54,0.13
381,1995,12.0,1.84,1.07,0.089
381,2000,12.2,1.62,0.94,0.077
381,2005,11.8,1.65,0.96,0.081
381,2010,8.4,1.76,1.02,0.121
381,2015,7.7,1.72,1.0,0.13
381,2020,11.0,2.84,1.65,0.15
383,1995,15.8,2.5,1.45,0.092
383,2000,13.5,2.46,1.43,0.106
383,2005,13.2,2.37,1.37,0.104
383,2010,8.9,2.41,1.4,0.157
383,2015,7.9,2.05,1.19,0.15
383,2020,9.27,2.4,1.39,0.15
385,1995,11.4,1.95,1.13,0.099
385,2000,11.3,1.68,0.97,0.086
385,2005,14.3,1.61,0.93,0.065
385,2010,13.8,1.9,1.1,0.08
385,2015,11.9,1.44,0.83,0.07
385,2020,15.43,3.73,2.16,0.14
387,1995,17.9,1.92,1.11,0.062
387,2000,13.1,1.82,1.05,0.08
387,2005,12.6,1.82,1.06,0.084
387,2010,8.9,1.31,0.76,0.085
387,2015,7.2,1.24,0.72,0.1
387,2020,25.93,6.7,3.89,0.15
389,1995,13.1,1.52,0.88,0.067
389,2000,12.1,1.46,0.85,0.07
389,2005,7.9,1.14,0.66,0.084
389,2010,8.2,1.28,0.74,0.09
389,2015,8.0,1.38,0.8,0.1
389,2020,10.67,2.2,1.28,0.12
393,1995,8.9,1.69,0.98,0.11
393,2000,9.9,1.56,0.9,0.091
393,2005,10.0,1.48,0.86,0.086
393,2010,9.5,1.28,0.74,0.078
393,2015,9.6,1.82,1.06,0.11
393,2020,13.08,2.7,1.57,0.12
395,1995,11.4,1.97,1.14,0.1
395,2000,10.9,1.68,0.97,0.089
395,2005,9.6,1.66,0.96,0.1
395,2010,8.3,1.45,0.84,0.101
395,2015,8.6,1.62,0.94,0.11
395,2020,13.7,2.37,1.37,0.1
397,1995,12.4,1.71,0.99,0.08
397,2000,14.3,1.85,1.07,0.075
397,2005,13.4,1.67,0.97,0.072
397,2010,8.9,1.9,1.1,0.123
397,2015,7.5,1.67,0.97,0.13
397,2020,25.19,6.94,4.03,0.16
399,1995,20.0,1.45,0.84,0.042
399,2000,17.6,1.64,0.95,0.054
399,2005,22.7,2.04,1.18,0.052
399,2010,9.6,1.9,1.1,0.115
399,2015,7.9,1.64,0.95,0.12
399,2020,38.0,6.55,3.8,0.1
401,1995,11.7,1.57,0.91,0.078
401,2000,14.5,1.51,0.87,0.06
401,2005,14.7,1.62,0.94,0.064
401,2010,8.7,1.53,0.89,0.102
401,2015,8.2,1.55,0.9,0.11
401,2020,9.0,1.71,0.99,0.11
403,1995,15.0,2.59,1.5,0.1
403,2000,13.5,2.42,1.4,0.104
403,2005,14.8,2.29,1.32,0.089
403,2010,9.5,2.53,1.47,0.154
403,2015,10.7,2.77,1.61,0.15
403,2020,15.13,4.17,2.42,0.16
405,1995,12.5,2.39,1.39,0.111
405,2000,12.0,2.54,1.47,0.122
405,2005,11.7,2.03,1.18,0.101
405,2010,9.9,2.31,1.34,0.135
405,2015,9.7,1.67,0.97,0.1
405,2020,29.75,2.05,1.19,0.04
407,1995,15.0,2.64,1.53,0.102
407,2000,13.5,2.86,1.66,0.123
407,2005,10.8,2.46,1.43,0.132
407,2010,9.4,2.88,1.67,0.177
407,2015,10.1,2.79,1.62,0.16
407,2020,20.5,6.36,3.69,0.18
409,1995,10.8,2.37,1.37,0.127
409,2000,10.3,2.22,1.29,0.125
409,2005,9.7,1.93,1.12,0.115
409,2010,11.8,2.29,1.33,0.113
409,2015,10.1,2.26,1.31,0.13
409,2020,14.21,3.43,1.99,0.14
411,1995,13.0,3.74,2.17,0.167
411,2000,12.7,4.17,2.42,0.19
411,2005,13.7,4.25,2.46,0.179
411,2010,11.6,4.82,2.8,0.241
411,2015,12.1,3.75,2.17,0.18
411,2020,49.0,2.53,1.47,0.03
413,1995,11.3,3.12,1.81,0.16
413,2000,9.5,2.96,1.72,0.18
413,2005,9.3,2.73,1.58,0.17
413,2010,9.4,3.03,1.76,0.187
413,2015,9.2,2.7,1.57,0.17
413,2020,17.26,6.84,3.97,0.23
415,1995,14.0,3.81,2.21,0.158
415,2000,13.0,3.82,2.21,0.17
415,2005,9.3,3.85,1.55,0.167
415,2010,10.3,3.24,1.88,0.183
415,2015,7.6,2.89,1.68,0.22
415,2020,15.94,4.67,2.71,0.17
417,1995,13.9,2.64,1.53,0.11
417,2000,11.8,2.98,1.73,0.146
417,2005,14.5,2.93,1.7,0.117
417,2010,10.2,3.72,2.16,0.212
417,2015,9.4,3.24,1.88,0.2
417,2020,16.15,3.62,2.1,0.13
419,1995,20.5,3.57,2.07,0.101
419,2000,17.9,4.03,2.34,0.131
419,2005,21.9,3.71,2.15,0.098
419,2010,13.2,3.48,2.02,0.153
419,2015,10.0,3.27,1.9,0.19
419,2020,5.27,2.0,1.16,0.22
421,1995,12.3,1.9,1.1,0.089
421,2000,10.7,1.88,1.09,0.102
421,2005,9.7,1.54,0.89,0.091
421,2010,10.1,1.71,0.99,0.098
421,2015,7.7,1.73,1.01,0.13
421,2020,19.89,3.09,1.79,0.09
423,1995,10.6,2.38,1.38,0.13
423,2000,9.3,2.25,1.3,0.14
423,2005,10.1,2.17,1.26,0.125
423,2010,7.6,2.07,1.2,0.157
423,2015,8.0,2.06,1.19,0.15
423,2020,11.06,3.25,1.88,0.17
425,1995,8.9,2.53,1.46,0.164
425,2000,9.1,2.51,1.45,0.159
425,2005,12.1,2.67,1.55,0.128
425,2010,9.2,2.07,1.2,0.13
425,2015,8.3,2.14,1.24,0.15
425,2020,21.0,9.42,5.46,0.26
427,1995,14.8,4.45,2.58,0.174
427,2000,13.6,4.39,2.55,0.188
427,2005,10.4,3.71,2.35,0.226
427,2010,9.6,4.0,2.32,0.241
427,2015,8.9,4.28,2.48,0.28
427,2020,25.89,8.47,4.92,0.19
429,1995,11.9,3.69,2.14,0.18
429,2000,10.8,3.74,2.17,0.2
429,2005,10.5,3.89,2.26,0.215
429,2010,9.3,4.72,2.74,0.295
429,2015,8.8,4.1,2.38,0.27
429,2020,12.0,3.52,2.04,0.17
431,1995,11.4,1.84,1.07,0.094
431,2000,9.4,1.79,1.04,0.11
431,2005,10.7,1.64,0.95,0.089
431,2010,9.4,1.26,0.73,0.078
431,2015,8.8,1.68,0.97,0.11
431,2020,8.25,1.71,0.99,0.12
433,1995,8.8,2.32,1.34,0.152
433,2000,8.4,2.15,1.28,0.153
433,2005,8.6,1.76,1.13,0.131
433,2010,8.1,2.03,1.18,0.145
433,2015,7.6,1.96,1.14,0.15
433,2020,5.2,1.79,1.04,0.2
435,1995,11.2,2.19,1.27,0.113
435,2000,9.1,1.98,1.15,0.126
435,2005,12.2,2.06,1.19,0.106
435,2010,8.3,2.16,1.25,0.15
435,2015,6.4,1.87,1.08,0.17
435,2020,29.29,3.54,2.05,0.07
437,1995,10.2,1.45,0.84,0.082
437,2000,9.2,1.44,0.83,0.09
437,2005,10.4,1.36,0.79,0.076
437,2010,8.5,1.24,0.72,0.085
437,2015,5.8,1.3,0.75,0.13
437,2020,13.06,3.82,2.22,0.17
439,1995,17.1,1.74,1.01,0.059
439,2000,12.1,1.93,0.97,0.08
439,2005,8.3,1.4,0.81,0.098
439,2010,7.4,1.57,0.91,0.123
439,2015,7.5,1.82,1.05,0.14
439,2020,24.09,4.58,2.65,0.11
441,1995,10.1,2.35,1.36,0.134
441,2000,8.3,2.14,1.24,0.15
441,2005,8.4,1.95,1.13,0.135
441,2010,7.7,2.34,1.36,0.176
441,2015,8.5,2.5,1.45,0.17
441,2020,6.38,1.76,1.02,0.16
443,1995,14.2,2.66,1.54,0.108
443,2000,11.7,2.38,1.38,0.118
443,2005,14.5,2.7,1.57,0.108
443,2010,9.3,3.65,2.42,0.259
443,2015,9.1,3.92,2.28,0.25
443,2020,7.68,3.32,1.92,0.25
445,1995,11.4,2.06,1.19,0.104
445,2000,9.5,1.96,1.14,0.12
445,2005,9.7,1.84,1.07,0.11
445,2010,8.3,1.46,0.85,0.103
445,2015,8.3,1.43,0.83,0.1
445,2020,14.09,2.67,1.55,0.11
447,1995,13.2,3.87,2.24,0.17
447,2000,12.3,3.61,2.09,0.17
447,2005,11.1,3.64,2.11,0.19
447,2010,10.2,3.62,2.1,0.206
447,2015,10.9,3.77,2.19,0.2
447,2020,19.63,5.41,3.14,0.16
449,1995,12.3,2.12,1.23,0.1
449,2000,9.6,2.45,1.36,0.142
449,2005,10.2,2.18,1.26,0.124
449,2010,7.82,2.1,1.22,0.156
449,2015,8.37,3.17,1.84,0.22
449,2020,12.18,4.61,2.68,0.22
