point_id,year,Al [cmol(+)*kg-1],Ca2+ [cmol(+)*kg-1],Hh [cmol(+)*kg-1],Hw [cmol(+)*kg-1],K+ [cmol(+)*kg-1],Mg2+ [cmol(+)*kg-1],Na+ [cmol(+)*kg-1],S [cmol(+)*kg-1],T [cmol(+)*kg-1],V [%]
1,1995,1.94,1.0,5.1,2.22,0.15,0.16,0.06,1.37,6.47,21.17
1,2000,0.22,1.69,3.23,0.4,0.15,0.34,0.1,2.28,5.51,41.38
1,2005,0.03,1.98,2.03,0.12,0.13,0.41,0.15,2.67,4.7,56.81
1,2010,,4.01,1.58,,0.32,0.37,0.07,4.78,6.36,75.14
1,2015,,5.22,1.2,,0.26,0.15,0.1,5.74,6.94,82.7
1,2020,0.01,3.8,1.8,0.07,0.47,1.1,"<0,10",5.37,11.2,47.95
3,1995,0.12,2.62,2.63,0.21,0.15,0.2,0.03,3.0,5.63,53.29
3,2000,0.08,2.99,2.63,0.19,0.2,0.23,0.03,3.45,6.08,56.74
3,2005,0.03,2.14,3.08,0.14,0.29,0.27,0.02,2.72,5.8,46.9
3,2010,0.09,1.97,2.7,0.25,0.17,0.24,0.05,2.43,5.13,47.41
3,2015,0.28,1.02,3.6,0.44,0.19,0.18,0.02,1.42,5.02,28.26
3,2020,0.03,2.5,3.5,0.14,0.35,0.48,"<0,10",3.33,13.5,24.67
5,1995,0.14,5.74,2.92,0.32,0.45,0.41,0.02,6.62,9.54,69.39
5,2000,0.1,5.99,2.93,0.26,0.44,0.54,0.03,7.0,9.93,70.49
5,2005,0.17,4.99,3.53,0.28,0.51,0.48,0.04,6.02,9.55,63.04
5,2010,0.09,4.3,3.45,0.32,0.64,0.37,0.09,5.4,8.85,61.03
5,2015,0.17,3.07,4.35,0.4,0.74,0.59,0.05,4.45,8.8,50.59
5,2020,"<0,0022",4.6,2.6,0.1,0.37,1.02,"<0,10",5.99,10.4,57.6
7,1995,,9.78,1.35,,0.66,0.51,0.13,11.08,12.43,89.14
7,2000,,9.18,1.28,,0.52,0.6,0.1,10.4,11.68,89.04
7,2005,,8.59,1.95,,0.57,0.61,0.03,9.8,11.75,83.4
7,2010,,4.61,3.15,,0.28,0.51,0.18,5.58,8.73,63.9
7,2015,0.06,5.14,2.18,0.18,0.51,0.18,0.04,5.87,8.05,72.93
7,2020,0.01,6.6,2.7,0.12,0.28,0.43,"<0,10",7.31,9.9,73.84
9,1995,,5.49,2.4,,0.28,1.4,0.06,7.23,9.63,75.08
9,2000,,4.72,2.6,,0.36,1.48,0.03,6.59,9.19,71.71
9,2005,,5.63,2.73,,0.4,1.37,0.04,7.44,10.17,73.16
9,2010,,3.04,2.4,,0.5,0.12,0.06,3.72,6.12,60.78
9,2015,,5.94,1.88,,0.14,0.2,0.03,6.31,8.19,77.03
9,2020,"<0,0022",5.6,2.1,0.05,0.1,0.25,"<0,10",5.95,8.8,67.61
13,1995,0.1,5.49,3.75,0.35,0.25,0.53,0.06,6.33,10.08,62.8
13,2000,0.12,5.99,3.9,0.28,0.36,0.57,0.1,7.02,10.92,64.29
13,2005,0.18,5.72,3.98,0.32,0.33,0.59,0.05,6.69,10.67,62.7
13,2010,0.11,4.49,4.05,0.23,0.34,0.53,0.06,5.43,9.48,57.26
13,2015,0.27,3.04,4.65,0.46,0.44,0.4,0.1,3.99,8.64,46.16
13,2020,0.03,9.3,1.7,0.09,0.72,0.87,"<0,10",10.89,17.5,62.23
15,1995,0.77,2.99,4.28,1.03,0.28,0.59,0.06,3.92,8.2,47.8
15,2000,0.12,3.18,3.53,0.21,0.34,0.8,0.06,4.38,7.91,55.37
15,2005,0.78,2.86,4.73,0.96,0.21,0.88,0.05,4.0,8.73,45.82
15,2010,1.18,2.94,4.8,1.37,0.3,0.52,0.08,3.84,8.64,44.46
15,2015,1.06,2.02,5.48,1.31,0.63,0.15,0.08,2.88,8.36,34.45
15,2020,0.09,2.1,5.4,1.86,0.15,0.32,"<0,10",2.57,8.8,29.2
17,1995,,10.98,0.83,,0.38,0.53,0.06,11.95,12.78,93.51
17,2000,,9.36,1.08,,0.36,0.46,0.06,10.24,11.32,90.46
17,2005,,9.04,1.08,,0.29,0.42,0.04,9.79,10.87,90.06
17,2010,,5.25,1.8,,0.4,0.44,0.05,6.14,7.94,77.34
17,2015,,4.39,1.95,,0.36,0.37,0.04,5.16,7.11,72.56
17,2020,0.02,9.5,1.1,0.09,0.41,0.53,"<0,10",10.44,15.3,68.24
21,1995,,10.98,1.5,,0.32,0.8,0.1,12.2,13.7,89.05
21,2000,,11.1,1.65,,0.42,0.78,0.06,12.36,14.01,88.22
21,2005,,10.78,1.83,,0.57,1.83,0.09,13.27,15.1,87.88
21,2010,,20.31,1.2,,0.37,0.87,0.09,21.64,22.84,94.75
21,2015,,11.25,1.5,,1.12,0.36,0.08,12.81,14.31,89.52
21,2020,0.01,16.1,1.2,0.09,0.33,1.57,"<0,10",18,25.4,70.87
23,1995,,9.98,1.13,,0.3,0.62,0.06,10.96,12.09,90.65
23,2000,,10.48,1.28,,0.44,0.66,0.1,11.68,12.96,90.12
23,2005,,9.16,1.65,,0.28,0.58,0.04,10.06,11.71,85.91
23,2010,,8.33,1.58,,0.42,0.6,0.14,9.5,11.08,85.74
23,2015,,8.0,1.58,,0.51,0.39,0.11,9.0,10.58,85.07
23,2020,0.02,6.7,2.9,0.09,0.37,0.93,"<0,10",8,11.3,70.8
25,1995,,18.71,3.22,,0.47,2.42,0.26,21.86,25.08,87.16
25,2000,,17.96,3.4,,0.51,2.38,0.13,20.98,24.38,86.05
25,2005,0.14,20.11,4.03,0.32,0.23,2.1,0.1,22.54,26.57,84.83
25,2010,0.03,24.16,4.05,0.21,0.22,2.82,0.17,27.37,31.42,87.11
25,2015,0.05,17.07,5.18,0.37,5.49,0.2,0.12,22.88,28.06,81.54
25,2020,0.02,0.8,3.8,1,0.28,0.13,"<0,10",1.25,3.8,32.89
27,1995,,7.11,1.87,,0.38,0.72,0.06,8.27,10.14,81.56
27,2000,,6.99,1.5,,0.45,0.74,0.06,8.24,9.74,84.6
27,2005,,7.27,1.53,,0.66,0.59,0.03,8.55,10.08,84.82
27,2010,0.24,4.87,4.5,0.42,0.38,0.48,0.1,5.83,10.33,56.42
27,2015,0.66,2.84,6.15,0.96,0.44,0.25,0.04,3.57,9.72,36.75
27,2020,"<0,0022",4.6,2.1,0.09,0.35,0.65,"<0,10",5.6,7.9,70.89
29,1995,1.73,3.99,6.67,2.1,0.42,0.99,0.03,5.43,12.1,44.88
29,2000,2.19,3.99,6.53,2.56,0.59,0.84,0.03,5.45,11.98,45.49
29,2005,2.19,3.62,6.82,2.4,0.43,0.98,0.03,5.06,11.88,42.59
29,2010,0.73,4.12,5.1,0.96,0.71,0.81,0.06,5.71,10.81,52.84
29,2015,0.67,3.32,5.7,0.95,1.14,0.67,0.05,5.17,10.87,47.58
29,2020,0.02,3.5,3.6,0.14,0.31,0.51,"<0,10",4.32,6.3,68.57
31,1995,1.7,4.24,4.8,2.14,0.4,1.02,0.1,5.76,10.56,54.55
31,2000,0.46,4.49,3.83,0.68,0.47,1.21,0.06,6.23,10.06,61.93
31,2005,0.12,3.92,3.53,0.28,0.31,0.99,0.08,5.3,8.83,60.02
31,2010,0.68,3.84,3.6,0.74,0.22,0.84,0.06,4.97,8.57,57.98
31,2015,0.14,3.67,3.15,0.35,0.61,0.29,0.03,4.6,7.75,59.36
31,2020,0.02,7.9,1.2,0.09,0.27,0.3,"<0,10",8.47,11,77
33,1995,,45.91,0.83,,1.53,2.71,0.36,50.51,51.34,98.38
33,2000,,46.72,0.65,,1.02,2.63,0.16,50.53,51.18,98.73
33,2005,,43.91,0.83,,1.16,2.51,0.12,47.7,48.53,98.29
33,2010,,20.21,0.75,,1.65,2.67,0.11,24.64,25.39,97.05
33,2015,,16.59,2.7,,3.62,0.82,0.06,21.09,23.79,88.65
33,2020,"<0,0022",34.2,0.9,0.1,1.1,2.33,"<0,10",37.63,47.9,78.56
35,1995,,37.32,0.52,,0.75,1.12,0.26,39.45,39.97,98.7
35,2000,,38.97,0.38,,0.49,0.83,0.16,40.45,40.83,99.07
35,2005,,38.43,1.13,,0.43,0.86,0.13,39.85,40.98,97.24
35,2010,,9.67,0.6,,0.35,1.67,0.19,11.87,12.47,95.19
35,2015,,21.47,0.9,,0.81,9.05,0.08,31.41,32.54,96.53
35,2020,"<0,0022",13.8,0.9,0.1,0.24,1.15,"<0,10",15.19,28.1,54.06
37,1995,0.26,3.37,3.75,0.37,0.28,0.48,0.03,4.16,7.91,52.59
37,2000,0.14,3.61,3.63,0.25,0.25,0.78,0.06,4.7,8.33,56.42
37,2005,0.04,3.92,3.45,0.18,0.26,0.61,0.03,4.82,8.27,58.28
37,2010,0.17,2.54,3.83,0.35,1.76,0.35,0.07,4.72,8.55,55.19
37,2015,0.23,2.25,3.6,0.44,0.81,0.33,0.07,3.47,7.07,49.05
37,2020,"<0,0022",7.4,1.5,0.09,0.5,1.52,"<0,10",9.42,14.5,64.97
39,1995,0.52,4.37,3.83,0.75,0.23,0.49,0.06,5.15,8.98,57.35
39,2000,0.26,5.01,3.6,0.42,0.23,0.6,0.1,5.94,9.54,62.26
39,2005,0.12,4.79,3.48,0.14,0.25,0.48,0.08,5.6,9.08,61.67
39,2010,0.13,4.85,3.45,0.32,0.13,0.51,0.1,5.59,9.04,61.82
39,2015,0.12,3.59,3.68,0.4,0.6,0.17,0.04,4.41,8.09,54.52
39,2020,"<0,0022",6,1.1,"<0,05",0.11,0.65,"<0,10",6.76,8.9,75.96
41,1995,,23.55,0.75,,0.74,1.66,0.29,26.24,26.99,97.22
41,2000,,23.46,0.9,,0.6,1.62,0.18,25.86,26.76,96.64
41,2005,,25.35,0.83,,0.52,1.58,0.16,27.61,28.44,97.08
41,2010,,19.8,0.75,,0.32,1.91,0.2,22.22,22.97,96.74
41,2015,,21.67,0.9,,1.31,0.17,0.07,23.22,24.12,96.27
41,2020,"<0,0022",28.7,1.2,0.11,0.2,1.25,"<0,10",30.15,50.8,59.35
43,1995,,17.96,0.6,,1.19,1.45,0.39,20.99,21.59,97.22
43,2000,,16.87,0.75,,0.88,1.62,0.25,19.62,20.37,96.32
43,2005,,16.84,0.68,,0.6,1.82,0.23,19.49,20.17,96.63
43,2010,,19.1,0.6,,0.47,1.19,0.14,20.9,21.5,97.21
43,2015,,18.33,0.75,,0.98,0.25,0.06,19.61,20.36,96.32
43,2020,0.01,25.3,0.9,0.09,0.84,1.58,"<0,10",27.72,45.5,60.92
45,1995,1.1,1.62,4.8,1.42,0.36,0.29,0.06,2.33,7.13,32.68
45,2000,0.96,1.45,4.55,1.33,0.3,0.28,0.03,2.06,6.61,31.16
45,2005,1.04,1.79,4.28,1.27,0.32,0.33,0.03,2.47,6.75,36.59
45,2010,,6.29,1.65,,0.7,0.72,0.09,7.8,9.45,82.54
45,2015,,5.41,2.03,,0.5,0.43,0.08,6.42,8.45,75.98
45,2020,0.03,8.3,1.7,0.12,0.52,0.55,"<0,10",9.37,14.7,63.74
47,1995,,7.48,0.97,,0.42,0.16,0.1,8.16,9.13,89.38
47,2000,,6.89,1.1,,0.28,0.21,0.06,7.44,8.54,87.12
47,2005,,5.96,1.5,,0.28,0.28,0.03,6.55,8.05,81.37
47,2010,0.41,1.48,3.38,0.6,0.22,0.19,0.06,1.95,5.33,36.56
47,2015,0.35,0.95,3.52,0.6,0.17,0.15,0.03,1.3,4.82,26.99
47,2020,"<0,0022",1.5,4.5,0.75,0.32,0.15,"<0,10",1.97,7.9,24.94
49,1995,0.21,1.87,3.0,0.35,0.3,0.25,0.03,2.45,5.45,44.95
49,2000,0.15,2.0,2.85,0.4,0.32,0.28,0.06,2.66,5.51,48.28
49,2005,0.05,1.55,3.6,0.21,0.34,0.28,0.02,2.19,5.79,37.82
49,2010,0.04,2.08,2.78,0.23,0.42,0.3,0.05,2.86,5.64,50.7
49,2015,0.14,1.15,3.26,0.42,0.25,0.27,0.11,1.78,5.04,35.29
49,2020,"<0,0022",2.2,3.6,0.19,0.38,0.37,"<0,10",2.95,6.4,46.09
51,1995,,6.24,1.73,,0.64,0.64,0.06,7.58,9.31,81.42
51,2000,,6.98,1.63,,0.54,0.53,0.06,8.11,9.74,83.26
51,2005,,7.68,1.13,,0.47,0.93,0.02,9.1,10.23,88.95
51,2010,0.09,1.8,3.15,0.23,0.42,0.45,0.02,2.7,5.85,46.16
51,2015,,1.72,2.4,,0.61,0.49,0.01,2.83,5.23,54.11
51,2020,"<0,0022",6.1,1.5,0.1,0.73,0.55,"<0,10",7.38,11.5,64.17
53,1995,,1.7,0.9,,0.07,0.7,0.02,2.49,3.39,73.45
53,2000,,1.75,1.05,,0.08,0.67,0.06,2.56,3.61,70.91
53,2005,,1.78,1.08,,0.05,0.56,0.02,2.41,3.49,69.05
53,2010,0.69,0.25,4.28,0.81,0.06,0.07,0.02,0.4,4.68,8.58
53,2015,1.24,0.05,3.3,1.52,0.04,0.03,0.01,0.13,3.43,3.76
53,2020,0.02,1.5,3.5,0.46,0.11,0.15,"<0,10",1.76,5.7,30.88
55,1995,,23.2,1.8,,1.77,4.67,0.19,29.83,31.63,94.31
55,2000,,22.11,2.05,,2.2,4.37,0.13,28.81,30.86,93.36
55,2005,,22.19,2.1,,1.72,3.83,0.09,27.83,29.93,92.98
55,2010,,31.44,2.1,,2.22,4.05,0.15,37.86,39.96,94.75
55,2015,,30.49,1.58,,16.56,1.56,0.16,48.76,50.34,96.86
55,2020,"<0,0022",44.3,1.1,0.12,2.23,2.62,"<0,10",49.15,50.7,96.94
57,1995,,22.15,0.9,,0.71,3.18,0.21,26.25,27.15,96.69
57,2000,,20.97,0.75,,0.64,3.56,0.16,25.33,26.08,97.12
57,2005,,22.45,1.05,,0.48,2.55,0.19,25.67,26.72,96.07
57,2010,,19.68,0.9,,0.71,4.71,0.1,25.2,26.1,96.55
57,2015,,14.81,1.05,,12.86,0.0,0.24,27.9,28.95,96.37
57,2020,0.02,17.9,1.1,0.05,0.62,3.5,"<0,10",22.02,36.3,60.66
59,1995,1.06,0.62,3.07,1.45,0.17,0.08,0.03,0.9,3.97,22.67
59,2000,0.97,0.5,3.23,1.16,0.13,0.06,0.03,0.72,3.95,18.23
59,2005,0.93,0.71,3.38,1.11,0.12,0.05,0.02,0.9,4.28,21.03
59,2010,0.95,0.22,4.13,1.14,0.05,0.04,0.02,0.33,4.46,7.38
59,2015,1.33,0.45,5.7,1.77,0.08,0.14,0.01,0.68,6.38,10.6
59,2020,"<0,0022",1.7,4.2,0.51,0.13,0.27,"<0,10",2.1,6.4,32.81
61,1995,,5.99,2.03,,0.45,0.64,0.06,7.14,9.17,77.86
61,2000,,5.36,1.95,,0.52,0.67,0.1,6.65,8.6,77.33
61,2005,,4.84,2.25,,0.5,0.66,0.03,6.03,8.28,72.83
61,2010,0.05,3.83,2.85,0.16,0.39,0.55,0.05,4.83,7.68,62.87
61,2015,0.1,3.32,2.74,0.26,0.46,0.37,0.01,4.16,6.9,60.28
61,2020,"<0,0022",5.3,2.4,0.09,0.44,0.65,"<0,10",6.39,10.4,61.44
63,1995,,6.24,2.55,,0.25,0.93,0.1,7.52,10.07,74.68
63,2000,,6.61,2.08,,0.37,0.76,0.13,7.87,9.95,79.1
63,2005,,10.68,0.98,,0.26,0.8,0.1,11.84,12.82,92.36
63,2010,,8.24,1.05,,0.41,0.69,0.09,9.43,10.48,89.98
63,2015,,9.72,0.75,,0.47,0.23,0.18,10.6,11.35,93.39
63,2020,0.01,7,1.8,0.07,0.36,0.7,"<0,10",8.06,12.4,65
65,1995,,4.74,1.5,,0.7,0.29,0.06,5.79,7.29,79.42
65,2000,,4.5,1.85,,0.5,0.23,0.06,5.29,7.14,74.09
65,2005,,4.7,1.63,,0.46,0.23,0.03,5.42,7.05,76.88
65,2010,0.45,1.6,4.28,0.61,0.32,0.14,0.03,2.09,6.37,32.78
65,2015,0.49,1.27,3.27,0.7,0.21,0.3,0.02,1.81,5.08,35.65
65,2020,0.09,3.8,2.4,0.12,0.68,0.32,"<0,10",4.8,7.6,63.16
69,1995,,4.24,1.43,,0.45,0.39,0.06,5.14,6.57,78.23
69,2000,,3.74,1.5,,0.38,0.43,0.06,4.61,6.11,75.45
69,2005,,3.42,1.88,,0.28,0.38,0.02,4.1,5.98,68.56
69,2010,0.05,1.75,3.6,0.14,0.32,0.21,0.02,2.29,5.89,38.91
69,2015,0.28,1.0,3.15,0.46,0.19,0.25,0.01,1.44,4.59,31.44
69,2020,0.12,1.8,3.8,0.47,0.43,0.22,"<0,10",2.45,5.6,43.75
71,1995,,2.0,2.25,,0.36,0.33,0.19,2.88,5.13,56.14
71,2000,,1.8,2.48,,0.28,0.28,0.1,2.46,4.94,49.8
71,2005,,1.86,2.7,,0.15,0.2,0.12,2.33,5.03,46.32
71,2010,0.28,1.07,3.9,0.44,0.19,0.12,0.04,1.42,5.32,26.68
71,2015,0.14,1.22,3.0,0.32,0.26,0.19,0.01,1.69,4.69,35.98
71,2020,0.01,7.2,2.9,0.37,0.6,1.45,"<0,10",9.25,10.6,87.26
73,1995,,4.99,2.03,,0.3,0.94,0.06,6.29,8.32,75.6
73,2000,,5.74,1.8,,0.34,0.81,0.06,6.95,8.75,79.43
73,2005,,4.24,2.33,,0.39,1.94,0.03,6.6,8.93,73.91
73,2010,,4.8,2.25,,0.64,0.79,0.06,6.29,8.54,73.66
73,2015,,9.63,1.73,,1.36,1.7,0.14,12.83,14.56,88.12
73,2020,0.39,8.4,2,0.09,1.18,1.2,"<0,10",10.78,17.8,60.56
75,1995,0.8,1.5,3.9,0.98,0.25,0.18,0.06,1.99,5.89,33.79
75,2000,0.67,1.5,3.73,0.93,0.3,0.2,0.06,2.06,5.79,35.58
75,2005,0.56,1.36,3.9,0.77,0.31,0.23,0.03,1.93,5.83,33.1
75,2010,0.72,1.37,3.75,0.93,0.37,0.26,0.06,2.07,5.82,35.54
75,2015,0.86,1.0,4.24,1.16,0.25,0.27,0.02,1.54,5.78,26.64
75,2020,"<0,0022",3.5,2.4,0.09,0.43,0.23,"<0,10",4.16,6.6,63.03
77,1995,0.1,4.24,3.38,0.28,0.38,0.33,0.03,4.98,8.36,59.57
77,2000,0.06,4.99,3.03,0.18,0.47,0.43,0.06,5.95,8.98,66.26
77,2005,0.14,3.84,3.83,0.21,0.49,0.38,0.03,4.74,8.57,55.31
77,2010,0.13,2.87,3.68,0.25,0.37,0.21,0.05,3.51,7.19,48.83
77,2015,0.4,1.8,4.28,0.63,0.28,0.45,0.04,2.58,6.86,37.59
77,2020,"<0,0022",5.6,1.8,0.07,0.56,1.58,"<0,10",7.74,12.2,63.44
79,1995,,48.9,0.75,,1.21,3.81,0.31,54.23,54.98,98.64
79,2000,,50.15,0.88,,1.51,3.57,0.41,55.64,56.52,98.44
79,2005,,50.34,1.13,,0.93,3.71,0.15,55.13,56.26,97.99
79,2010,,19.92,0.9,,1.87,4.34,0.1,26.22,27.12,96.68
79,2015,,21.47,1.13,,0.81,9.05,0.08,31.41,32.54,96.53
79,2020,0.18,8.8,3.8,0.5,0.43,1.65,"<0,10",10.88,16.4,66.34
81,1995,2.2,0.6,4.88,2.59,0.2,0.1,0.02,0.92,5.8,15.86
81,2000,1.79,0.62,4.99,2.14,0.17,0.1,0.03,0.92,5.91,15.57
81,2005,1.59,0.44,4.87,1.82,0.15,0.1,0.02,0.71,5.58,12.72
81,2010,1.28,0.75,4.88,1.49,0.16,0.1,0.05,1.06,5.94,17.84
81,2015,1.15,0.55,4.8,1.47,0.25,0.27,0.05,1.11,5.91,18.84
81,2020,0.01,4.3,3.2,0.1,0.75,1.1,"<0,10",6.15,13.6,45.22
83,1995,1.24,0.37,4.05,1.42,0.13,0.11,0.03,0.64,4.69,13.65
83,2000,1.47,0.52,4.43,1.7,0.09,0.08,0.03,0.72,5.15,13.98
83,2005,1.54,0.39,4.65,1.73,0.07,0.04,0.01,0.51,5.16,9.88
83,2010,1.45,0.27,4.73,1.7,0.18,0.07,0.15,0.67,5.4,12.39
83,2015,1.4,0.17,4.13,1.77,0.09,0.07,0.01,0.34,4.47,7.55
83,2020,0.04,1.8,3.6,0.3,0.22,0.28,"<0,10",2.3,6.2,37.1
85,1995,1.61,2.0,7.58,1.91,0.23,0.21,0.03,2.47,10.05,24.58
85,2000,1.63,1.82,6.98,1.96,0.25,0.17,0.03,2.27,9.25,24.54
85,2005,1.65,1.8,7.12,1.81,0.34,0.22,0.04,2.4,9.52,25.21
85,2010,,6.07,2.85,,0.55,0.39,0.08,7.09,9.94,71.33
85,2015,1.82,1.45,8.21,2.26,0.2,0.12,0.04,1.8,10.01,18.01
85,2020,0.01,6.3,4.2,0.1,0.33,0.7,"<0,10",7.33,13.4,54.7
87,1995,,4.99,2.48,,0.28,0.68,0.32,6.27,8.75,71.66
87,2000,,4.74,2.55,,0.3,0.68,0.06,5.78,8.33,69.39
87,2005,,4.25,2.78,,0.33,0.59,0.03,5.2,7.98,65.16
87,2010,0.26,1.64,4.88,0.44,0.36,0.39,0.15,2.54,7.42,34.2
87,2015,0.3,2.92,4.5,0.49,0.29,0.09,0.06,3.36,7.86,42.73
87,2020,0.01,0.6,4.4,0.9,0.09,0.1,"<0,10",0.79,5,15.8
89,1995,0.23,2.37,3.45,0.35,0.34,0.33,0.13,3.17,6.62,47.89
89,2000,0.3,1.95,3.98,0.5,0.32,0.3,0.03,2.6,6.58,39.51
89,2005,0.21,2.5,3.56,0.36,0.44,0.94,0.03,3.91,7.47,52.34
89,2010,,5.38,2.33,,0.48,1.19,0.08,7.14,9.47,75.38
89,2015,,5.34,2.63,,0.26,1.04,0.08,6.71,9.04,74.22
89,2020,0.88,1.4,4.5,1.3,0.24,0.24,"<0,10",1.88,6.4,29.38
91,1995,0.18,2.0,3.15,0.3,0.19,0.23,0.06,2.48,5.63,44.05
91,2000,0.11,2.34,2.85,0.25,0.19,0.25,0.03,2.81,5.66,49.65
91,2005,0.01,2.16,2.7,0.12,0.26,0.23,0.02,2.67,5.37,49.72
91,2010,,3.12,2.7,,0.26,0.31,0.08,3.78,6.48,58.33
91,2015,0.91,0.37,4.2,1.16,0.17,0.22,0.07,0.84,5.04,16.63
91,2020,0.26,1.6,3.9,0.6,0.14,0.22,"<0,10",1.96,6.3,31.11
93,1995,,4.49,2.25,,0.49,0.34,0.06,5.38,7.63,70.51
93,2000,,4.79,2.45,,0.4,0.31,0.06,5.56,8.01,69.41
93,2005,,4.57,2.25,,0.44,0.45,0.04,5.5,7.75,70.97
93,2010,,2.65,2.4,,0.34,0.28,0.05,3.32,5.72,58.07
93,2015,0.16,2.86,2.48,0.46,0.37,0.3,0.03,3.55,6.03,58.9
93,2020,0.18,1.9,3.8,0.28,0.39,0.28,"<0,10",2.62,5.4,48.52
95,1995,0.16,2.24,1.73,0.32,0.23,0.28,0.03,2.78,4.51,61.64
95,2000,0.22,2.49,2.15,0.48,0.33,0.43,0.06,3.31,5.46,60.62
95,2005,0.14,2.5,1.95,0.25,0.28,0.29,0.01,3.08,5.03,61.23
95,2010,0.19,1.21,2.4,0.35,0.2,0.16,0.04,1.61,4.01,40.11
95,2015,0.19,1.51,2.25,0.37,0.23,0.21,0.02,1.98,4.23,46.77
95,2020,"<0,0022",3,1.4,0.07,0.26,0.25,"<0,10",3.51,4.8,73.13
97,1995,,5.74,2.1,,0.36,0.52,0.06,6.68,8.78,76.08
97,2000,,4.98,2.48,,0.38,0.48,0.06,5.9,8.38,70.41
97,2005,,4.64,2.03,,0.31,0.41,0.01,5.37,7.4,72.57
97,2010,0.04,3.6,2.78,0.16,0.44,0.41,0.05,4.5,7.28,61.81
97,2015,,6.87,1.58,,1.72,0.35,0.03,8.98,10.56,85.03
97,2020,0.02,3.6,1.5,0.09,0.52,0.45,"<0,10",4.62,7.9,58.48
99,1995,,8.58,0.75,,0.56,1.62,0.08,10.84,11.59,93.53
99,2000,,7.83,0.83,,0.46,1.43,0.06,9.78,10.61,92.18
99,2005,,7.9,0.83,,0.53,1.38,0.01,9.82,10.65,92.21
99,2010,,13.85,1.35,,0.42,0.49,0.11,14.87,16.22,91.68
99,2015,,5.4,1.28,,0.8,0.33,0.04,6.57,7.85,83.7
99,2020,0.48,"<0,10",8,2.36,0.06,0.07,"<0,10",0.13,9.4,1.38
101,1995,,4.61,1.58,,0.21,0.25,0.03,5.1,6.68,76.35
101,2000,,4.91,1.35,,0.24,0.36,0.06,5.57,6.92,80.49
101,2005,,5.71,1.13,,0.2,0.45,0.02,6.38,7.51,84.95
101,2010,,2.69,1.8,,0.22,0.24,0.04,3.19,4.99,63.96
101,2015,,4.19,1.35,,0.4,0.1,0.02,4.71,6.06,77.73
101,2020,0.03,1,5.1,2.22,0.15,0.16,"<0,10",1.37,6.47,56.89
103,1995,,2.24,2.25,,0.25,0.29,0.03,2.81,5.06,55.53
103,2000,,2.12,2.43,,0.3,0.23,0.06,2.71,5.14,52.72
103,2005,,1.93,2.48,,0.48,0.11,0.01,2.53,5.01,50.5
103,2010,,2.64,1.65,,0.44,0.21,0.08,3.37,5.02,67.16
103,2015,,2.59,1.58,,0.23,0.35,0.03,3.2,4.78,66.94
103,2020,0.01,3.5,1.8,0.4,2.28,0.25,"<0,10",6.03,6.4,94.22
105,1995,,5.0,2.25,,0.3,0.82,0.06,6.18,8.43,73.31
105,2000,,5.8,2.55,,0.43,0.66,0.06,6.95,9.5,73.16
105,2005,,5.59,3.23,,0.35,0.86,0.03,6.83,10.06,67.89
105,2010,0.23,5.6,3.3,0.37,0.41,1.52,0.08,7.61,10.91,69.74
105,2015,0.49,3.04,3.83,0.79,0.61,0.25,0.03,3.93,7.76,50.66
105,2020,0.01,6.1,1.4,0.09,0.62,1.13,"<0,10",7.85,10,78.5
107,1995,,3.09,1.13,,0.24,0.29,0.03,3.65,4.78,76.36
107,2000,,3.49,0.98,,0.17,0.4,0.03,4.09,5.07,80.67
107,2005,,3.09,1.2,,0.17,0.41,0.02,3.69,4.89,75.46
107,2010,,2.77,1.05,,0.23,0.42,0.05,3.47,4.52,76.76
107,2015,,2.5,0.98,,0.44,0.15,0.02,3.11,4.09,76.05
107,2020,0.03,2.4,1.7,0.07,0.14,0.28,"<0,10",2.82,4.5,62.67
111,1995,,3.24,1.8,,0.23,0.34,0.03,3.84,5.64,68.09
111,2000,,3.24,1.65,,0.3,0.28,0.06,3.88,5.53,70.16
111,2005,,2.94,1.65,,0.4,0.33,0.02,3.69,5.34,69.1
111,2010,,2.14,1.58,,0.29,0.47,0.06,2.96,4.54,65.2
111,2015,0.13,1.4,2.03,0.32,0.46,0.26,0.02,2.14,4.17,51.27
111,2020,0.01,3.1,2.4,0.12,0.3,0.53,"<0,10",3.93,6,65.5
113,1995,0.3,3.12,2.62,0.51,0.32,0.34,0.03,3.81,6.43,59.25
113,2000,0.11,3.99,2.15,0.25,0.4,0.61,0.03,5.03,7.18,70.06
113,2005,0.09,3.72,2.03,0.11,0.32,0.65,0.02,4.71,6.74,69.88
113,2010,0.05,2.98,2.18,0.19,0.17,0.69,0.06,3.9,6.08,64.14
113,2015,0.2,2.25,2.36,0.39,0.75,0.21,0.03,3.23,5.59,57.82
113,2020,0.03,2.8,3,0.39,0.37,0.48,"<0,10",3.65,8,45.63
115,1995,,6.36,1.95,,0.64,1.25,0.03,8.28,10.23,80.94
115,2000,,7.58,1.7,,0.45,0.98,0.03,9.04,10.74,84.17
115,2005,,7.41,1.35,,0.54,1.09,0.06,9.1,10.45,87.08
115,2010,,5.41,1.5,,0.59,0.65,0.06,6.72,8.22,81.74
115,2015,0.07,4.67,2.03,0.25,0.67,0.45,0.03,5.81,7.84,74.12
115,2020,0.1,6.4,3.5,0.16,0.36,0.95,"<0,10",7.71,11.5,67.04
117,1995,,5.0,1.73,,0.87,0.72,0.06,6.65,8.38,79.36
117,2000,,4.74,1.8,,0.56,0.57,0.06,5.93,7.73,76.71
117,2005,,4.57,1.88,,0.54,0.48,0.02,5.61,7.49,74.9
117,2010,,6.52,1.73,,0.52,0.62,0.06,7.72,9.45,81.69
117,2015,,5.79,1.35,,0.91,0.46,0.02,7.17,8.52,84.16
117,2020,"<0,0022",8.5,1.2,0.07,0.38,0.83,"<0,10",9.71,13.2,73.56
119,1995,,3.87,2.03,,0.38,0.25,0.06,4.56,6.59,69.2
119,2000,,4.34,1.83,,0.36,0.28,0.03,5.01,6.84,73.25
119,2005,,3.69,1.65,,0.36,0.38,0.05,4.48,6.13,73.08
119,2010,,3.01,1.58,,0.42,0.35,0.06,3.85,5.43,70.89
119,2015,0.08,2.15,1.8,0.26,0.44,0.38,0.03,2.99,4.79,62.45
119,2020,0.06,0.8,4.4,2.1,0.14,0.13,"<0,10",1.07,5,21.4
121,1995,,7.58,0.83,,0.29,0.27,0.08,8.22,9.05,90.83
121,2000,,8.18,0.38,,0.52,0.38,0.06,9.14,9.52,96.01
121,2005,,7.61,0.6,,0.55,0.45,0.05,8.66,9.26,93.52
121,2010,,5.16,0.83,,0.55,0.42,0.06,6.2,7.03,88.19
121,2015,,5.77,0.83,,0.39,0.52,0.02,6.7,7.53,88.97
121,2020,0.01,3.9,1.4,0.12,0.82,0.47,"<0,10",5.19,7,74.14
123,1995,,4.74,1.27,,0.38,0.34,0.06,5.52,6.79,81.3
123,2000,,3.94,1.43,,0.27,0.28,0.1,4.59,6.02,76.25
123,2005,,3.62,1.65,,0.21,0.2,0.02,4.05,5.7,71.05
123,2010,,16.67,0.53,,0.57,0.2,0.07,17.5,18.03,97.06
123,2015,,14.54,0.45,,0.3,0.45,0.05,15.34,15.79,97.15
123,2020,0.01,16.8,"<0,75",0.09,0.37,0.3,"<0,10",17.47,49.4,35.36
125,1995,,9.98,2.1,,0.38,1.02,0.1,11.48,13.58,84.54
125,2000,,10.23,1.88,,0.42,1.0,0.1,11.75,13.63,86.21
125,2005,,17.14,0.98,,0.34,1.18,0.14,18.8,19.78,95.05
125,2010,,14.89,0.75,,0.67,1.6,0.09,17.25,18.0,95.83
125,2015,,8.61,1.2,,1.04,0.58,0.09,10.32,11.52,89.58
125,2020,"<0,0022",10.4,2,0.09,0.55,1.85,"<0,10",12.8,16.8,76.19
127,1995,,1.75,3.22,,0.19,0.52,0.03,2.49,5.71,43.61
127,2000,,2.0,2.98,,0.19,0.46,0.03,2.68,5.66,47.35
127,2005,,1.45,3.68,,0.14,0.23,0.03,1.85,5.53,33.45
127,2010,0.61,0.72,3.98,0.86,0.19,0.17,0.07,1.15,5.13,22.41
127,2015,0.73,0.55,4.2,1.05,0.2,0.17,0.02,0.94,5.14,18.36
127,2020,0.02,0.6,4.5,1.31,0.09,0.17,"<0,10",0.86,5.1,16.86
129,1995,,16.97,0.75,,0.41,0.72,0.13,18.23,18.98,96.05
129,2000,,17.48,1.0,,0.38,0.58,0.1,18.54,19.54,94.88
129,2005,,16.24,1.08,,0.38,0.58,0.08,17.28,18.36,94.12
129,2010,,7.89,1.28,,0.44,1.05,0.07,9.45,10.73,88.07
129,2015,,5.44,1.65,,0.79,0.35,0.07,6.64,8.29,80.09
129,2020,0.01,1.8,3.9,0.3,0.37,0.28,"<0,10",2.5,4.9,51.02
131,1995,,19.36,0.75,,0.32,1.16,0.18,21.02,21.77,96.55
131,2000,,18.89,0.83,,0.36,1.34,0.1,20.69,21.52,96.14
131,2005,,18.1,0.7,,0.34,1.2,0.19,19.83,20.53,96.59
131,2010,0.09,3.36,2.63,0.3,0.63,0.57,0.03,4.59,7.22,63.58
131,2015,0.19,3.06,2.35,0.35,0.43,0.34,0.04,3.87,6.22,62.24
131,2020,0.01,3,3.6,0.33,0.65,0.45,"<0,10",4.1,7,58.57
133,1995,,5.49,2.47,,0.23,0.7,0.06,6.48,8.95,72.4
133,2000,,5.24,2.68,,0.27,0.67,0.06,6.24,8.92,69.96
133,2005,,5.63,2.45,,0.2,0.6,0.04,6.47,8.92,72.53
133,2010,0.09,4.67,2.85,0.16,0.21,0.86,0.07,5.81,8.66,67.1
133,2015,0.1,4.39,3.15,0.28,1.02,0.31,0.04,5.76,8.91,64.65
133,2020,"<0,0022",6.1,3.3,0.11,0.23,1,"<0,10",7.33,12.1,60.58
135,1995,0.84,2.74,4.05,1.33,0.38,0.25,0.06,3.43,7.48,45.86
135,2000,1.03,2.39,4.43,1.31,0.24,0.28,0.08,2.99,7.42,40.3
135,2005,0.91,1.75,5.25,1.26,0.24,0.38,0.01,2.38,7.63,31.19
135,2010,1.55,1.3,5.25,1.8,0.31,0.13,0.05,1.8,7.05,25.5
135,2015,1.7,0.85,5.33,2.0,0.26,0.27,0.02,1.4,6.73,20.79
135,2020,"<0,0022",2.8,3.4,0.16,0.33,0.65,"<0,10",3.78,9.12,41.45
137,1995,0.67,1.75,4.2,0.95,0.13,0.15,0.06,2.09,6.29,33.23
137,2000,0.91,1.75,4.43,1.2,0.2,0.17,0.06,2.18,6.61,32.98
137,2005,0.48,1.18,4.35,0.81,0.25,0.17,0.02,1.62,5.97,27.14
137,2010,0.86,1.0,4.05,1.05,0.24,0.17,0.09,1.49,5.54,26.96
137,2015,0.09,1.6,3.08,0.3,0.4,0.65,0.01,2.66,5.74,46.31
137,2020,0.02,1.8,2.9,0.18,0.54,0.35,"<0,10",2.69,7.7,34.94
139,1995,,2.24,3.38,,0.4,0.3,0.03,2.97,6.35,46.77
139,2000,,2.47,3.5,,0.29,0.31,0.03,3.1,6.6,46.97
139,2005,,2.57,2.93,,0.32,0.45,0.01,3.35,6.28,53.34
139,2010,,2.21,1.95,,0.49,0.66,0.08,3.44,5.39,63.84
139,2015,0.12,1.57,2.4,0.28,0.58,0.33,0.01,2.49,4.89,50.95
139,2020,0.01,2.1,3.7,0.14,0.22,0.43,"<0,10",2.75,6.9,39.86
141,1995,0.98,0.5,4.65,1.4,0.23,0.13,0.06,0.92,5.57,16.52
141,2000,0.79,0.75,4.32,1.14,0.18,0.12,0.03,1.08,5.4,20.0
141,2005,1.21,0.59,4.95,1.61,0.13,0.16,0.01,0.89,5.84,15.24
141,2010,,6.71,0.68,,0.18,0.28,0.06,7.22,7.9,91.4
141,2015,0.57,0.67,4.35,0.89,0.17,0.16,0.01,1.02,5.37,18.93
141,2020,0.03,6.8,2.3,0.09,0.31,0.65,0.15,7.91,9.7,81.55
143,1995,,5.24,1.58,,0.21,1.44,0.06,6.95,8.53,81.48
143,2000,,5.65,1.4,,0.23,1.54,0.1,7.52,8.92,84.3
143,2005,0.23,4.81,1.95,0.39,0.97,1.94,0.02,7.74,9.69,79.88
143,2010,,9.78,1.13,,0.45,2.61,0.08,12.92,14.05,91.96
143,2015,,9.15,0.98,,1.49,0.23,0.09,10.96,11.94,91.79
143,2020,"<0,0022",13,1.5,0.09,0.37,1.82,"<0,10",15.19,18.3,83.01
145,1995,0.67,1.5,4.25,1.02,0.3,0.16,0.06,2.02,6.27,32.22
145,2000,0.93,1.87,4.28,1.21,0.23,0.18,0.06,2.34,6.62,35.35
145,2005,0.68,1.92,4.23,0.89,0.25,0.28,0.01,2.46,6.69,36.77
145,2010,,6.62,1.58,,0.48,0.56,0.1,7.76,9.34,83.08
145,2015,0.62,1.2,3.86,0.88,0.31,0.35,0.01,1.87,5.73,32.69
145,2020,0.18,2.3,3.5,0.1,0.46,0.42,"<0,10",3.18,6.7,47.46
147,1995,0.44,3.74,4.05,0.6,0.17,0.49,0.1,4.5,8.55,52.63
147,2000,0.08,3.09,2.95,0.19,0.19,0.6,0.1,3.98,6.93,57.43
147,2005,0.07,4.76,2.18,0.23,0.18,0.74,0.12,5.8,7.98,72.68
147,2010,0.23,5.1,3.75,0.37,0.28,1.3,0.1,6.77,10.52,64.37
147,2015,0.33,4.39,4.2,0.56,1.05,0.18,0.02,5.63,9.83,57.28
147,2020,0.01,3.7,3.9,0.49,0.25,0.62,"<0,10",4.57,10.4,43.94
149,1995,0.6,1.12,3.15,0.79,0.08,0.11,0.03,1.34,4.49,29.84
149,2000,0.88,1.12,3.08,1.06,0.08,0.1,0.06,1.36,4.44,30.63
149,2005,0.01,2.39,2.03,0.12,0.08,0.14,0.02,2.63,4.66,56.44
149,2010,0.14,1.97,2.63,0.26,0.22,0.27,0.17,2.63,5.26,49.99
149,2015,0.57,0.72,3.45,0.82,0.23,0.14,0.01,1.1,4.55,24.23
149,2020,0.01,3.9,0.9,0.07,0.24,0.55,"<0,10",4.72,6.9,68.41
151,1995,,10.6,3.3,,0.57,1.87,0.1,13.14,16.44,79.93
151,2000,,11.6,3.3,,0.42,2.14,0.13,14.29,17.59,81.24
151,2005,,10.26,3.68,,0.3,2.09,0.12,12.77,16.45,77.63
151,2010,,10.06,2.93,,0.55,2.39,0.08,13.07,16.0,81.69
151,2015,0.19,6.06,4.2,0.37,1.84,0.36,0.02,8.28,12.48,66.36
151,2020,"<0,0022",10.1,3.5,0.1,0.37,2.03,"<0,10",12.5,16.1,77.64
153,1995,0.67,1.37,3.38,0.79,0.29,0.14,0.03,1.83,5.21,35.12
153,2000,0.18,2.63,2.51,0.39,0.36,0.26,0.06,3.31,5.82,56.87
153,2005,0.02,2.87,2.03,0.07,0.55,0.36,0.01,3.79,5.82,65.12
153,2010,0.07,2.41,3.23,0.21,0.46,0.35,0.17,3.39,6.62,51.17
153,2015,0.19,1.05,2.55,0.35,0.24,0.25,0.01,1.55,4.1,37.75
153,2020,"<0,0022",4.9,2,0.1,0.39,0.57,"<0,10",5.86,11.4,51.4
155,1995,0.23,1.62,2.85,0.39,0.32,0.22,0.06,2.22,5.07,43.79
155,2000,0.52,1.37,3.15,0.68,0.21,0.18,0.06,1.82,4.97,36.62
155,2005,0.02,1.54,3.15,0.14,0.19,0.31,0.01,2.05,5.2,39.42
155,2010,0.36,1.41,3.23,0.54,0.18,0.13,0.16,1.88,5.11,36.81
155,2015,0.94,0.62,3.9,1.24,0.12,0.11,0.01,0.87,4.77,18.23
155,2020,"<0,0022",2.5,1.8,0.11,0.12,0.32,"<0,10",2.94,4.6,63.91
157,1995,,1.87,2.92,,0.17,0.23,0.03,2.3,5.22,44.06
157,2000,,2.24,2.73,,0.21,0.16,0.06,2.67,5.4,49.44
157,2005,,1.83,3.3,,0.15,0.2,0.01,2.19,5.49,39.89
157,2010,0.35,1.48,3.98,0.56,0.23,0.15,0.14,1.99,5.97,33.35
157,2015,0.12,2.17,2.63,0.3,0.72,0.52,0.04,3.46,6.09,56.82
157,2020,"<0,0022",5.5,2,0.09,0.17,0.58,"<0,10",6.25,12,52.08
159,1995,0.05,4.24,3.3,0.21,0.19,0.52,0.1,5.05,8.35,60.48
159,2000,0.04,4.86,2.98,0.23,0.13,0.44,0.06,5.49,8.47,64.82
159,2005,0.45,3.71,3.53,0.63,0.14,0.35,0.06,4.26,7.79,54.69
159,2010,0.47,1.89,4.58,0.79,0.14,0.21,0.15,2.38,6.96,34.16
159,2015,0.31,2.15,4.73,0.56,0.2,0.07,0.02,2.43,7.16,33.94
159,2020,0.01,5.2,4.2,0.14,0.25,0.77,"<0,10",6.22,12.8,48.59
161,1995,0.64,0.87,3.83,1.17,0.4,0.14,0.03,1.44,5.27,27.32
161,2000,0.98,1.0,3.8,1.37,0.29,0.2,0.06,1.55,5.35,28.97
161,2005,0.96,0.73,4.03,1.17,0.18,0.37,0.01,1.29,5.32,24.25
161,2010,1.11,0.51,3.9,1.37,0.25,0.12,0.13,1.01,4.91,20.49
161,2015,0.61,0.8,3.45,0.86,0.24,0.26,0.01,1.32,4.77,27.65
161,2020,0.08,1,3.6,0.9,0.24,0.15,"<0,10",1.39,5.4,25.74
163,1995,0.73,1.12,4.03,0.89,0.28,0.19,0.03,1.62,5.65,28.67
163,2000,0.25,1.6,3.75,0.44,0.3,0.31,0.06,2.27,6.02,37.71
163,2005,0.16,1.46,3.93,0.3,0.25,0.38,0.01,2.1,6.03,34.83
163,2010,0.26,1.57,3.45,0.44,0.4,0.24,0.15,2.36,5.81,40.64
163,2015,0.17,1.42,3.6,0.35,0.47,0.29,0.02,2.2,5.8,37.96
163,2020,"<0,0022",2.1,2.6,0.12,0.49,0.55,"<0,10",3.14,6.2,50.65
165,1995,0.75,1.37,3.98,0.96,0.32,0.19,0.06,1.94,5.92,32.77
165,2000,0.73,1.15,4.2,1.12,0.23,0.16,0.05,1.59,5.79,27.46
165,2005,0.7,1.47,3.68,1.08,0.28,0.25,0.01,2.01,5.69,35.33
165,2010,0.2,1.54,4.35,0.32,0.34,0.3,0.17,2.35,6.7,35.08
165,2015,0.76,1.27,4.13,1.02,0.36,0.25,0.01,1.9,6.03,31.48
165,2020,"<0,0022",5.5,1.4,0.07,0.55,1.17,"<0,10",7.22,15.6,46.28
167,1995,,4.99,1.8,,0.51,0.94,0.03,6.47,8.27,78.23
167,2000,,4.99,2.15,,0.49,0.71,0.06,6.25,8.4,74.4
167,2005,,4.84,2.48,,0.46,0.74,0.03,6.07,8.55,70.99
167,2010,,3.49,1.73,,0.38,0.33,0.09,4.29,6.02,71.27
167,2015,,3.24,1.95,,0.46,0.47,0.07,4.25,6.2,68.55
167,2020,"<0,0022",6.8,1.7,0.1,1.3,2,"<0,10",10.1,17.9,56.42
169,1995,0.28,1.25,3.15,0.44,0.32,0.26,0.03,1.86,5.01,37.13
169,2000,0.26,1.5,3.3,0.44,0.32,0.25,0.03,2.1,5.4,38.89
169,2005,0.17,1.44,3.0,0.36,0.34,0.28,0.03,2.09,5.09,41.06
169,2010,0.34,1.09,2.85,0.53,0.22,0.11,0.05,1.47,4.32,33.97
169,2015,0.41,0.57,3.15,0.6,0.19,0.25,0.05,1.07,4.22,25.39
169,2020,0.19,1.9,3.2,0.4,0.22,0.18,"<0,10",2.34,4.6,50.87
171,1995,0.12,2.12,3.6,0.33,0.38,0.25,0.06,2.81,6.41,43.84
171,2000,0.18,1.82,4.03,0.42,0.43,0.17,0.1,2.52,6.55,38.47
171,2005,0.37,1.97,3.75,0.6,0.52,0.26,0.01,2.76,6.51,42.4
171,2010,0.25,1.5,3.83,0.44,0.35,0.23,0.05,2.13,5.96,35.79
171,2015,0.16,2.1,3.53,0.39,0.44,0.42,0.01,2.97,6.5,45.66
171,2020,0.52,1,3.6,0.9,0.22,0.17,"<0,10",1.39,5,27.8
173,1995,0.29,1.75,4.2,0.54,0.34,0.33,0.06,2.48,6.68,37.13
173,2000,0.14,2.02,3.93,0.37,0.38,0.38,0.06,2.84,6.77,41.95
173,2005,0.02,1.92,3.93,0.23,0.6,0.45,0.01,2.98,6.91,43.13
173,2010,0.63,0.98,3.6,0.81,0.3,0.16,0.06,1.5,5.1,29.45
173,2015,0.1,1.3,3.53,0.4,0.47,0.4,0.01,2.18,5.71,38.21
173,2020,"<0,0022",3,2.9,0.1,0.28,0.55,"<0,10",3.83,6.9,55.51
175,1995,,2.14,3.07,,0.15,0.11,0.03,2.43,5.5,44.18
175,2000,,2.86,2.24,,0.2,0.13,0.06,3.25,5.49,59.2
175,2005,,3.17,2.13,,0.26,0.16,0.02,3.61,5.74,62.89
175,2010,,3.03,1.5,,0.27,0.14,0.03,3.47,4.97,69.84
175,2015,,2.9,1.65,,0.12,0.27,0.02,3.31,4.96,66.72
175,2020,0.2,17.8,2,0.12,0.38,0.38,"<0,10",18.56,50,37.12
177,1995,0.1,5.36,3.0,0.35,0.53,0.54,0.06,6.49,9.49,68.39
177,2000,0.1,4.68,3.3,0.3,0.48,0.46,0.06,5.68,8.98,63.25
177,2005,0.24,4.42,3.5,0.49,0.47,0.56,0.03,5.48,8.98,61.02
177,2010,,4.99,3.08,,0.77,0.66,0.04,6.46,9.54,67.72
177,2015,,5.29,2.03,,1.17,0.41,0.02,6.9,8.93,77.26
177,2020,0.02,7.6,1.4,0.09,0.71,0.95,"<0,10",9.26,14,66.14
179,1995,,2.17,0.75,,0.46,0.31,0.1,3.04,3.79,80.21
179,2000,,2.99,0.73,,0.3,0.23,0.06,3.58,4.31,83.06
179,2005,,3.07,1.13,,0.26,0.38,0.08,3.79,4.92,77.03
179,2010,0.03,2.48,2.18,0.21,0.31,0.2,0.05,3.04,5.22,58.27
179,2015,,3.19,1.95,,0.37,0.26,0.02,3.85,5.8,66.36
179,2020,"<0,0022",4.3,2.4,0.12,0.5,0.22,"<0,10",5.02,10,50.2
181,1995,1.92,1.5,5.1,2.24,0.28,0.16,0.03,1.97,7.07,27.86
181,2000,0.95,1.5,4.8,1.63,0.3,0.28,0.06,2.14,6.94,30.84
181,2005,,2.94,2.33,,0.49,0.41,0.01,3.85,6.18,62.3
181,2010,,2.92,1.88,,0.83,1.75,0.11,5.61,7.49,74.91
181,2015,,2.77,2.25,,0.8,0.46,0.03,4.06,6.31,64.36
181,2020,0.02,3.7,1.2,0.11,0.51,1.3,"<0,10",5.51,10.2,54.02
183,1995,0.61,2.49,4.65,0.93,0.4,0.16,0.06,3.11,7.76,40.08
183,2000,0.47,2.16,4.53,0.69,0.28,0.2,0.06,2.7,7.23,37.34
183,2005,0.45,1.9,4.28,0.64,0.2,0.11,0.03,2.24,6.52,34.36
183,2010,0.23,1.33,3.9,0.37,0.24,0.29,0.04,1.9,5.8,32.75
183,2015,0.26,1.05,3.23,0.63,0.37,0.36,0.06,1.84,5.07,36.32
183,2020,0.05,2,2.9,0.21,0.9,0.67,"<0,10",3.57,5.1,70
187,1995,,6.36,1.8,,0.4,0.33,0.06,7.15,8.95,79.89
187,2000,,5.74,2.18,,0.36,0.51,0.1,6.71,8.89,75.48
187,2005,,5.94,1.5,,0.31,0.41,0.03,6.69,8.19,81.68
187,2010,0.05,4.15,4.73,0.16,0.46,0.25,0.04,4.9,9.63,50.89
187,2015,0.14,3.27,3.98,0.35,0.33,0.23,0.04,3.87,7.85,49.3
187,2020,0.05,5.6,3,0.16,0.41,0.58,"<0,10",6.59,10,65.9
189,1995,,10.68,1.05,,0.36,0.72,0.13,11.89,12.94,91.89
189,2000,,8.96,1.13,,0.48,1.06,0.06,10.56,11.69,90.33
189,2005,,7.78,1.88,,0.54,1.06,0.04,9.42,11.3,83.36
189,2010,,5.27,2.93,,0.31,0.86,0.07,6.51,9.44,68.97
189,2015,,5.34,2.33,,0.26,1.04,0.08,6.71,9.04,74.22
189,2020,"<0,0022",13.1,0.8,0.11,0.62,0.67,0.1,14.49,18.4,78.75
191,1995,,5.99,2.33,,0.23,0.58,0.06,6.86,9.19,74.65
191,2000,,6.61,1.98,,0.3,0.75,0.1,7.76,9.74,79.67
191,2005,,7.11,0.9,,0.25,0.59,0.03,7.98,8.88,89.86
191,2010,,6.72,1.73,,0.33,1.11,0.07,8.23,9.96,82.63
191,2015,,5.55,1.5,,0.92,0.18,0.05,6.7,8.2,81.7
191,2020,0.05,6.3,1.5,0.11,0.25,1,"<0,10",7.55,9.1,82.97
193,1995,,14.35,2.25,,1.02,1.58,0.1,17.05,19.3,88.34
193,2000,,14.59,2.51,,0.92,1.87,0.13,17.51,20.02,87.46
193,2005,,13.95,2.73,,0.77,1.5,0.07,16.29,19.02,85.65
193,2010,,17.35,2.18,,1.28,2.49,0.15,21.28,23.46,90.71
193,2015,,14.81,1.28,,1.42,1.06,0.08,17.38,18.66,93.14
193,2020,"<0,0022",20.4,1.5,0.09,1.6,2.08,0.14,24.22,47.3,51.21
195,1995,,13.35,3.68,,0.38,2.45,0.13,16.31,19.99,81.59
195,2000,,12.71,3.32,,0.4,2.32,0.19,15.62,18.94,82.47
195,2005,,11.48,2.78,,0.6,1.86,0.11,14.05,16.83,83.48
195,2010,0.02,12.92,4.43,0.16,0.26,2.14,0.1,15.42,19.85,77.68
195,2015,0.12,11.05,4.43,0.44,2.44,0.24,0.07,13.81,18.24,75.71
195,2020,0.09,14.1,5.1,0.53,0.28,1.92,"<0,10",16.3,19.3,84.46
197,1995,,7.23,3.22,,0.7,1.05,0.1,9.08,12.3,73.82
197,2000,,8.7,2.85,,0.58,1.2,0.13,10.61,13.46,78.83
197,2005,,20.75,0.53,,0.68,1.44,0.18,23.05,23.58,97.75
197,2010,0.07,17.75,4.5,0.16,0.78,3.66,0.18,22.37,26.87,83.26
197,2015,0.05,5.76,3.75,0.26,1.02,0.63,0.05,7.46,11.21,66.54
197,2020,0.01,9.6,2.9,0.09,0.77,1.07,"<0,10",11.44,14.9,76.78
199,1995,,1.87,2.33,,0.25,0.14,0.06,2.32,4.65,49.89
199,2000,,1.62,2.55,,0.3,0.2,0.06,2.18,4.73,46.09
199,2005,,1.93,2.33,,0.2,0.21,0.03,2.37,4.7,50.43
199,2010,0.03,1.84,2.78,0.12,0.44,0.28,0.05,2.6,5.38,48.36
199,2015,0.14,1.17,2.63,0.33,0.32,0.19,0.08,1.77,4.4,40.25
199,2020,0.11,1.7,2.9,0.39,0.35,0.48,"<0,10",2.53,3.3,76.67
201,1995,0.22,1.25,2.85,0.4,0.28,0.18,0.03,1.74,4.59,37.91
201,2000,0.05,1.06,1.9,0.11,0.3,0.17,0.06,1.59,3.49,45.56
201,2005,0.02,1.22,1.63,0.23,0.38,0.2,0.03,1.83,3.46,52.89
201,2010,0.84,0.48,4.2,1.03,0.14,0.16,0.04,0.82,5.02,16.3
201,2015,0.21,1.15,2.78,0.4,0.57,0.14,0.02,1.87,4.65,40.23
201,2020,"<0,0022",3.05,4.2,0.26,0.27,2.05,0.1,5.47,7.4,73.92
203,1995,,3.79,0.75,,0.19,0.64,0.03,4.65,5.4,86.11
203,2000,,3.12,0.95,,0.24,0.71,0.05,4.12,5.07,81.26
203,2005,,4.09,0.9,,0.18,0.69,0.02,4.98,5.88,84.69
203,2010,,5.03,0.98,,0.28,0.73,0.06,6.1,7.08,86.16
203,2015,,3.02,1.2,,0.55,0.14,0.01,3.72,4.92,75.59
203,2020,0.02,5.3,1.5,0.07,0.19,0.6,"<0,10",6.15,8.1,75.93
205,1995,1.23,0.87,4.95,1.49,0.25,0.2,0.03,1.35,6.3,21.43
205,2000,0.72,0.69,3.6,0.93,0.18,0.16,0.06,1.09,4.69,23.24
205,2005,0.06,1.77,2.03,0.11,0.28,0.57,0.03,2.65,4.68,56.62
205,2010,0.54,1.02,3.23,0.7,0.38,0.28,0.1,1.78,5.01,35.51
205,2015,1.06,0.52,4.13,1.45,0.14,0.18,0.07,0.92,5.05,18.23
205,2020,0.01,18.4,1.7,0.07,0.19,1.57,0.11,20.27,21.9,92.56
207,1995,0.15,3.74,3.22,0.33,0.7,0.67,0.13,5.24,8.46,61.94
207,2000,0.0,5.98,2.07,0.0,0.57,0.82,0.1,7.47,9.54,78.3
207,2005,,6.86,1.73,,0.71,0.98,0.08,8.63,10.36,83.3
207,2010,,4.54,2.55,,0.86,0.74,0.42,6.56,9.11,72.0
207,2015,,3.89,2.48,,0.75,0.48,0.13,5.25,7.73,67.93
207,2020,0.01,5.3,2.4,0.12,0.74,0.87,"<0,10",6.91,9.7,71.24
209,1995,0.18,3.99,3.15,0.32,0.47,0.36,0.06,4.88,8.03,60.77
209,2000,0.19,3.54,3.15,0.37,0.5,0.34,0.1,4.48,7.63,58.72
209,2005,0.06,3.47,3.75,0.32,0.84,0.36,0.08,4.75,8.5,55.88
209,2010,0.12,3.64,3.83,0.23,0.58,0.58,0.06,4.86,8.69,55.95
209,2015,0.19,2.97,3.45,0.4,0.5,0.33,0.05,3.86,7.31,52.77
209,2020,0.01,4.8,2.1,0.12,0.94,1.07,0.1,6.91,8.1,85.31
211,1995,,2.87,2.3,,0.34,0.25,0.06,3.52,5.82,60.48
211,2000,,3.14,1.88,,0.34,0.33,0.06,3.87,5.75,67.3
211,2005,,3.66,1.95,,0.39,0.36,0.02,4.43,6.38,69.44
211,2010,0.11,3.37,3.3,0.23,0.28,0.45,0.03,4.13,7.43,55.58
211,2015,0.08,2.37,2.78,0.4,0.56,0.22,0.02,3.17,5.95,53.26
211,2020,0.01,12.8,1.4,0.11,0.53,0.67,"<0,10",14,19.2,72.92
213,1995,,5.36,1.2,,0.3,0.3,0.06,6.02,7.22,83.38
213,2000,,6.0,1.05,,0.19,0.34,0.06,6.59,7.64,86.26
213,2005,,5.19,1.43,,0.24,0.41,0.03,5.87,7.3,80.41
213,2010,,3.19,1.5,,0.3,0.52,0.07,4.08,5.58,73.1
213,2015,,2.42,1.5,,0.67,0.34,0.02,3.46,4.96,69.73
213,2020,0.02,8.3,"<0,75","<0,05",0.14,0.33,"<0,10",8.83,27.5,32.11
215,1995,,5.29,1.5,,0.37,0.35,0.05,6.06,7.56,80.16
215,2000,,5.24,1.35,,0.28,0.44,0.06,6.02,7.37,81.68
215,2005,,5.29,1.05,,0.47,0.49,0.04,6.29,7.34,85.69
215,2010,,3.56,0.98,,0.35,0.51,0.12,4.54,5.52,82.24
215,2015,,3.85,0.98,,0.43,0.23,0.08,4.59,5.57,82.4
215,2020,0.01,2.6,0.9,0.05,0.09,0.17,"<0,10",2.89,4.7,61.49
217,1995,,1.62,1.65,,0.11,0.14,0.03,1.9,3.55,53.52
217,2000,,1.6,1.88,,0.17,0.23,0.03,2.03,3.91,51.92
217,2005,,1.17,1.85,,0.24,0.13,0.03,1.57,3.42,45.91
217,2010,,2.95,2.78,,0.53,0.78,0.03,4.29,7.07,60.68
217,2015,0.07,2.79,2.25,0.25,1.37,0.46,0.02,4.65,6.9,67.4
217,2020,0.04,3.2,1.8,0.09,0.21,0.47,"<0,10",3.92,5.8,67.59
219,1995,,4.37,2.03,,0.49,0.49,0.06,5.41,7.44,72.72
219,2000,,4.23,1.86,,0.38,0.43,0.1,5.14,7.0,73.43
219,2005,,4.64,1.58,,0.46,0.49,0.04,5.63,7.21,78.09
219,2010,,3.98,1.65,,0.7,0.63,0.11,5.42,7.07,76.65
219,2015,0.16,2.45,2.85,0.39,0.74,0.42,0.05,3.65,6.5,56.14
219,2020,0.02,5.8,2,0.09,0.25,0.72,"<0,10",6.83,9.4,72.66
221,1995,,3.49,3.22,,0.57,0.71,0.1,4.87,8.09,60.2
221,2000,,3.24,3.45,,0.51,0.58,0.06,4.39,7.84,55.99
221,2005,,3.92,3.4,,0.9,1.98,0.02,6.82,10.22,66.73
221,2010,,2.97,2.7,,0.69,1.23,0.14,5.03,7.73,65.09
221,2015,,3.22,1.73,,1.35,0.57,0.08,5.22,6.95,75.09
221,2020,0.01,3.1,3,0.11,0.71,0.75,"<0,10",4.56,9.4,48.51
223,1995,,3.49,1.87,,0.45,0.66,0.06,4.66,6.53,71.36
223,2000,,3.49,1.43,,0.4,0.56,0.06,4.51,5.94,75.93
223,2005,,3.69,1.83,,0.33,0.65,0.03,4.7,6.53,71.98
223,2010,0.08,2.34,2.4,0.19,0.3,0.4,0.05,3.1,5.5,56.33
223,2015,0.09,2.2,2.1,0.28,0.55,0.31,0.05,3.1,5.2,59.63
223,2020,0.01,5.1,1.7,0.07,0.43,0.53,"<0,10",6.06,8.3,73.01
225,1995,0.95,0.75,3.75,1.07,0.11,0.08,0.03,0.97,4.72,20.55
225,2000,0.79,0.87,3.38,0.89,0.15,0.09,0.03,1.14,4.52,25.22
225,2005,0.86,0.86,3.75,1.0,0.24,0.09,0.04,1.23,4.98,24.7
225,2010,0.93,0.28,3.6,1.14,0.19,0.09,0.06,0.62,4.22,14.62
225,2015,1.24,0.3,4.43,1.56,0.12,0.18,0.05,0.64,5.07,12.69
225,2020,0.36,1.1,3.5,0.63,0.18,0.15,"<0,10",1.43,4.7,30.43
229,1995,,5.74,1.65,,0.47,0.49,0.06,6.76,8.41,80.38
229,2000,,5.49,1.6,,0.49,0.49,0.06,6.53,8.13,80.32
229,2005,,5.99,2.08,,0.44,0.49,0.03,6.95,9.03,76.97
229,2010,,4.47,1.35,,0.29,0.52,0.11,5.39,6.74,79.97
229,2015,,3.59,1.2,,0.51,0.15,0.07,4.32,5.52,78.26
229,2020,"<0,0022",7,1.2,7,0.1,0.47,"<0,10",7.57,12,63.08
231,1995,,2.0,3.3,,0.32,0.37,0.03,2.72,6.02,45.18
231,2000,,1.75,3.68,,0.18,0.35,0.03,2.31,5.99,38.56
231,2005,,1.91,3.6,,0.13,0.31,0.03,2.38,5.98,39.8
231,2010,0.21,1.25,3.0,0.37,0.31,0.26,0.08,1.89,4.89,38.7
231,2015,0.28,1.1,3.23,0.58,0.29,0.23,0.02,1.64,4.87,33.62
231,2020,"<0,0022",1.3,2.4,0.58,0.27,0.18,"<0,10",1.75,3,58.33
233,1995,0.51,1.37,3.75,0.65,0.43,0.37,0.03,2.2,5.95,36.97
233,2000,0.0,3.59,2.08,0.0,0.67,0.65,0.06,4.97,7.05,70.5
233,2005,,2.79,2.7,,0.7,0.7,0.03,4.22,6.92,60.98
233,2010,0.73,0.95,3.98,1.03,0.36,0.23,0.04,1.59,5.57,28.52
233,2015,0.39,1.34,3.98,0.81,0.37,0.41,0.03,2.16,6.14,35.23
233,2020,0.03,2.4,3.8,0.26,0.28,0.45,"<0,10",3.13,7.2,43.47
235,1995,0.1,5.24,2.62,0.28,0.25,0.99,0.1,6.58,9.2,71.52
235,2000,0.07,5.86,2.05,0.07,0.27,0.83,0.08,7.04,9.09,77.45
235,2005,,5.21,1.35,,0.38,0.18,0.02,5.79,7.14,81.09
235,2010,,3.86,1.95,,0.22,0.6,0.03,4.72,6.67,70.75
235,2015,0.17,2.32,2.7,0.35,0.38,0.2,0.02,2.92,5.62,51.92
235,2020,0.27,2.5,3.8,0.4,0.41,0.63,"<0,10",3.54,6,59
237,1995,0.14,2.87,3.45,0.26,0.36,0.34,0.03,3.6,7.05,51.06
237,2000,0.05,2.49,2.98,0.19,0.45,0.43,0.06,3.43,6.41,53.51
237,2005,0.21,2.02,4.2,0.37,0.36,0.22,0.01,2.61,6.81,38.33
237,2010,0.2,2.06,3.68,0.32,0.33,0.29,0.02,2.71,6.39,42.38
237,2015,0.91,0.98,4.5,1.28,0.12,0.32,0.03,1.44,5.94,24.23
237,2020,0.03,2.1,3.3,0.23,0.34,0.7,"<0,10",3.14,8.7,36.09
239,1995,,2.62,2.55,,0.42,0.25,0.03,3.32,5.87,56.56
239,2000,,3.07,2.33,,0.34,0.25,0.06,3.72,6.05,61.49
239,2005,,2.79,2.33,,0.24,0.28,0.09,3.4,5.73,59.34
239,2010,0.05,3.04,2.48,0.14,0.34,0.25,0.05,3.67,6.15,59.68
239,2015,0.16,2.07,2.63,0.32,0.26,0.23,0.07,2.64,5.27,50.1
239,2020,0.02,2.8,2.4,0.1,0.27,0.3,"<0,10",3.37,6.2,54.35
241,1995,0.38,2.49,3.68,0.56,0.21,0.39,0.06,3.15,6.83,46.12
241,2000,0.14,2.74,2.84,0.25,0.23,0.46,0.06,3.49,6.33,55.13
241,2005,0.11,2.74,2.78,0.25,0.21,0.9,0.02,3.87,6.65,58.2
241,2010,0.28,1.87,2.85,0.42,0.27,0.46,0.04,2.64,5.49,48.1
241,2015,0.21,2.72,1.95,0.39,0.49,0.17,0.03,3.4,5.35,63.57
241,2020,"<0,0022",5.1,2.4,0.11,0.28,0.93,"<0,10",6.31,11.2,56.34
243,1995,0.75,1.0,3.3,0.84,0.08,0.15,0.03,1.26,4.56,27.63
243,2000,0.84,0.8,3.75,1.09,0.08,0.18,0.03,1.09,4.84,22.52
243,2005,0.61,1.05,4.28,0.72,0.07,0.16,0.01,1.29,5.57,23.16
243,2010,1.0,0.19,3.68,1.19,0.06,0.05,0.02,0.31,3.99,7.79
243,2015,1.56,0.25,4.43,1.86,0.05,0.06,0.01,0.37,4.8,7.75
243,2020,0.01,0.8,5.3,1.6,0.13,0.13,"<0,10",1.06,6.3,16.83
245,1995,,4.24,2.25,,0.13,0.39,0.06,4.82,7.07,68.18
245,2000,,3.64,2.33,,0.2,0.36,0.06,4.26,6.59,64.64
245,2005,,3.94,2.1,,0.42,0.67,0.02,5.05,7.15,70.63
245,2010,0.93,0.92,4.65,1.21,0.22,0.23,0.05,1.41,6.06,23.3
245,2015,1.33,0.54,4.88,1.84,0.18,0.21,0.02,0.95,5.83,16.35
245,2020,0.38,1.3,6.3,2.01,0.34,0.12,"<0,10",1.76,9.1,19.34
247,1995,0.14,3.24,2.85,0.25,0.25,0.36,0.06,3.91,6.76,57.84
247,2000,0.0,6.03,1.13,0.07,0.27,0.65,0.06,7.01,8.14,86.12
247,2005,,7.31,1.55,,0.66,0.74,0.01,8.72,10.27,84.91
247,2010,,8.86,1.88,,0.77,0.88,0.04,10.55,12.43,84.87
247,2015,1.14,1.27,4.21,1.47,0.31,0.29,0.03,1.89,6.1,31.02
247,2020,0.01,15.7,1.2,0.09,0.75,0.63,"<0,10",17.08,32.6,52.39
249,1995,0.18,3.62,2.77,0.25,0.21,0.39,0.03,4.25,7.02,60.54
249,2000,0.17,2.99,2.4,0.28,0.3,0.43,0.06,3.78,6.18,61.17
249,2005,0.02,2.41,2.78,0.18,0.34,0.53,0.01,3.29,6.07,54.2
249,2010,0.05,2.63,2.63,0.19,0.39,0.55,0.03,3.61,6.24,57.84
249,2015,0.14,1.86,2.33,0.37,0.34,0.23,0.05,2.47,4.8,51.5
249,2020,"<0,0022",3,2,0.11,0.41,1.23,"<0,10",4.64,7.2,64.44
251,1995,0.09,4.49,3.98,0.21,0.47,0.49,0.06,5.51,9.49,58.06
251,2000,0.05,5.04,3.72,0.26,0.6,0.65,0.1,6.39,10.11,63.2
251,2005,,17.21,1.05,,0.38,0.49,0.02,18.1,19.15,94.52
251,2010,,3.65,1.88,,0.23,0.4,0.09,4.36,6.24,69.88
251,2015,0.14,2.42,2.1,0.3,0.34,0.31,0.06,3.12,5.22,59.8
251,2020,0.01,2.7,2.1,0.14,0.39,0.32,"<0,10",3.41,6.7,50.9
253,1995,0.14,3.24,2.77,0.23,0.45,0.48,0.06,4.23,7.0,60.43
253,2000,0.1,3.74,2.55,0.26,0.7,0.76,0.1,5.3,7.85,67.52
253,2005,,4.99,2.03,,0.56,0.49,0.02,6.06,8.09,74.91
253,2010,,6.12,1.43,,0.14,0.24,0.09,6.58,8.01,82.14
253,2015,0.13,2.45,3.04,0.32,0.27,0.08,0.03,2.82,5.86,48.13
253,2020,0.01,6,3.6,0.09,0.76,0.98,"<0,10",7.74,14.2,54.51
255,1995,0.26,2.24,4.2,0.35,0.21,0.53,0.06,3.04,7.24,41.99
255,2000,0.3,2.7,3.85,0.48,0.23,0.43,0.08,3.44,7.29,47.19
255,2005,0.02,2.72,3.15,0.16,0.8,0.61,0.02,4.15,7.3,56.85
255,2010,0.05,3.22,2.4,0.21,0.09,0.63,0.05,3.99,6.39,62.47
255,2015,0.14,3.28,2.55,0.32,0.67,0.17,0.04,4.16,6.71,62.01
255,2020,"<0,0022",5.4,2,0.09,0.12,0.73,"<0,10",6.25,8.8,71.02
257,1995,1.02,0.87,3.75,1.23,0.17,0.14,0.03,1.21,4.96,24.4
257,2000,0.82,0.5,3.75,1.03,0.19,0.1,0.06,0.85,4.6,18.48
257,2005,0.06,0.86,3.0,0.17,0.15,0.11,0.01,1.13,4.13,27.36
257,2010,0.23,1.36,3.08,0.42,0.19,0.12,0.05,1.71,4.79,35.75
257,2015,0.14,2.62,2.33,0.33,0.34,0.54,0.04,3.54,5.87,60.28
257,2020,"<0,0022",2.9,0.8,0.1,0.42,0.43,"<0,10",3.75,4.8,78.13
259,1995,0.14,3.99,3.3,0.25,0.23,0.49,0.13,4.84,8.14,59.46
259,2000,0.02,4.29,2.78,0.16,0.25,0.35,0.1,4.99,7.77,64.22
259,2005,0.32,2.91,3.9,0.53,0.47,0.38,0.08,3.84,7.74,49.61
259,2010,0.05,3.17,2.33,0.16,0.62,0.4,0.05,4.24,6.57,64.54
259,2015,0.09,2.42,2.4,0.32,0.55,0.21,0.01,3.19,5.59,57.09
259,2020,"<0,0022",2.3,3.9,0.44,0.44,0.42,"<0,10",3.16,6.3,50.16
261,1995,1.77,0.87,4.65,2.03,0.17,0.11,0.03,1.18,5.83,20.24
261,2000,0.03,2.23,2.7,0.26,0.27,0.16,0.06,2.72,5.42,50.18
261,2005,0.02,2.35,3.08,0.14,0.38,0.26,0.01,3.0,6.08,49.34
261,2010,0.07,2.07,2.78,0.21,0.38,0.28,0.04,2.77,5.55,49.93
261,2015,0.2,1.35,2.93,0.46,0.35,0.36,0.02,2.08,5.01,41.46
261,2020,0.03,2.9,3.3,0.23,0.31,0.6,"<0,10",3.81,6.9,55.22
263,1995,0.63,2.99,3.45,0.81,0.28,0.51,0.06,3.84,7.29,52.67
263,2000,0.92,2.6,3.9,1.27,0.3,0.42,0.06,3.38,7.28,46.43
263,2005,1.14,2.02,3.98,1.44,0.2,0.57,0.01,2.8,6.78,41.3
263,2010,1.54,1.78,4.43,1.79,0.36,0.4,0.12,2.66,7.09,37.51
263,2015,0.77,2.59,3.38,1.09,0.72,0.24,0.01,3.56,6.94,51.31
263,2020,0.09,3,3.2,0.4,0.29,0.87,"<0,10",4.16,7.2,57.78
265,1995,0.11,2.0,3.0,0.32,0.3,0.39,0.06,2.75,5.75,47.83
265,2000,0.38,1.75,3.21,0.45,0.21,0.33,0.03,2.32,5.53,41.95
265,2005,0.27,1.75,3.38,0.37,0.15,0.39,0.03,2.32,5.7,40.7
265,2010,0.6,1.09,3.15,0.81,0.16,0.15,0.07,1.47,4.62,31.78
265,2015,0.05,0.47,3.53,0.3,0.08,0.1,0.02,0.66,4.19,15.84
265,2020,"<0,0022",3,1.1,0.07,0.09,0.22,"<0,10",3.31,6.5,50.92
267,1995,,4.12,2.25,,0.25,0.22,0.06,4.65,6.9,67.39
267,2000,,4.49,2.1,,0.3,0.27,0.1,5.16,7.26,71.07
267,2005,,3.89,2.18,,0.33,0.35,0.04,4.61,6.79,67.89
267,2010,,2.91,2.25,,0.39,0.39,0.15,3.84,6.09,63.03
267,2015,0.09,2.12,2.48,0.25,0.28,0.29,0.01,2.7,5.18,52.13
267,2020,"<0,0022",3.1,2.1,0.1,0.43,0.38,"<0,10",3.91,6.9,56.67
269,1995,,6.11,1.28,,0.17,1.51,0.06,7.85,9.13,85.98
269,2000,,7.23,1.13,,0.23,1.92,0.1,9.48,10.61,89.35
269,2005,,6.13,1.65,,0.22,2.65,0.07,9.07,10.72,84.61
269,2010,,6.05,1.13,,0.15,1.98,0.11,8.29,9.42,88.0
269,2015,,5.86,1.2,,1.39,0.14,0.04,7.43,8.63,86.09
269,2020,"<0,0022",6.4,1.7,0.09,0.24,1.53,"<0,10",8.17,13.7,59.64
271,1995,0.58,0.87,3.38,0.91,0.25,0.16,0.03,1.31,4.69,27.93
271,2000,0.59,0.8,3.58,0.82,0.17,0.12,0.06,1.15,4.73,24.31
271,2005,0.53,1.12,3.08,0.69,0.27,0.21,0.01,1.61,4.69,34.33
271,2010,0.1,1.72,2.93,0.26,0.33,0.29,0.03,2.36,5.29,44.64
271,2015,0.81,0.75,3.56,1.07,0.2,0.2,0.01,1.15,4.71,24.46
271,2020,"<0,0022",2.5,2.4,0.11,0.23,0.4,"<0,10",3.13,4.6,68.04
273,1995,0.45,0.62,3.45,0.7,0.32,0.14,0.03,1.11,4.56,24.34
273,2000,0.71,0.62,3.4,1.05,0.27,0.12,0.06,1.07,4.47,23.94
273,2005,0.78,0.83,3.45,0.96,0.11,0.19,0.01,1.14,4.59,24.84
273,2010,0.67,0.29,3.15,1.02,0.18,0.09,0.05,0.61,3.76,16.33
273,2015,0.37,1.7,3.15,0.56,0.5,0.15,0.03,2.38,5.53,42.99
273,2020,0.01,2.2,1.1,0.23,0.33,0.42,"<0,10",2.95,3.7,79.73
275,1995,0.65,0.87,3.07,0.86,0.13,0.17,0.03,1.2,4.27,28.1
275,2000,0.64,1.12,3.25,0.82,0.08,0.19,0.06,1.45,4.7,30.85
275,2005,0.53,0.94,2.85,0.74,0.09,0.3,0.01,1.34,4.19,31.98
275,2010,0.86,0.62,3.68,1.07,0.16,0.14,0.15,1.06,4.74,22.42
275,2015,0.54,0.37,3.38,0.77,0.2,0.13,0.06,0.77,4.15,18.52
275,2020,0.01,1,4.2,1,0.18,0.15,"<0,10",1.33,4.6,28.91
277,1995,,9.68,1.5,,0.39,1.12,0.1,11.29,12.79,88.27
277,2000,,10.37,1.05,,0.3,1.11,0.08,11.86,12.91,91.87
277,2005,,11.05,0.83,,0.22,1.44,0.13,12.84,13.67,93.93
277,2010,,14.31,0.53,,0.22,1.71,0.2,16.44,16.97,96.88
277,2015,,14.06,0.68,,1.37,0.12,0.08,15.63,16.31,95.83
277,2020,"<0,0022",17,"<0,75",0.09,0.67,1.03,"<0,10",18.7,49.6,37.7
279,1995,,5.74,2.77,,0.25,0.44,0.06,6.49,9.26,70.09
279,2000,,4.94,3.03,,0.19,0.33,0.06,5.52,8.55,64.56
279,2005,,5.2,3.03,,0.15,0.33,0.01,5.69,8.72,65.25
279,2010,,7.62,1.05,,0.33,0.4,0.13,8.49,9.54,88.99
279,2015,0.07,3.62,3.3,0.26,0.28,0.12,0.02,4.03,7.33,54.98
279,2020,"<0,0022",6.7,2.7,0.12,0.45,0.28,"<0,10",7.43,14.3,51.96
281,1995,0.09,6.49,3.22,0.21,0.32,0.7,0.06,7.57,10.79,70.16
281,2000,0.13,5.91,3.42,0.25,0.34,0.76,0.06,7.07,10.49,67.4
281,2005,0.02,5.24,3.15,0.18,0.37,0.78,0.01,6.4,9.55,67.02
281,2010,0.09,4.77,3.53,0.23,0.55,0.8,0.08,6.2,9.73,63.7
281,2015,,6.54,2.55,,0.56,0.06,0.03,7.19,9.74,73.83
281,2020,"<0,0022",7.4,2.3,0.4,0.33,0.8,"<0,10",8.53,11.3,75.49
283,1995,,11.38,1.27,,0.37,1.27,0.13,13.15,14.42,91.19
283,2000,,10.98,1.13,,0.45,1.2,0.1,12.73,13.86,91.85
283,2005,,10.01,0.9,,0.3,1.08,0.08,11.47,12.37,92.72
283,2010,,16.42,0.6,,0.25,0.55,0.09,17.31,17.91,96.65
283,2015,,7.51,1.58,,1.16,0.52,0.12,9.31,10.89,85.49
283,2020,"<0,0022",34.3,0.8,0.07,0.36,0.6,"<0,10",35.26,50.4,69.96
285,1995,0.1,4.61,3.15,0.26,0.21,0.59,0.03,5.44,8.59,63.33
285,2000,0.07,5.06,2.58,0.18,0.3,0.5,0.06,5.92,8.5,69.65
285,2005,0.14,4.29,3.23,0.3,0.45,0.65,0.01,5.4,8.63,62.57
285,2010,0.14,4.27,2.93,0.28,0.24,0.73,0.08,5.32,8.25,64.49
285,2015,,6.67,1.42,,0.42,0.24,0.05,7.37,8.79,83.85
285,2020,0.02,6.1,3.8,1.1,0.27,0.8,"<0,10",7.17,11.6,61.81
287,1995,,3.37,1.73,,0.45,0.43,0.03,4.28,6.01,71.21
287,2000,,3.08,2.01,,0.35,0.33,0.03,3.79,5.8,65.34
287,2005,,3.25,1.96,,0.27,0.38,0.01,3.91,5.87,66.61
287,2010,0.39,1.2,3.3,0.58,0.11,0.14,0.05,1.5,4.8,31.28
287,2015,0.86,0.86,3.9,1.19,0.12,0.07,0.03,1.08,4.98,21.66
287,2020,0.05,1.1,3.3,0.95,"<0,05",0.1,"<0,10",1.2,4.7,25.53
289,1995,0.16,1.87,3.07,0.39,0.32,0.34,0.05,2.58,5.65,45.66
289,2000,0.09,1.75,3.35,0.18,0.24,0.31,0.06,2.36,5.71,41.33
289,2005,0.07,1.78,2.83,0.12,0.28,0.45,0.01,2.52,5.35,47.1
289,2010,,2.53,2.48,,0.54,1.03,0.06,4.16,6.64,62.65
289,2015,0.21,1.81,3.23,0.42,0.43,0.27,0.02,2.53,5.76,43.91
289,2020,0.01,4,2,0.07,0.6,0.53,"<0,10",5.13,8.2,62.56
291,1995,,5.86,1.58,,0.4,0.61,0.06,6.93,8.51,81.43
291,2000,,7.42,0.83,,0.57,0.7,0.1,8.79,9.62,91.37
291,2005,,5.39,1.43,,0.55,0.43,0.01,6.38,7.81,81.69
291,2010,,2.94,2.03,,0.23,0.37,0.05,3.58,5.61,63.8
291,2015,0.05,3.34,2.03,0.21,0.42,0.12,0.02,3.9,5.93,65.77
291,2020,"<0,0022",12.5,2.3,0.12,0.39,0.37,"<0,10",13.26,13.9,95.4
295,1995,0.58,2.5,4.58,0.88,0.57,0.29,0.03,3.39,7.97,42.53
295,2000,0.39,2.12,4.29,0.53,0.5,0.31,0.06,2.99,7.28,41.07
295,2005,0.14,2.22,3.3,0.3,0.37,0.37,0.01,2.97,6.27,47.37
295,2010,0.07,4.12,3.15,0.21,0.53,0.53,0.06,5.25,8.4,62.49
295,2015,0.6,3.4,4.65,0.95,0.55,0.21,0.51,4.67,9.32,50.11
295,2020,0.01,3.8,2.6,0.1,0.41,0.65,"<0,10",4.86,7.4,65.68
297,1995,,4.12,1.27,,0.32,0.26,0.06,4.76,6.03,78.94
297,2000,,3.74,1.53,,0.34,0.25,0.06,4.39,5.92,74.16
297,2005,,4.96,1.26,,0.3,0.43,0.01,5.7,6.96,81.9
297,2010,,8.05,0.83,,0.57,0.54,0.07,9.23,10.06,91.75
297,2015,,11.41,0.68,,0.19,0.14,0.04,11.78,12.46,94.54
297,2020,"<0,0022",34.6,"<0,75",0.07,0.11,0.33,"<0,10",35.04,49.9,70.22
299,1995,,37.12,0.75,,1.36,0.83,0.23,39.54,40.29,98.14
299,2000,,35.15,0.68,,0.99,0.64,0.15,36.93,37.61,98.19
299,2005,,32.03,0.53,,0.64,0.92,0.19,33.78,34.31,98.46
299,2010,,19.78,0.68,,1.39,0.97,0.07,22.2,22.88,97.03
299,2015,,25.87,0.6,,0.67,0.96,0.07,27.58,28.18,97.87
299,2020,"<0,0022",44.8,0.9,0.11,1.07,0.92,"<0,10",46.79,50.3,93.02
301,1995,0.28,10.63,5.25,0.49,0.42,1.36,0.13,12.54,17.79,70.49
301,2000,0.23,10.23,4.7,0.29,0.46,1.38,0.1,12.17,16.87,72.14
301,2005,0.02,11.9,3.6,0.11,0.38,1.76,0.08,14.12,17.72,79.68
301,2010,0.58,7.73,5.78,0.84,0.24,1.69,0.08,9.74,15.52,62.76
301,2015,0.62,4.82,7.13,1.02,1.3,0.23,0.05,6.4,13.53,47.29
301,2020,"<0,0022",7.2,7.5,0.39,0.58,2.1,0.1,9.98,20.7,48.21
303,1995,1.6,4.37,7.8,2.0,0.51,0.69,0.06,5.63,13.43,41.92
303,2000,1.14,4.24,8.05,1.58,0.86,0.76,0.1,5.96,14.01,42.54
303,2005,,13.34,1.73,,0.75,1.27,0.04,15.4,17.13,89.9
303,2010,2.78,2.65,10.2,3.13,0.39,0.44,0.05,3.53,13.73,25.71
303,2015,1.32,2.97,7.28,1.79,0.72,0.3,0.02,4.01,11.29,35.51
303,2020,0.01,8.9,2.1,0.37,1.57,2.43,"<0,10",12.9,21.9,58.9
305,1995,,5.11,4.87,,0.38,0.55,0.06,6.1,10.97,55.61
305,2000,,5.24,5.02,,0.37,0.75,0.1,6.46,11.48,56.27
305,2005,,4.81,4.73,,0.3,0.61,0.04,5.76,10.49,54.91
305,2010,2.92,2.03,9.0,3.2,0.72,0.46,0.07,3.27,12.27,26.68
305,2015,0.6,2.32,5.55,1.16,0.6,0.57,0.02,3.51,9.06,38.74
305,2020,0.05,3.2,6.5,1.82,0.52,0.75,"<0,10",4.47,11.9,37.56
307,1995,,8.73,1.95,,0.55,1.08,0.1,10.46,12.41,84.29
307,2000,,9.48,1.25,,0.5,0.89,0.1,10.97,12.22,89.77
307,2005,,9.7,1.13,,0.75,0.66,0.03,11.14,12.27,90.79
307,2010,,6.6,2.78,,0.6,1.11,0.08,8.39,11.17,75.12
307,2015,0.1,5.46,2.78,0.26,1.23,0.49,0.03,7.21,9.99,72.17
307,2020,"<0,0022",8.5,1.7,0.09,0.76,1.3,"<0,10",10.56,13.1,80.61
311,1995,,6.49,3.3,,0.38,1.2,0.06,8.13,11.43,71.13
311,2000,,5.74,3.23,,0.65,0.92,0.1,7.41,10.64,69.64
311,2005,,6.05,2.92,,0.49,1.4,0.03,7.97,10.89,73.19
311,2010,,6.74,2.1,,0.52,2.37,0.07,9.7,11.8,82.2
311,2015,,3.87,1.8,,1.53,0.5,0.02,5.92,7.72,76.69
311,2020,"<0,0022",5.7,1.7,0.05,1.01,1,"<0,10",7.71,12.3,62.68
313,1995,,7.48,3.15,,0.58,0.99,0.1,9.15,12.3,74.39
313,2000,,8.98,3.0,,0.68,1.1,0.1,10.86,13.86,78.35
313,2005,,8.89,4.28,,0.97,0.78,0.08,10.72,15.0,71.47
313,2010,,8.15,3.28,,0.56,0.41,0.05,9.17,12.45,73.66
313,2015,0.09,5.44,4.05,0.3,0.6,0.56,0.04,6.63,10.68,62.09
313,2020,0.01,10.4,4.2,0.11,0.58,1.1,"<0,10",12.08,19,63.58
315,1995,,8.58,0.98,,0.51,0.29,0.05,9.43,10.41,90.59
315,2000,,9.11,0.81,,0.66,0.39,0.06,10.22,11.03,92.66
315,2005,,7.96,1.28,,0.85,0.45,0.01,9.27,10.55,87.87
315,2010,,7.86,1.35,,1.32,1.85,0.18,11.22,12.57,89.26
315,2015,,6.04,1.58,,1.32,0.85,0.1,8.31,9.89,84.02
315,2020,"<0,0022",8,2,0.09,0.7,1.25,"<0,10",9.95,15.6,63.78
317,1995,0.5,6.24,4.95,0.68,0.79,2.06,0.1,9.19,14.14,64.99
317,2000,0.91,5.61,5.37,1.13,0.78,1.85,0.06,8.3,13.67,60.72
317,2005,0.42,5.87,4.87,0.68,0.44,1.64,0.03,7.98,12.85,62.1
317,2010,0.33,7.73,4.43,0.63,0.23,2.08,0.19,10.23,14.66,69.78
317,2015,0.35,4.87,4.88,0.61,1.32,0.32,0.15,6.65,11.53,57.67
317,2020,"<0,0022",8.6,3,0.1,0.37,1.37,"<0,10",10.34,15,68.93
319,1995,,12.72,1.28,,1.14,1.45,0.12,15.43,16.71,92.34
319,2000,,13.08,1.4,,0.98,1.17,0.1,15.33,16.73,91.63
319,2005,,12.23,1.2,,1.52,1.27,0.08,15.1,16.3,92.64
319,2010,,12.41,1.2,,1.65,1.79,0.16,17.77,20.92,84.94
319,2015,,8.24,2.03,,0.96,1.15,0.07,10.42,12.45,83.7
319,2020,"<0,0022",8.5,1.4,0.09,1.63,1.37,"<0,10",11.5,21.4,53.74
321,1995,,2.99,3.0,,0.94,0.77,0.06,4.76,7.76,61.34
321,2000,,3.24,2.78,,0.69,0.93,0.06,4.92,7.7,63.9
321,2005,0.28,2.68,3.6,0.58,0.33,0.25,0.01,3.27,6.87,47.6
321,2010,0.07,2.51,2.78,0.28,0.76,1.01,0.15,4.43,7.21,61.44
321,2015,0.16,2.07,3.15,0.39,0.46,0.38,0.07,2.98,6.13,48.57
321,2020,0.01,4.9,1.7,0.11,0.56,0.6,"<0,10",6.06,8.5,71.29
323,1995,,4.37,1.73,,0.23,0.76,0.06,5.42,7.15,75.8
323,2000,,4.72,1.23,,0.2,0.68,0.06,5.66,6.89,82.15
323,2005,,4.12,1.35,,0.18,0.14,0.01,4.45,5.8,76.72
323,2010,0.77,0.84,3.53,0.95,0.09,0.07,0.1,1.09,4.62,23.67
323,2015,1.13,0.32,4.98,1.38,0.09,0.07,0.07,0.55,5.53,9.99
323,2020,"<0,0022",3.5,1.7,0.09,0.07,0.2,"<0,10",3.77,6.7,56.27
325,1995,0.34,3.49,3.98,0.53,0.62,0.46,0.06,4.63,8.61,53.77
325,2000,0.09,3.87,3.25,0.21,0.51,0.58,0.03,4.99,8.24,60.56
325,2005,0.15,3.73,3.15,0.33,0.48,0.48,0.04,4.73,7.88,60.03
325,2010,0.17,2.54,3.45,0.35,0.38,0.26,0.08,3.26,6.71,48.59
325,2015,0.25,1.72,3.38,0.46,0.36,0.47,0.07,2.62,6.0,43.65
325,2020,0.11,3.7,3,0.16,0.23,0.52,"<0,10",4.45,7.2,61.81
327,1995,,2.87,2.47,,0.38,0.29,0.06,3.6,6.07,59.31
327,2000,,2.42,3.15,,0.27,0.25,0.03,2.97,6.12,48.53
327,2005,,2.86,2.9,,0.32,0.16,0.03,3.37,6.27,53.75
327,2010,0.11,3.02,2.78,0.25,0.09,0.53,0.08,3.73,6.51,57.28
327,2015,,6.57,1.5,,0.83,0.12,0.07,7.59,9.09,83.5
327,2020,0.07,1.9,4.2,0.72,0.09,0.33,"<0,10",2.32,7.7,30.13
329,1995,,4.37,1.8,,0.4,0.44,0.06,5.27,7.07,74.54
329,2000,,3.94,1.85,,0.42,0.5,0.03,4.89,6.74,72.55
329,2005,0.14,3.37,2.78,0.32,0.56,0.86,0.07,4.86,7.64,63.61
329,2010,1.12,3.3,5.33,1.4,0.76,0.59,0.07,4.72,10.05,46.97
329,2015,0.15,4.19,2.78,0.4,0.88,0.42,0.08,5.58,8.36,66.74
329,2020,0.01,4,3.3,0.14,0.91,0.72,"<0,10",5.63,11.3,49.82
331,1995,,4.49,2.85,,0.7,1.27,0.06,6.52,9.37,69.58
331,2000,,4.86,2.93,,0.53,1.06,0.1,6.55,9.48,69.09
331,2005,0.06,4.37,3.15,0.18,0.44,1.15,0.05,6.01,9.16,65.61
331,2010,,4.01,2.48,,0.32,0.71,0.05,5.09,7.57,67.24
331,2015,0.16,2.72,2.7,0.32,0.76,0.46,0.06,4.0,6.7,59.7
331,2020,"<0,0022",4.4,3.1,0.1,0.49,0.78,"<0,10",5.67,10.9,52.02
333,1995,,16.97,1.95,,0.64,0.77,0.1,18.48,20.43,90.46
333,2000,,17.99,2.05,,0.42,0.6,0.1,19.11,21.16,90.31
333,2005,,18.53,2.7,,0.89,0.98,0.07,20.47,23.17,88.35
333,2010,,6.25,2.25,,0.28,0.56,0.07,7.16,9.41,76.08
333,2015,0.12,5.26,2.85,0.28,0.56,0.24,0.03,6.09,8.94,68.12
333,2020,"<0,0022",12,1.1,0.07,0.33,0.47,"<0,10",12.8,18.7,68.45
335,1995,,15.37,1.2,,1.31,2.89,0.13,19.7,20.9,94.26
335,2000,,14.77,1.32,,1.58,2.59,0.13,19.07,20.39,93.53
335,2005,,16.28,1.58,,1.36,2.63,0.14,20.41,21.99,92.81
335,2010,,18.44,1.28,,1.58,3.09,0.15,23.26,24.54,94.78
335,2015,,16.24,1.5,,1.85,0.26,0.32,18.4,19.9,92.46
335,2020,"<0,0022",28.3,1.4,0.11,0.77,1.53,"<0,10",30.6,50.6,60.47
337,1995,0.14,3.87,3.0,0.35,0.4,0.44,0.06,4.77,7.77,61.39
337,2000,0.06,4.24,2.65,0.2,0.32,0.79,0.06,5.41,8.06,67.12
337,2005,,6.45,1.05,,0.34,0.92,0.09,7.8,8.85,88.14
337,2010,,6.64,1.5,,0.24,0.7,0.07,7.64,9.14,83.59
337,2015,,3.87,2.1,,0.67,0.16,0.03,4.73,6.83,69.24
337,2020,0.01,7.4,1.4,0.07,0.17,0.89,"<0,10",8.46,14.9,56.78
339,1995,,8.73,0.83,,0.23,0.54,0.1,9.6,10.43,92.04
339,2000,,8.11,0.75,,0.3,0.29,0.06,8.76,9.51,92.11
339,2005,,8.61,1.05,,0.39,0.32,0.04,9.36,10.41,89.91
339,2010,,5.67,1.28,,0.58,0.41,0.06,6.71,7.99,83.97
339,2015,,4.57,1.43,,0.32,0.4,0.07,5.36,6.79,78.93
339,2020,"<0,0022",6.4,1.4,0.09,0.39,0.43,"<0,10",7.22,13,55.54
341,1995,0.12,2.49,2.47,0.26,0.3,0.45,0.06,3.3,5.77,57.19
341,2000,0.09,2.69,2.33,0.18,0.19,0.41,0.03,3.32,5.65,58.76
341,2005,,11.01,0.98,,0.2,1.21,0.09,12.51,13.49,92.74
341,2010,0.03,3.2,2.85,0.14,0.16,0.33,0.05,3.74,6.59,56.77
341,2015,0.16,1.82,2.85,0.3,0.4,0.39,0.03,2.65,5.5,48.18
341,2020,0.07,5.6,2.6,0.1,0.23,1.3,"<0,10",7.13,42.2,16.9
343,1995,,5.69,0.98,,0.34,1.27,0.05,7.35,8.33,88.24
343,2000,,6.19,0.9,,0.23,1.31,0.03,7.76,8.66,89.61
343,2005,,6.54,0.98,,0.29,1.54,0.03,8.4,9.38,89.55
343,2010,,7.07,0.75,,0.8,4.69,0.08,12.64,13.39,94.4
343,2015,,7.92,1.05,,17.08,0.5,0.06,25.56,26.61,96.05
343,2020,0.02,4.7,0.9,0.07,0.16,3.47,"<0,10",8.33,50.3,16.56
345,1995,,9.08,0.98,,0.54,0.48,0.08,10.18,11.16,91.22
345,2000,,8.98,0.9,,0.45,0.38,0.06,9.87,10.77,91.64
345,2005,,9.97,1.13,,0.32,0.49,0.1,10.88,12.01,90.59
345,2010,,10.05,1.13,,0.68,0.55,0.05,11.32,12.45,90.93
345,2015,,9.11,1.05,,0.24,0.34,0.03,9.72,10.77,90.25
345,2020,"<0,0022",8.9,1.4,0.11,0.96,0.57,"<0,10",10.43,16.6,62.83
347,1995,0.09,5.24,2.47,0.18,0.36,0.71,0.06,6.37,8.84,72.06
347,2000,0.11,6.08,1.99,0.18,0.38,0.71,0.06,7.23,9.22,78.42
347,2005,0.09,5.96,2.1,0.16,0.47,0.82,0.01,7.26,9.36,77.56
347,2010,,5.82,2.1,,0.42,0.23,0.1,6.56,8.66,75.75
347,2015,,5.94,1.95,,1.77,0.32,0.01,8.03,9.98,80.47
347,2020,"<0,0022",8.4,2,0.09,0.64,1.28,"<0,10",10.32,17,60.71
349,1995,,6.74,2.62,,0.72,0.99,0.06,8.51,11.13,76.46
349,2000,,6.74,2.97,,0.61,1.01,0.06,8.42,11.39,73.92
349,2005,,6.51,2.4,,0.51,0.98,0.01,8.01,10.41,76.95
349,2010,0.14,6.07,3.08,0.25,0.49,2.18,0.05,8.78,11.86,74.03
349,2015,0.42,4.69,3.6,0.63,1.35,0.32,0.03,6.4,10.0,64.01
349,2020,"<0,0022",7.4,3.5,0.18,0.34,1.5,"<0,10",9.24,13.5,68.44
351,1995,0.24,5.11,4.5,0.47,0.23,0.48,0.06,5.88,10.38,56.65
351,2000,0.0,10.73,1.43,0.0,0.37,0.81,0.1,12.01,13.44,89.36
351,2005,,6.83,2.93,,0.16,0.49,0.02,7.5,10.43,71.91
351,2010,0.11,4.76,3.98,0.23,0.15,0.49,0.09,5.48,9.46,57.92
351,2015,0.14,5.91,3.23,0.32,0.69,0.22,0.02,6.84,10.07,67.93
351,2020,"<0,0022",10.3,1.2,0.07,0.47,1,"<0,10",11.77,25.4,46.34
353,1995,,19.96,0.75,,1.36,2.56,0.18,24.06,24.81,96.98
353,2000,,18.77,1.05,,0.98,1.97,0.18,21.9,22.95,95.42
353,2005,,16.41,1.2,,0.92,1.71,0.16,19.2,20.4,94.12
353,2010,,18.62,0.83,,0.33,2.74,0.09,21.78,22.61,96.33
353,2015,,15.25,0.98,,1.44,0.25,0.05,16.99,17.97,94.55
353,2020,0.01,18.1,1.1,0.09,0.2,1.3,"<0,10",19.6,32.5,60.31
355,1995,,13.97,2.03,,0.56,1.33,0.15,16.01,18.04,88.75
355,2000,,13.77,1.98,,0.57,1.62,0.18,16.14,18.12,89.07
355,2005,,16.92,1.13,,0.32,1.35,0.2,18.79,19.92,94.33
355,2010,,17.29,1.28,,0.69,1.3,0.08,19.36,20.64,93.8
355,2015,,10.83,1.35,,0.88,0.5,0.08,12.28,13.63,90.1
355,2020,0.36,10.4,1.5,0.07,0.45,0.88,"<0,10",11.73,16.6,70.66
357,1995,,5.61,2.77,,0.21,0.68,0.06,6.56,9.33,70.31
357,2000,,6.49,2.83,,0.25,0.71,0.03,7.48,10.31,72.55
357,2005,,5.36,2.8,,0.41,0.58,0.03,6.38,9.18,69.5
357,2010,,5.61,1.35,,0.25,0.58,0.07,6.51,7.86,82.82
357,2015,0.07,4.69,1.95,0.23,0.75,0.24,0.03,5.71,7.66,74.54
357,2020,0.02,6.4,2.3,0.07,0.2,0.63,"<0,10",7.23,9.5,76.11
359,1995,,5.36,1.43,,0.53,0.48,0.06,6.43,7.86,81.81
359,2000,,4.99,1.5,,0.42,0.37,0.03,5.81,7.31,79.48
359,2005,,4.73,1.65,,0.5,0.48,0.02,5.73,7.38,77.64
359,2010,0.06,4.07,2.55,0.18,0.4,0.4,0.07,4.95,7.5,65.98
359,2015,0.1,2.74,3.0,0.28,0.77,0.53,0.03,4.08,7.08,57.61
359,2020,"<0,0022",5.2,1.2,0.07,0.17,2.03,"<0,10",7.4,11.8,62.71
361,1995,1.38,1.12,4.8,1.63,0.21,0.16,0.06,1.55,6.35,24.41
361,2000,1.51,0.95,4.68,1.77,0.23,0.14,0.03,1.35,6.03,22.39
361,2005,1.34,0.86,4.73,1.73,0.24,0.18,0.03,1.31,6.04,21.69
361,2010,1.17,0.99,3.75,1.35,0.15,0.08,0.07,1.29,5.04,25.57
361,2015,0.72,0.57,3.9,1.0,0.18,0.15,0.02,0.93,4.83,19.2
361,2020,0.1,1.3,3.6,0.88,0.19,0.3,"<0,10",1.79,6.8,26.32
363,1995,2.83,1.62,6.38,3.22,0.34,0.34,0.03,2.33,8.71,26.75
363,2000,3.01,1.87,6.0,3.36,0.23,0.3,0.06,2.46,8.46,29.08
363,2005,3.25,1.14,6.75,3.62,0.32,0.25,0.01,1.72,8.47,20.31
363,2010,1.56,1.77,5.1,1.82,0.44,0.26,0.08,2.56,7.66,33.4
363,2015,1.28,1.5,5.18,1.65,0.35,0.34,0.01,2.19,7.37,29.74
363,2020,0.01,10.4,0.8,0.07,0.22,3.15,"<0,10",13.77,24,57.38
365,1995,0.24,8.61,3.6,0.35,0.36,1.57,0.06,10.6,14.2,74.65
365,2000,0.11,9.48,2.85,0.25,0.5,2.06,0.06,12.1,14.95,80.94
365,2005,0.15,8.36,3.33,0.24,0.39,1.49,0.02,10.26,13.59,75.5
365,2010,,12.57,3.15,,0.6,4.49,0.1,17.77,20.92,84.94
365,2015,0.26,14.47,3.45,0.4,5.39,0.38,0.04,20.29,23.74,85.47
365,2020,"<0,0022",11.9,2.6,0.11,0.44,3.63,"<0,10",15.97,17,93.94
367,1995,1.05,0.87,3.68,1.33,0.23,0.16,0.03,1.29,4.97,25.96
367,2000,0.03,1.68,1.08,0.14,0.27,0.18,0.03,2.16,3.24,66.67
367,2005,0.07,1.98,2.93,0.38,0.36,0.25,0.03,2.62,5.55,47.21
367,2010,0.05,2.02,2.1,0.12,0.22,0.2,0.06,2.49,4.59,54.25
367,2015,0.4,0.72,2.63,0.68,0.23,0.21,0.02,1.18,3.81,31.02
367,2020,0.19,1,4.3,1.53,0.38,0.24,"<0,10",1.62,6.2,26.13
369,1995,0.84,0.62,3.0,1.12,0.19,0.11,0.03,0.95,3.95,24.05
369,2000,1.15,1.01,2.8,1.33,0.13,0.17,0.03,1.34,4.14,32.37
369,2005,0.02,1.66,1.73,0.11,0.33,0.61,0.02,2.62,4.35,60.23
369,2010,,2.2,1.13,,0.23,0.57,0.08,3.08,4.21,73.13
369,2015,,1.15,1.2,,0.68,0.14,0.02,1.98,3.18,62.28
369,2020,"<0,0022",23.6,1.1,0.09,0.25,1,"<0,10",24.85,45.3,54.86
371,1995,,13.72,1.35,,0.38,0.35,0.1,14.55,15.9,91.51
371,2000,,12.32,1.25,,0.34,0.48,0.06,13.2,14.45,91.35
371,2005,,12.98,1.35,,0.61,1.12,0.06,14.77,16.12,91.63
371,2010,,16.4,3.15,,1.23,3.99,0.15,21.78,24.93,87.36
371,2015,,13.15,2.48,,5.14,1.14,0.3,19.73,22.21,88.84
371,2020,"<0,0022",16,4.2,0.1,0.32,4.17,"<0,10",20.49,26.6,77.03
373,1995,0.18,3.49,3.45,0.32,0.51,0.64,0.06,4.7,8.15,57.67
373,2000,0.39,3.74,3.25,0.54,0.41,0.84,0.06,5.05,8.3,60.84
373,2005,0.33,3.99,2.95,0.41,0.67,1.62,0.03,6.31,9.26,68.14
373,2010,0.13,2.77,3.3,0.35,0.4,0.26,0.08,3.52,6.82,51.63
373,2015,0.56,1.52,3.9,0.86,0.25,0.18,0.03,1.98,5.88,33.7
373,2020,0.03,5.1,3.8,0.37,0.15,0.63,"<0,10",5.88,10,58.8
375,1995,,7.98,1.5,,0.3,1.52,0.06,9.86,11.36,86.8
375,2000,,8.98,1.31,,0.4,1.48,0.06,10.92,12.23,89.29
375,2005,,8.11,2.18,,0.31,1.91,0.03,10.36,12.54,82.62
375,2010,,8.41,1.35,,0.3,0.88,0.13,9.72,11.07,87.81
375,2015,0.14,6.81,2.1,0.33,1.46,0.23,0.03,8.54,10.64,80.26
375,2020,"<0,0022",26.4,0.8,0.11,0.19,3.48,0.16,30.23,50,60.46
377,1995,1.03,8.36,6.75,1.4,0.47,1.45,0.1,10.38,17.13,60.6
377,2000,1.01,8.23,7.22,1.23,0.42,1.84,0.13,10.62,17.84,59.53
377,2005,1.26,8.28,8.47,1.62,0.54,1.85,0.09,10.76,19.23,55.95
377,2010,0.03,11.84,3.0,0.21,0.3,1.95,0.13,14.23,17.23,82.59
377,2015,0.17,11.58,3.08,0.54,1.76,0.29,0.09,13.73,16.81,81.67
377,2020,"<0,0022",15.6,3,0.11,0.21,2.2,"<0,10",18.01,22.6,79.69
379,1995,0.44,1.87,3.83,0.7,0.4,0.18,0.06,2.51,6.34,39.59
379,2000,0.79,1.55,4.17,1.13,0.43,0.21,0.06,2.25,6.42,35.05
379,2005,0.07,1.94,3.25,0.18,0.35,0.25,0.01,2.55,5.8,43.97
379,2010,0.09,2.53,3.0,0.21,0.38,0.29,0.09,3.29,6.29,52.29
379,2015,0.19,1.55,3.38,0.4,0.24,0.39,0.06,2.24,5.62,39.87
379,2020,0.31,"<0,10",5.7,13.9,0.09,0.07,"<0,10",0.16,5.9,2.71
381,1995,,11.37,1.28,,0.87,0.75,0.1,13.09,14.37,91.09
381,2000,,10.88,1.13,,0.69,0.65,0.1,12.32,13.45,91.6
381,2005,,12.43,1.43,,0.59,0.95,0.18,14.15,15.58,90.82
381,2010,,8.47,1.13,,1.25,0.19,0.16,10.07,11.2,89.91
381,2015,,8.0,1.5,,0.84,0.63,0.03,9.5,11.0,86.37
381,2020,0.26,7.7,1.4,0.09,0.76,0.78,"<0,10",9.24,14.6,63.29
383,1995,,10.75,2.25,,0.23,0.66,0.06,11.7,13.95,83.87
383,2000,,9.98,2.45,,0.21,0.66,0.1,10.95,13.4,81.72
383,2005,,8.88,3.23,,0.1,1.13,0.02,10.13,13.36,75.82
383,2010,0.16,6.83,3.6,0.28,0.14,0.86,0.11,7.94,11.54,68.81
383,2015,0.19,6.71,3.15,0.35,1.04,0.17,0.09,8.01,11.16,71.79
383,2020,0.01,7.7,3.2,0.14,0.14,1.23,"<0,10",9.07,13.6,66.69
385,1995,1.05,1.0,4.2,1.26,0.21,0.17,0.03,1.41,5.61,25.13
385,2000,1.01,0.75,4.13,1.24,0.19,0.11,0.03,1.08,5.21,20.73
385,2005,0.54,1.32,3.98,0.79,0.22,0.25,0.01,1.8,5.78,31.14
385,2010,1.38,0.37,4.8,1.63,0.14,0.06,0.1,0.68,5.48,12.33
385,2015,1.77,0.12,4.58,2.1,0.07,0.09,0.07,0.35,4.93,7.04
385,2020,0.03,0.9,4.8,1.79,0.14,0.15,"<0,10",1.19,4.8,24.79
387,1995,,4.99,2.47,,0.7,0.84,0.1,6.63,9.1,72.86
387,2000,,5.39,2.25,,0.59,1.03,0.06,7.07,9.32,75.86
387,2005,,4.92,3.28,,0.47,1.12,0.04,6.55,9.83,66.63
387,2010,0.14,3.69,3.38,0.3,0.47,0.95,0.13,5.22,8.6,60.72
387,2015,0.21,3.22,3.0,0.39,0.72,0.34,0.07,4.34,7.34,59.13
387,2020,"<0,0022",3.5,2.8,0.09,0.33,0.59,"<0,10",4.42,8.7,50.8
389,1995,,4.24,2.77,,0.42,0.73,0.06,5.45,8.22,66.3
389,2000,,5.04,2.48,,0.59,1.1,0.06,6.79,9.27,73.25
389,2005,0.09,4.29,2.7,0.23,0.6,0.8,0.04,5.73,8.43,67.97
389,2010,0.09,5.6,2.03,0.18,0.57,0.88,0.1,7.16,9.19,77.91
389,2015,,3.74,2.18,,1.14,0.84,0.11,5.83,8.01,72.79
389,2020,0.01,6.3,1.4,0.07,0.6,1,"<0,10",7.9,11.2,70.54
393,1995,0.16,6.49,2.85,0.49,0.34,0.72,0.06,7.61,10.46,72.75
393,2000,0.0,6.86,2.63,0.0,0.29,0.75,0.1,8.0,10.63,75.26
393,2005,,6.59,2.55,,0.35,0.68,0.04,7.66,10.21,75.02
393,2010,,5.02,1.05,,0.25,0.16,0.15,5.58,6.63,84.15
393,2015,,6.26,1.2,,0.23,0.16,0.05,6.71,7.91,84.83
393,2020,"<0,0022",8.4,1.7,0.07,0.32,0.82,"<0,10",9.54,13.9,68.63
395,1995,,13.57,1.95,,0.68,1.11,0.1,15.46,17.41,88.8
395,2000,,14.73,1.88,,0.5,0.85,0.1,16.18,18.06,89.59
395,2005,,14.51,1.83,,0.39,1.12,0.18,16.2,18.03,89.85
395,2010,,7.65,1.58,,0.34,0.81,0.07,8.88,10.46,84.9
395,2015,,7.38,1.43,,0.66,0.45,0.05,8.55,9.98,85.67
395,2020,"<0,0022",12.1,0.9,0.07,0.34,0.6,"<0,10",13.04,18.1,72.04
397,1995,0.65,3.74,4.8,0.81,0.23,0.52,0.06,4.55,9.35,48.66
397,2000,0.47,4.24,4.43,0.63,0.28,0.64,0.1,5.26,9.69,54.28
397,2005,,6.54,1.5,,0.79,0.92,0.05,8.3,9.8,84.69
397,2010,,7.37,2.33,,0.91,0.91,0.08,9.26,11.59,79.89
397,2015,,6.63,1.65,,0.57,0.58,0.04,7.81,9.46,82.56
397,2020,"<0,0022",6.9,2.9,0.12,0.35,0.48,"<0,10",7.73,13.5,57.26
399,1995,0.19,4.74,3.38,0.33,0.47,1.02,0.06,6.29,9.67,65.05
399,2000,0.0,7.03,1.48,0.04,0.38,1.23,0.1,8.74,10.22,85.52
399,2005,0.05,6.24,3.15,0.19,0.35,1.06,0.02,7.67,10.82,70.89
399,2010,,6.03,2.58,,0.15,0.5,0.11,6.8,9.38,72.5
399,2015,,7.34,1.65,,0.81,0.19,0.08,8.41,10.06,83.6
399,2020,0.01,9.3,"<0,75",0.14,0.38,0.4,"<0,10",10.08,16.1,62.61
401,1995,,12.37,0.75,,0.37,1.41,0.1,14.25,15.0,95.0
401,2000,,13.77,0.6,,0.43,1.29,0.1,15.59,16.19,96.29
401,2005,,13.23,0.9,,0.42,0.98,0.1,14.73,15.63,94.24
401,2010,,5.97,1.5,,0.61,0.46,0.06,7.1,8.6,82.55
401,2015,,6.38,1.95,,0.42,0.35,0.03,7.18,9.13,78.64
401,2020,"<0,0022",5.6,2.6,0.1,0.67,0.65,"<0,10",6.92,12.8,54.06
403,1995,,27.14,0.75,,1.36,1.41,0.18,30.09,30.84,97.57
403,2000,,25.43,1.05,,0.88,1.1,0.13,27.54,28.59,96.33
403,2005,,28.12,0.89,,1.11,0.94,0.11,30.28,31.17,97.14
403,2010,,11.12,1.28,,0.54,0.86,0.07,12.6,13.88,90.78
403,2015,,12.2,1.8,,0.89,0.31,0.04,13.44,15.24,88.19
403,2020,0.08,14.7,1.2,0.3,0.49,1.18,"<0,10",16.37,20.2,81.04
405,1995,,10.38,1.8,,0.85,1.36,0.13,12.72,14.52,87.6
405,2000,,9.68,1.95,,0.72,1.08,0.1,11.58,13.53,85.59
405,2005,,9.11,2.25,,0.55,1.25,0.08,10.99,13.24,83.01
405,2010,0.05,5.71,4.05,0.19,0.22,0.77,0.09,6.79,10.84,62.63
405,2015,1.03,3.32,5.7,1.38,0.86,0.45,0.05,4.68,10.38,45.07
405,2020,"<0,0022",7.9,0.9,0.07,0.29,3.93,0.16,12.28,16.1,76.27
407,1995,,11.73,2.03,,0.68,1.58,0.1,14.09,16.12,87.41
407,2000,,10.97,1.75,,0.68,1.39,0.06,13.1,14.85,88.22
407,2005,,11.24,1.43,,0.67,1.05,0.1,13.06,14.49,90.13
407,2010,,10.17,2.4,,0.54,0.9,0.14,11.75,14.15,83.04
407,2015,0.16,8.06,3.45,0.35,1.79,0.48,0.06,10.38,13.83,75.06
407,2020,"<0,0022",15.2,2.3,0.09,0.52,1.75,"<0,10",17.47,19.1,91.47
409,1995,0.59,4.37,5.48,0.84,0.53,0.43,0.06,5.39,10.87,49.59
409,2000,0.04,5.01,3.21,0.18,0.53,0.64,0.06,6.24,9.45,66.03
409,2005,0.02,4.87,3.4,0.14,0.67,0.62,0.05,6.21,9.61,64.62
409,2010,0.11,5.11,3.53,0.23,0.55,0.86,0.12,6.64,10.17,65.28
409,2015,0.23,4.22,3.68,0.42,1.28,0.2,0.15,5.85,9.53,61.37
409,2020,"<0,0022",12,2.4,0.14,0.62,1.18,0.46,14.26,17,83.88
411,1995,,20.76,1.05,,0.9,1.12,0.18,22.96,24.01,95.63
411,2000,,21.97,1.05,,1.15,1.35,0.13,24.6,25.65,95.91
411,2005,,19.72,1.18,,0.61,1.18,0.15,21.66,22.84,94.83
411,2010,,19.7,1.35,,2.03,2.47,0.08,24.27,25.62,94.73
411,2015,,16.46,1.73,,1.45,0.49,0.05,18.44,20.17,91.42
411,2020,0.01,6.3,3.2,0.1,0.3,2.27,"<0,10",8.87,13.6,65.22
413,1995,,10.73,2.0,,0.81,1.17,0.06,12.77,14.77,86.46
413,2000,,9.98,2.1,,0.95,1.31,0.1,12.34,14.44,85.46
413,2005,,13.79,2.68,,0.34,0.9,0.06,15.09,17.77,84.92
413,2010,0.88,6.82,6.15,1.14,0.33,0.75,0.05,7.95,14.1,56.38
413,2015,1.42,5.26,6.9,1.84,0.93,0.28,0.04,6.51,13.41,48.54
413,2020,0.01,12.6,4.7,0.16,0.39,1.05,"<0,10",14.04,21.3,65.92
415,1995,,14.97,1.05,,0.69,1.32,0.18,17.16,18.21,94.23
415,2000,,13.27,1.13,,0.66,1.2,0.13,15.26,16.39,93.11
415,2005,,13.07,1.28,,0.36,1.35,0.16,14.94,16.22,92.11
415,2010,0.76,5.35,6.08,1.02,0.43,0.81,0.05,6.64,12.72,52.21
415,2015,0.89,3.92,6.6,1.28,1.14,0.41,0.06,5.52,12.12,45.55
415,2020,"<0,0022",7.2,5.7,0.33,0.51,1.18,"<0,10",8.89,16.1,55.22
417,1995,2.08,2.49,7.2,2.5,0.23,0.46,0.06,3.24,10.44,31.03
417,2000,1.61,2.89,6.72,2.01,0.27,0.61,0.06,3.83,10.55,36.3
417,2005,1.47,3.19,6.37,1.84,0.13,0.86,0.02,4.2,10.57,39.74
417,2010,0.63,4.33,7.2,1.0,0.69,1.23,0.07,6.32,13.52,46.75
417,2015,2.01,3.59,6.38,2.4,1.07,0.4,0.01,5.08,11.46,44.32
417,2020,"<0,0022",24.4,2.1,0.12,0.3,1.65,"<0,10",26.35,27.3,96.52
419,1995,0.11,7.61,3.98,0.25,0.28,0.49,0.1,8.48,12.46,68.06
419,2000,0.12,7.36,4.15,0.38,0.25,0.61,0.1,8.32,12.47,66.72
419,2005,0.41,6.84,4.05,0.48,0.34,0.57,0.08,7.83,11.88,65.91
419,2010,2.49,2.89,8.18,2.77,0.54,0.53,0.18,4.14,12.32,33.59
419,2015,2.61,2.54,8.48,3.01,0.7,0.43,0.03,3.71,12.19,30.41
419,2020,"<0,0022",3.7,7.5,1.45,0.58,0.93,"<0,10",5.21,12.7,41.02
421,1995,,6.19,1.5,,0.52,0.87,0.08,7.66,9.16,83.62
421,2000,,6.13,1.65,,0.49,1.06,0.13,7.81,9.46,82.56
421,2005,,5.56,2.4,,0.47,0.97,0.04,7.04,9.44,74.58
421,2010,0.1,4.68,2.33,0.19,0.45,0.99,0.13,6.24,8.57,72.82
421,2015,0.24,3.37,2.93,0.47,0.76,0.53,0.16,4.82,7.75,62.18
421,2020,"<0,0022",4.6,2.4,0.2,0.47,0.88,"<0,10",5.95,9.8,60.71
423,1995,0.07,6.99,3.68,0.26,0.42,1.23,0.1,8.74,12.42,70.37
423,2000,0.11,6.49,4.08,0.3,0.55,0.95,0.13,8.12,12.2,66.56
423,2005,0.12,6.29,3.9,0.3,0.39,0.86,0.12,7.66,11.56,66.26
423,2010,0.6,4.69,5.4,0.81,0.53,1.36,0.17,6.74,12.14,55.51
423,2015,0.79,4.37,5.33,1.09,1.29,0.34,0.02,6.01,11.34,53.01
423,2020,0.07,5.7,5.1,0.77,0.26,1.08,"<0,10",7.04,15.3,46.01
425,1995,,10.98,1.2,,0.53,0.84,0.19,12.54,13.74,91.27
425,2000,,9.49,1.07,,0.36,0.62,0.1,10.57,11.64,90.81
425,2005,,9.06,1.31,,0.3,0.65,0.12,10.13,11.44,88.55
425,2010,0.23,4.39,5.18,0.37,0.35,0.54,0.17,5.45,10.63,51.28
425,2015,0.18,4.72,4.5,0.37,0.76,0.37,0.01,5.85,10.35,56.54
425,2020,"<0,0022",11.7,1.2,0.07,0.98,0.83,"<0,10",13.51,22.2,60.86
427,1995,0.26,10.23,5.25,0.4,0.4,2.96,0.1,13.69,18.94,72.28
427,2000,0.01,10.97,4.08,0.2,0.5,2.87,0.13,14.47,18.55,78.01
427,2005,0.06,12.87,3.88,0.25,0.46,2.3,0.08,15.71,19.59,80.19
427,2010,0.12,11.25,4.65,0.33,0.33,2.37,0.19,14.13,18.78,75.24
427,2015,0.6,8.91,5.7,0.95,2.49,0.25,0.05,11.69,17.39,67.23
427,2020,0.01,12.7,3.9,0.18,0.17,1.92,"<0,10",14.79,22.1,66.92
429,1995,,11.98,3.9,,0.96,1.53,0.13,14.6,18.5,78.92
429,2000,,11.98,4.28,,0.81,1.64,0.1,14.53,18.81,77.25
429,2005,,11.29,3.25,,1.26,1.81,0.13,14.49,17.74,81.68
429,2010,,13.31,3.45,,2.17,1.95,0.17,17.61,21.06,83.62
429,2015,,12.38,2.63,,1.76,0.56,0.03,14.73,17.36,84.85
429,2020,0.06,15.6,2.4,0.11,0.53,1.38,"<0,10",17.51,29.8,58.76
431,1995,,5.99,2.33,,0.36,1.05,0.1,7.5,9.83,76.3
431,2000,,6.73,1.85,,0.19,1.51,0.06,8.49,10.34,82.11
431,2005,,6.24,1.73,,0.3,1.03,0.02,7.59,9.32,81.44
431,2010,,6.64,1.5,,0.45,2.26,0.06,9.41,10.91,86.25
431,2015,0.19,4.39,2.85,0.37,1.55,0.25,0.01,6.2,9.05,68.51
431,2020,0.03,5.1,3.8,0.19,0.17,1.15,"<0,10",6.42,10.8,59.44
433,1995,,9.11,4.05,,0.38,1.6,0.16,11.25,15.3,73.53
433,2000,,10.97,3.6,,0.38,1.8,0.16,13.31,16.91,78.71
433,2005,,15.55,0.83,,0.3,1.31,0.18,17.34,18.17,95.43
433,2010,,14.27,0.68,,0.4,2.32,0.09,17.08,17.76,96.17
433,2015,,10.46,0.83,,1.53,0.27,0.04,12.3,13.13,93.68
433,2020,"<0,0022",31.9,0.8,0.05,0.25,0.69,"<0,10",32.84,49.4,66.48
435,1995,,8.98,2.33,,0.38,2.96,0.1,12.42,14.75,84.2
435,2000,,9.23,1.95,,0.36,2.43,0.06,12.08,14.03,86.1
435,2005,,16.24,1.13,,0.55,2.43,0.18,19.4,20.53,94.5
435,2010,,15.34,0.98,,0.77,5.14,0.07,21.32,22.3,95.61
435,2015,,8.67,1.2,,14.61,0.49,0.04,23.81,25.01,95.2
435,2020,0.02,16.1,2.1,0.11,0.34,4.23,"<0,10",20.67,23.3,88.71
437,1995,0.11,5.49,2.85,0.23,0.4,1.05,0.1,7.04,9.89,71.18
437,2000,0.03,5.74,2.6,0.1,0.47,0.83,0.06,7.1,9.7,73.2
437,2005,0.09,5.29,3.08,0.25,0.4,0.9,0.04,6.63,9.71,68.28
437,2010,0.09,4.26,3.0,0.21,0.4,0.86,0.09,5.62,8.62,65.18
437,2015,0.16,3.62,2.63,0.35,0.76,0.35,0.07,4.8,7.43,64.59
437,2020,0.01,8.8,3,0.09,0.25,1.52,"<0,10",10.57,17.5,60.4
439,1995,0.94,5.49,4.8,1.12,0.25,0.92,0.06,6.72,11.52,58.33
439,2000,1.05,5.24,4.65,1.35,0.32,0.94,0.03,6.53,11.18,58.41
439,2005,0.54,5.06,4.43,0.77,0.23,1.03,0.04,6.36,10.79,58.94
439,2010,0.56,7.48,4.28,0.74,0.35,1.91,0.13,9.87,14.15,69.76
439,2015,0.44,6.49,3.75,0.7,1.79,0.38,0.11,8.76,12.51,70.03
439,2020,"<0,0022",10.7,2.9,0.12,0.42,1.57,"<0,10",12.69,14.7,86.33
441,1995,,17.56,1.43,,0.76,2.05,0.15,20.52,21.95,93.49
441,2000,,16.72,1.5,,0.72,1.92,0.1,19.46,20.96,92.84
441,2005,,15.79,1.88,,0.59,1.89,0.09,18.36,20.24,90.71
441,2010,,12.67,1.8,,0.73,1.98,0.16,15.54,17.34,89.62
441,2015,,12.87,1.8,,1.71,0.69,0.1,15.38,17.18,89.52
441,2020,"<0,0022",13.3,1.5,0.09,0.57,1.5,"<0,10",15.37,23.3,65.97
443,1995,,8.98,3.68,,0.49,1.76,0.1,11.33,15.01,75.48
443,2000,,9.73,3.93,,0.61,2.31,0.1,12.75,16.68,76.44
443,2005,0.19,9.63,4.5,0.51,0.56,1.85,0.07,12.11,16.61,72.91
443,2010,,18.56,4.58,,0.73,4.2,0.09,23.57,28.15,83.73
443,2015,0.09,13.77,4.28,0.39,3.28,0.52,0.19,17.76,22.04,80.58
443,2020,0.01,10,5.1,0.16,0.65,2.65,"<0,10",13.3,20.7,64.25
445,1995,,7.23,3.53,,0.28,0.71,0.06,8.28,11.81,70.11
445,2000,,9.14,2.61,,0.4,0.83,0.06,10.43,13.04,79.98
445,2005,,9.28,2.4,,0.35,0.96,0.1,10.69,13.09,81.67
445,2010,0.04,8.82,2.33,0.11,0.33,1.17,0.21,10.54,12.87,81.9
445,2015,0.14,8.13,2.85,0.28,0.86,0.25,0.19,9.44,12.29,76.8
445,2020,"<0,0022",14.7,1.5,0.09,0.31,1.17,"<0,10",16.18,19.5,82.97
447,1995,,12.97,3.3,,0.87,1.09,0.16,15.09,18.39,82.06
447,2000,,11.98,4.83,,0.8,0.97,0.18,13.93,18.76,74.25
447,2005,,13.2,3.45,,0.62,0.98,0.15,14.95,18.4,81.25
447,2010,,18.05,1.58,,1.27,1.34,0.23,20.89,22.47,92.97
447,2015,0.28,5.61,6.64,0.53,0.99,1.27,0.2,8.06,14.7,54.84
447,2020,0.02,6.4,5.1,0.25,0.69,0.58,"<0,10",7.67,15.5,49.48
449,1995,,,2.10,,0.62,1.20,0.10,12.27,14.37,85.39
449,2000,,,2.63,,0.59,1.61,0.16,14.33,16.96,84.49
449,2005,,,2.93,,0.72,1.52,0.08,16.29,19.22,84.76
449,2010,0.08,,3.08,0.19,0.86,1.58,0.13,12.71,15.79,80.49
449,2015,0.14,,3.53,0.39,1.75,0.94,0.09,13.46,16.99,79.22
449,2020,0.01,13.1,5.3,0.18,0.55,1.45,"<0,10",15.1,18.9,79.89
