point_id,year,Al [%],Ca [%],Fe [%],K [%],Mg [%],Na [%],P [%],S [%]
1,1995,0.69,0.06,0.69,0.09,0.08,0.009,0.059,0.012
1,2000,0.58,0.08,0.63,0.07,0.08,0.005,0.053,0.013
1,2005,0.67,0.11,0.55,0.05,0.07,0.009,0.086,0.017
1,2010,0.28,0.05,0.5,0.04,0.05,0.005,0.092,0.012
1,2015,0.28,0.33,0.44,0.02,0.07,0.003,0.11,0.013
1,2020,0.29,0.02,0.29,0.05,0.05,0.002,0.028,0.012
3,1995,0.49,0.1,0.53,0.08,0.06,0.008,0.071,0.011
3,2000,0.36,0.09,0.48,0.06,0.05,0.006,0.068,0.014
3,2005,0.43,0.1,0.54,0.06,0.07,0.005,0.066,0.012
3,2010,0.29,0.07,0.51,0.04,0.05,0.004,0.071,0.011
3,2015,0.32,0.05,0.44,0.04,0.05,0.007,0.07,0.012
3,2020,0.15,0.02,0.18,0.03,0.02,0.002,0.007,0.018
5,1995,1.43,0.18,1.39,0.23,0.25,0.009,0.081,0.015
5,2000,1.29,0.17,1.55,0.22,0.26,0.008,0.088,0.014
5,2005,1.31,0.16,1.31,0.25,0.23,0.009,0.076,0.017
5,2010,0.85,0.18,1.4,0.15,0.19,0.004,0.076,0.016
5,2015,0.73,0.12,1.09,0.1,0.18,0.003,0.07,0.02
5,2020,1.14,0.21,1.35,0.18,0.21,0.005,0.057,0.011
7,1995,1.0,0.29,1.05,0.16,0.18,0.006,0.039,0.02
7,2000,1.18,0.24,1.33,0.23,0.22,0.008,0.034,0.018
7,2005,0.98,0.2,1.34,0.19,0.2,0.007,0.037,0.019
7,2010,0.62,0.13,1.13,0.07,0.13,0.001,0.033,0.014
7,2015,0.72,0.15,0.98,0.07,0.14,0.004,0.03,0.017
7,2020,0.49,0.25,0.6,0.17,0.14,0.004,0.077,0.015
9,1995,0.67,0.32,0.69,0.07,0.15,0.009,0.163,0.045
9,2000,0.57,0.26,0.63,0.05,0.12,0.005,0.183,0.038
9,2005,0.58,0.27,0.7,0.06,0.1,0.01,0.141,0.031
9,2010,0.52,0.21,0.71,0.05,0.05,0.004,0.1,0.03
9,2015,0.4,0.18,0.62,0.02,0.04,0.004,0.09,0.023
9,2020,0.45,0.09,0.43,0.04,0.06,0.002,0.034,0.013
13,1995,1.18,0.16,1.27,0.19,0.19,0.008,0.032,0.017
13,2000,0.99,0.15,1.24,0.16,0.17,0.007,0.04,0.021
13,2005,0.88,0.15,1.1,0.2,0.17,0.009,0.058,0.022
13,2010,0.66,0.14,1.24,0.13,0.15,0.004,0.064,0.019
13,2015,0.48,0.09,0.93,0.09,0.11,0.005,0.06,0.017
13,2020,1.16,0.19,1.56,0.16,0.26,0.01,0.021,0.021
15,1995,0.89,0.11,0.96,0.14,0.17,0.007,0.049,0.014
15,2000,0.82,0.13,1.14,0.18,0.21,0.008,0.046,0.014
15,2005,0.67,0.1,1.0,0.15,0.13,0.008,0.05,0.02
15,2010,0.64,0.09,1.1,0.13,0.14,0.006,0.05,0.019
15,2015,0.44,0.08,0.88,0.07,0.13,0.002,0.05,0.017
15,2020,0.5,0.15,0.54,0.07,0.1,0.004,0.029,0.014
17,1995,0.63,0.32,0.79,0.12,0.11,0.007,0.067,0.012
17,2000,0.56,0.29,0.82,0.11,0.1,0.006,0.08,0.016
17,2005,0.5,0.21,0.78,0.11,0.06,0.008,0.077,0.02
17,2010,0.37,0.15,0.8,0.09,0.07,0.005,0.073,0.016
17,2015,0.38,0.16,0.73,0.1,0.08,0.006,0.07,0.016
17,2020,0.71,3.5,0.77,0.14,0.17,0.008,0.028,0.02
21,1995,1.34,0.32,1.8,0.2,0.25,0.013,0.07,0.016
21,2000,1.17,0.33,2.0,0.18,0.24,0.01,0.08,0.017
21,2005,0.98,0.37,1.81,0.21,0.23,0.016,0.134,0.022
21,2010,0.68,0.39,1.91,0.12,0.19,0.006,0.118,0.029
21,2015,0.78,0.36,1.62,0.13,0.19,0.008,0.1,0.027
21,2020,1.22,0.24,1.53,0.12,0.22,0.011,0.056,0.026
23,1995,1.23,0.35,1.39,0.2,0.24,0.015,0.07,0.014
23,2000,0.92,0.35,1.34,0.17,0.23,0.011,0.08,0.018
23,2005,0.83,0.34,1.11,0.16,0.27,0.014,0.08,0.02
23,2010,0.58,0.23,1.14,0.13,0.15,0.007,0.063,0.015
23,2015,0.59,0.26,1.18,0.12,0.15,0.008,0.06,0.021
23,2020,0.32,0.09,0.61,0.05,0.07,0.009,0.042,0.015
25,1995,2.03,0.53,2.33,0.25,0.41,0.016,0.094,0.05
25,2000,1.89,0.55,2.33,0.22,0.43,0.011,0.103,0.046
25,2005,1.77,0.47,2.22,0.24,0.4,0.016,0.104,0.051
25,2010,1.02,0.4,2.07,0.1,0.29,0.003,0.066,0.048
25,2015,1.26,0.4,1.94,0.13,0.29,0.008,0.06,0.043
25,2020,0.34,0.69,0.36,0.08,0.46,0.008,0.062,0.014
27,1995,1.33,0.21,1.39,0.24,0.23,0.008,0.075,0.026
27,2000,1.1,0.18,1.46,0.26,0.29,0.006,0.09,0.024
27,2005,0.93,0.14,1.06,0.18,0.17,0.007,0.09,0.022
27,2010,0.72,0.17,1.17,0.12,0.18,0.003,0.082,0.02
27,2015,0.75,0.1,1.08,0.16,0.17,0.006,0.08,0.021
27,2020,1.35,0.33,1.87,0.19,0.25,0.006,0.092,0.02
29,1995,1.51,0.13,1.67,0.29,0.24,0.008,0.067,0.025
29,2000,1.3,0.12,1.76,0.29,0.29,0.007,0.066,0.03
29,2005,1.38,0.12,1.49,0.32,0.23,0.012,0.069,0.026
29,2010,0.86,0.11,1.7,0.22,0.22,0.006,0.048,0.019
29,2015,0.9,0.19,1.6,0.25,0.24,0.006,0.05,0.021
29,2020,1.07,0.28,1.32,0.11,0.09,0.005,0.011,0.012
31,1995,1.7,0.14,1.72,0.31,0.34,0.011,0.051,0.011
31,2000,1.23,0.16,1.65,0.28,0.33,0.008,0.064,0.013
31,2005,1.3,0.15,1.51,0.29,0.3,0.012,0.056,0.009
31,2010,0.9,0.11,1.38,0.17,0.26,0.006,0.037,0.011
31,2015,0.7,0.12,1.17,0.15,0.17,0.006,0.04,0.015
31,2020,0.7,0.12,0.87,0.18,0.16,0.004,0.025,0.012
33,1995,3.0,2.55,2.82,0.89,0.67,0.024,0.086,0.029
33,2000,2.07,2.59,2.51,0.65,0.59,0.012,0.093,0.032
33,2005,2.62,2.73,2.24,0.56,0.57,0.011,0.142,0.036
33,2010,1.29,1.49,2.21,0.38,0.55,0.005,0.068,0.025
33,2015,0.89,0.49,1.67,0.25,0.29,0.003,0.06,0.033
33,2020,1.46,0.29,1.63,0.19,0.25,0.008,0.069,0.046
35,1995,1.39,1.5,1.42,0.38,0.53,0.018,0.032,0.015
35,2000,1.17,1.63,1.5,0.3,0.51,0.017,0.036,0.02
35,2005,1.03,1.4,1.13,0.3,0.47,0.01,0.066,0.019
35,2010,0.6,0.66,1.15,0.16,0.66,0.005,0.1,0.016
35,2015,0.51,0.1,0.7,0.11,0.14,0.005,0.05,0.016
35,2020,1.48,0.23,1.53,0.14,0.26,0.009,0.066,0.021
37,1995,0.76,0.2,0.7,0.14,0.21,0.008,0.04,0.015
37,2000,0.69,0.16,0.83,0.14,0.16,0.007,0.05,0.02
37,2005,0.61,0.13,0.73,0.12,0.13,0.008,0.055,0.021
37,2010,0.38,0.11,0.77,0.09,0.11,0.005,0.042,0.015
37,2015,0.36,0.09,0.63,0.09,0.11,0.006,0.05,0.027
37,2020,0.33,0.09,0.53,0.04,0.04,0.002,0.024,0.019
39,1995,0.77,0.14,0.78,0.12,0.11,0.012,0.042,0.021
39,2000,0.71,0.16,0.79,0.1,0.12,0.007,0.04,0.025
39,2005,0.89,0.13,0.94,0.08,0.08,0.007,0.063,0.022
39,2010,0.53,0.15,0.79,0.08,0.11,0.006,0.055,0.018
39,2015,0.5,0.14,0.81,0.06,0.1,0.007,0.05,0.02
39,2020,1.43,0.2,1.92,0.13,0.32,0.005,0.042,0.017
41,1995,1.09,2.6,2.29,0.22,0.33,0.024,0.165,0.066
41,2000,0.97,2.69,2.32,0.2,0.29,0.024,0.152,0.058
41,2005,0.94,2.87,2.53,0.21,0.3,0.018,0.165,0.062
41,2010,0.56,1.67,2.15,0.09,0.21,0.008,0.125,0.055
41,2015,0.44,2.02,1.96,0.05,0.21,0.006,0.12,0.048
41,2020,0.65,0.15,0.77,0.07,0.07,0.004,0.066,0.05
43,1995,1.15,0.85,1.11,0.27,0.27,0.015,0.074,0.03
43,2000,0.98,1.01,1.23,0.25,0.26,0.014,0.08,0.033
43,2005,0.88,0.86,1.23,0.18,0.2,0.009,0.093,0.036
43,2010,0.63,0.27,1.2,0.16,0.25,0.006,0.06,0.029
43,2015,0.64,1.42,0.98,0.15,0.24,0.007,0.06,0.028
43,2020,0.7,0.1,0.42,0.09,0.08,0.003,0.022,0.038
45,1995,0.84,0.11,0.73,0.1,0.09,0.008,0.096,0.015
45,2000,0.69,0.09,0.66,0.07,0.09,0.006,0.096,0.016
45,2005,0.61,0.1,0.72,0.07,0.07,0.01,0.106,0.02
45,2010,0.42,0.08,0.73,0.06,0.08,0.003,0.072,0.029
45,2015,0.38,0.24,0.6,0.03,0.07,0.004,0.08,0.03
45,2020,0.83,0.13,0.94,0.13,0.15,0.004,0.049,0.027
47,1995,0.78,0.27,0.83,0.1,0.13,0.008,0.052,0.011
47,2000,0.67,0.24,0.82,0.1,0.12,0.008,0.046,0.014
47,2005,0.72,0.2,0.83,0.1,0.1,0.016,0.051,0.016
47,2010,0.53,0.07,0.79,0.06,0.08,0.003,0.067,0.013
47,2015,0.41,0.05,0.61,0.0,0.06,0.003,0.04,0.013
47,2020,0.41,0.04,0.38,0.03,0.05,0.002,0.034,0.008
49,1995,0.41,0.07,0.41,0.08,0.06,0.007,0.046,0.02
49,2000,0.36,0.07,0.43,0.07,0.07,0.005,0.046,0.018
49,2005,0.38,0.08,0.47,0.07,0.07,0.009,0.048,0.014
49,2010,0.26,0.08,0.42,0.07,0.05,0.009,0.045,0.014
49,2015,0.19,0.06,0.35,0.04,0.04,0.004,0.05,0.014
49,2020,0.54,0.24,0.7,0.07,0.11,0.02,0.036,0.01
51,1995,0.62,0.16,0.69,0.14,0.11,0.01,0.041,0.015
51,2000,0.46,0.29,0.59,0.09,0.09,0.006,0.055,0.02
51,2005,0.38,0.33,0.59,0.11,0.09,0.007,0.054,0.015
51,2010,0.28,0.09,0.44,0.09,0.07,0.01,0.057,0.012
51,2015,0.2,0.1,0.45,0.05,0.06,0.004,0.06,0.02
51,2020,0.37,0.13,0.36,0.07,0.07,0.003,0.032,0.016
53,1995,0.3,0.11,0.38,0.05,0.07,0.007,0.019,0.026
53,2000,0.21,0.1,0.28,0.03,0.05,0.006,0.026,0.02
53,2005,0.2,0.1,0.29,0.03,0.04,0.006,0.03,0.015
53,2010,0.2,0.02,0.24,0.03,0.02,0.006,0.032,0.007
53,2015,0.12,0.01,0.25,0.01,0.02,0.003,0.03,0.009
53,2020,1.25,1.04,1.94,0.18,0.78,0.029,0.041,0.008
55,1995,3.37,0.75,3.36,1.0,0.75,0.021,0.04,0.039
55,2000,3.4,0.63,3.08,1.19,0.69,0.013,0.062,0.033
55,2005,3.02,0.72,2.86,0.98,0.69,0.01,0.091,0.035
55,2010,1.53,0.55,2.75,0.52,0.49,0.003,0.045,0.034
55,2015,1.6,0.7,2.59,0.53,0.54,0.006,0.06,0.044
55,2020,0.5,0.08,0.52,0.07,0.07,0.003,0.054,0.043
57,1995,2.4,0.65,2.6,0.42,0.67,0.015,0.075,0.032
57,2000,2.67,0.7,2.63,0.38,0.61,0.015,0.087,0.028
57,2005,2.4,0.77,2.56,0.3,0.6,0.013,0.1,0.031
57,2010,1.26,0.54,2.67,0.19,0.49,0.006,0.072,0.026
57,2015,1.17,0.56,2.2,0.16,0.45,0.008,0.07,0.034
57,2020,0.4,0.08,0.45,0.09,0.09,0.003,0.038,0.027
59,1995,0.28,0.04,0.28,0.04,0.03,0.007,0.027,0.011
59,2000,0.23,0.02,0.21,0.02,0.02,0.004,0.03,0.012
59,2005,0.19,0.02,0.26,0.03,0.02,0.006,0.032,0.009
59,2010,0.17,0.03,0.25,0.04,0.02,0.009,0.038,0.01
59,2015,0.16,0.02,0.33,0.01,0.02,0.003,0.05,0.017
59,2020,2.04,0.42,2.75,0.32,0.58,0.007,0.093,0.009
61,1995,0.8,0.24,1.01,0.16,0.19,0.01,0.03,0.012
61,2000,0.68,0.18,0.89,0.13,0.14,0.007,0.035,0.016
61,2005,0.63,0.16,0.88,0.1,0.16,0.006,0.04,0.014
61,2010,0.42,0.12,0.87,0.1,0.12,0.007,0.046,0.016
61,2015,0.32,0.15,0.96,0.08,0.1,0.004,0.05,0.017
61,2020,0.64,3.42,0.88,0.08,2.17,0.01,0.014,0.013
63,1995,1.01,0.19,1.19,0.18,0.22,0.012,0.036,0.022
63,2000,0.98,0.18,0.97,0.1,0.17,0.008,0.048,0.018
63,2005,0.92,0.17,1.04,0.1,0.2,0.008,0.055,0.016
63,2010,0.65,0.16,1.07,0.12,0.16,0.018,0.045,0.016
63,2015,0.51,0.31,0.81,0.12,0.14,0.013,0.04,0.024
63,2020,0.42,0.08,0.58,0.07,0.08,0.004,0.061,0.017
65,1995,0.65,0.18,0.78,0.2,0.11,0.015,0.051,0.012
65,2000,0.51,0.12,0.69,0.18,0.09,0.006,0.061,0.016
65,2005,0.51,0.12,0.75,0.17,0.08,0.01,0.062,0.014
65,2010,0.38,0.09,0.66,0.12,0.09,0.008,0.048,0.009
65,2015,0.39,0.07,0.57,0.14,0.09,0.01,0.05,0.015
65,2020,0.71,0.36,0.78,0.13,0.15,0.006,0.042,0.011
69,1995,0.45,0.13,0.52,0.09,0.08,0.007,0.043,0.017
69,2000,0.39,0.13,0.47,0.07,0.07,0.007,0.055,0.013
69,2005,0.35,0.14,0.58,0.05,0.06,0.006,0.055,0.01
69,2010,0.35,0.08,0.47,0.08,0.06,0.011,0.044,0.012
69,2015,0.29,0.05,0.4,0.06,0.05,0.007,0.04,0.013
69,2020,0.2,0.21,0.23,0.03,0.03,0.003,0.029,0.01
71,1995,0.4,0.07,0.53,0.07,0.04,0.007,0.046,0.011
71,2000,0.3,0.07,0.47,0.05,0.04,0.004,0.048,0.016
71,2005,0.26,0.08,0.53,0.04,0.03,0.004,0.053,0.014
71,2010,0.19,0.05,0.48,0.04,0.03,0.005,0.047,0.011
71,2015,0.22,0.07,0.42,0.05,0.03,0.005,0.08,0.016
71,2020,0.88,0.15,0.75,0.12,0.19,0.008,0.039,0.01
73,1995,0.94,0.19,1.13,0.22,0.22,0.009,0.059,0.014
73,2000,0.79,0.18,1.16,0.22,0.23,0.008,0.063,0.014
73,2005,0.76,0.18,1.11,0.2,0.17,0.01,0.099,0.016
73,2010,0.52,0.16,1.05,0.15,0.16,0.003,0.06,0.015
73,2015,0.49,0.37,0.93,0.18,0.14,0.007,0.1,0.033
73,2020,0.93,0.33,1.08,0.27,0.25,0.007,0.041,0.025
75,1995,0.73,0.09,0.74,0.17,0.15,0.01,0.038,0.019
75,2000,0.52,0.08,0.67,0.11,0.1,0.007,0.041,0.017
75,2005,0.54,0.07,0.65,0.09,0.1,0.007,0.05,0.017
75,2010,0.36,0.08,0.64,0.08,0.09,0.003,0.053,0.011
75,2015,0.29,0.05,0.5,0.06,0.07,0.003,0.05,0.014
75,2020,1.41,0.19,1.46,0.19,0.24,0.006,0.045,0.014
77,1995,0.88,0.15,0.77,0.11,0.13,0.008,0.097,0.017
77,2000,0.74,0.18,0.78,0.11,0.13,0.007,0.11,0.02
77,2005,0.95,0.14,0.91,0.12,0.16,0.012,0.104,0.022
77,2010,0.59,0.12,0.78,0.08,0.11,0.004,0.088,0.015
77,2015,0.47,0.1,0.65,0.07,0.09,0.003,0.09,0.021
77,2020,"<0,0022",0.07,0.51,0.09,0.09,0.004,0.032,0.018
79,1995,3.52,2.31,3.78,0.94,1.18,0.031,0.048,0.022
79,2000,2.8,2.09,3.47,0.83,0.97,0.021,0.05,0.02
79,2005,2.51,2.76,3.56,0.62,1.0,0.016,0.105,0.025
79,2010,1.32,0.63,2.76,0.35,0.51,0.003,0.067,0.019
79,2015,1.12,0.8,2.58,0.33,0.45,0.007,0.06,0.019
79,2020,0.6,0.07,0.71,0.05,0.09,0.004,0.057,0.012
81,1995,0.64,0.17,0.66,0.07,0.1,0.011,0.061,0.016
81,2000,0.44,0.18,0.64,0.05,0.08,0.007,0.055,0.018
81,2005,0.57,0.18,0.63,0.05,0.07,0.006,0.06,0.015
81,2010,0.33,0.05,0.57,0.04,0.05,0.005,0.071,0.013
81,2015,0.25,0.04,0.49,0.03,0.05,0.006,0.07,0.013
81,2020,0.87,0.15,0.98,0.16,0.13,0.004,0.042,0.022
83,1995,0.6,0.04,0.48,0.05,0.04,0.007,0.059,0.02
83,2000,0.5,0.04,0.46,0.04,0.04,0.005,0.051,0.016
83,2005,0.46,0.06,0.42,0.04,0.03,0.009,0.048,0.021
83,2010,0.36,0.04,0.44,0.03,0.04,0.002,0.042,0.021
83,2015,0.31,0.02,0.4,0.03,0.04,0.003,0.04,0.013
83,2020,0.8,0.23,1.23,0.11,0.12,0.005,0.05,0.008
85,1995,0.38,0.07,0.3,0.03,0.04,0.004,0.032,0.026
85,2000,0.27,0.07,0.28,0.03,0.03,0.004,0.026,0.025
85,2005,0.27,0.06,0.29,0.03,0.02,0.005,0.05,0.027
85,2010,0.24,0.02,0.35,0.03,0.02,0.001,0.042,0.024
85,2015,0.14,0.04,0.22,0.02,0.01,0.002,0.04,0.021
85,2020,2.0,0.31,2.73,0.27,0.56,0.006,0.043,0.025
87,1995,0.86,0.24,0.81,0.09,0.17,0.012,0.065,0.017
87,2000,0.6,0.27,0.67,0.06,0.16,0.008,0.056,0.019
87,2005,0.6,0.21,0.67,0.05,0.17,0.009,0.06,0.022
87,2010,0.3,0.06,0.41,0.04,0.05,0.002,0.06,0.02
87,2015,0.34,0.11,0.54,0.03,0.06,0.006,0.02,0.02
87,2020,0.5,0.09,0.72,0.09,0.11,0.005,0.04,0.008
89,1995,0.68,0.18,0.7,0.14,0.16,0.009,0.049,0.01
89,2000,0.58,0.18,0.71,0.12,0.13,0.006,0.05,0.013
89,2005,0.74,0.14,1.05,0.23,0.2,0.007,0.047,0.015
89,2010,0.46,0.16,0.85,0.11,0.12,0.002,0.043,0.021
89,2015,0.8,1.81,1.19,0.22,0.45,0.007,0.07,0.018
89,2020,0.89,0.16,0.98,0.17,0.15,0.005,0.045,0.01
91,1995,0.6,0.14,0.53,0.06,0.08,0.007,0.079,0.014
91,2000,0.47,0.11,0.51,0.05,0.05,0.005,0.089,0.014
91,2005,0.5,0.11,0.47,0.04,0.04,0.005,0.088,0.017
91,2010,0.34,0.12,0.42,0.04,0.05,0.003,0.077,0.015
91,2015,0.33,0.04,0.48,0.06,0.05,0.007,0.05,0.016
91,2020,0.3,0.07,0.24,0.05,0.04,0.003,0.033,0.01
93,1995,0.62,0.15,0.54,0.09,0.07,0.006,0.059,0.017
93,2000,0.6,0.11,0.5,0.07,0.07,0.005,0.05,0.013
93,2005,0.53,0.12,0.53,0.06,0.08,0.008,0.064,0.016
93,2010,0.39,0.13,0.51,0.07,0.07,0.006,0.068,0.011
93,2015,0.44,0.11,0.45,0.08,0.07,0.009,0.06,0.017
93,2020,0.4,0.19,0.43,0.07,0.15,0.011,0.046,0.007
95,1995,0.7,0.09,0.65,0.12,0.13,0.008,0.016,0.005
95,2000,0.85,0.12,0.8,0.14,0.16,0.006,0.025,0.005
95,2005,0.6,0.09,0.62,0.1,0.1,0.01,0.03,0.008
95,2010,0.34,0.07,0.52,0.08,0.07,0.004,0.035,0.006
95,2015,0.38,0.05,0.48,0.06,0.08,0.004,0.03,0.01
95,2020,0.25,0.02,0.2,0.02,0.02,0.001,0.053,0.013
97,1995,0.98,0.17,0.85,0.15,0.09,0.009,0.043,0.015
97,2000,0.73,0.15,0.85,0.11,0.09,0.006,0.05,0.019
97,2005,0.77,0.14,0.87,0.11,0.08,0.009,0.06,0.015
97,2010,0.37,0.13,0.89,0.11,0.07,0.004,0.056,0.013
97,2015,0.73,0.17,1.14,0.17,0.14,0.006,0.03,0.019
97,2020,0.3,0.08,0.37,0.1,0.14,0.003,0.025,0.013
99,1995,0.64,0.31,0.57,0.12,0.11,0.016,0.061,0.016
99,2000,0.48,0.26,0.5,0.07,0.09,0.013,0.053,0.016
99,2005,0.44,0.31,0.67,0.07,0.09,0.011,0.055,0.021
99,2010,0.49,0.27,0.71,0.11,0.12,0.004,0.073,0.02
99,2015,0.4,0.26,0.66,0.08,0.09,0.008,0.07,0.022
99,2020,0.31,0.03,0.26,0.02,0.03,0.001,0.026,0.004
101,1995,0.42,0.13,0.41,0.04,0.04,0.006,0.061,0.012
101,2000,0.38,0.2,0.37,0.04,0.05,0.005,0.056,0.016
101,2005,0.39,0.2,0.42,0.05,0.07,0.008,0.069,0.017
101,2010,0.3,0.12,0.43,0.04,0.04,0.003,0.075,0.015
101,2015,0.3,0.14,0.42,0.04,0.04,0.005,0.06,0.013
101,2020,0.69,0.2,0.69,0.09,0.42,0.01,0.06,0.01
103,1995,0.55,0.09,0.54,0.08,0.07,0.007,0.035,0.009
103,2000,0.41,0.07,0.46,0.08,0.07,0.006,0.028,0.018
103,2005,0.41,0.09,0.53,0.07,0.06,0.007,0.04,0.011
103,2010,0.3,0.1,0.52,0.08,0.06,0.006,0.042,0.013
103,2015,0.22,0.08,0.43,0.05,0.05,0.004,0.04,0.013
103,2020,1.49,0.25,2.18,0.22,0.33,0.004,0.084,0.01
105,1995,0.96,0.13,0.93,0.12,0.08,0.01,0.041,0.012
105,2000,0.87,0.16,1.04,0.1,0.09,0.007,0.034,0.016
105,2005,0.96,0.13,1.1,0.13,0.08,0.013,0.043,0.017
105,2010,0.66,0.1,1.17,0.08,0.08,0.007,0.041,0.017
105,2015,0.47,0.07,0.93,0.07,0.07,0.005,0.04,0.016
105,2020,0.5,0.19,0.75,0.08,0.08,0.005,0.065,0.014
107,1995,0.37,0.11,0.42,0.05,0.07,0.005,0.039,0.021
107,2000,0.33,0.14,0.45,0.06,0.08,0.006,0.046,0.02
107,2005,0.27,0.14,0.44,0.03,0.07,0.005,0.046,0.017
107,2010,0.27,0.11,0.46,0.05,0.07,0.004,0.031,0.011
107,2015,0.29,0.11,0.44,0.05,0.06,0.004,0.03,0.009
107,2020,0.56,0.21,0.57,0.07,0.09,0.005,0.045,0.007
111,1995,0.47,0.11,0.41,0.07,0.08,0.006,0.039,0.02
111,2000,0.36,0.09,0.43,0.06,0.07,0.005,0.04,0.02
111,2005,0.38,0.12,0.5,0.06,0.07,0.007,0.048,0.014
111,2010,0.28,0.08,0.42,0.06,0.07,0.005,0.038,0.01
111,2015,0.27,0.06,0.35,0.05,0.05,0.005,0.04,0.011
111,2020,0.44,0.07,0.38,0.06,0.06,0.004,0.063,0.01
113,1995,0.56,0.11,0.59,0.12,0.1,0.008,0.036,0.021
113,2000,0.5,0.13,0.59,0.12,0.11,0.007,0.029,0.02
113,2005,0.46,0.1,0.56,0.09,0.07,0.008,0.04,0.016
113,2010,0.32,0.11,0.6,0.13,0.09,0.004,0.041,0.011
113,2015,0.35,0.1,0.54,0.08,0.08,0.004,0.04,0.011
113,2020,0.85,0.39,0.89,0.13,0.12,0.005,0.036,0.008
115,1995,0.79,0.21,0.77,0.17,0.18,0.008,0.055,0.026
115,2000,0.8,0.24,0.85,0.17,0.15,0.011,0.06,0.023
115,2005,0.78,0.28,0.85,0.22,0.17,0.015,0.051,0.026
115,2010,0.47,0.17,0.86,0.23,0.12,0.002,0.038,0.015
115,2015,0.67,0.17,0.87,0.18,0.14,0.008,0.03,0.017
115,2020,1.82,0.46,2.87,0.31,0.68,0.007,0.079,0.013
117,1995,0.88,0.17,0.94,0.25,0.19,0.013,0.036,0.012
117,2000,0.75,0.16,0.85,0.26,0.14,0.008,0.028,0.012
117,2005,0.75,0.16,0.93,0.26,0.12,0.013,0.035,0.011
117,2010,0.74,0.2,1.17,0.21,0.18,0.007,0.047,0.019
117,2015,0.95,0.2,1.13,0.26,0.21,0.005,0.05,0.017
117,2020,1.08,0.37,1.15,0.17,0.2,0.006,0.035,0.013
119,1995,0.49,0.12,0.62,0.1,0.09,0.006,0.062,0.011
119,2000,0.44,0.15,0.51,0.13,0.08,0.007,0.059,0.013
119,2005,0.34,0.12,0.47,0.04,0.07,0.005,0.055,0.014
119,2010,0.25,0.1,0.49,0.06,0.06,0.003,0.041,0.011
119,2015,0.33,0.1,0.47,0.06,0.06,0.004,0.04,0.011
119,2020,0.35,0.2,0.48,0.07,0.11,0.003,0.089,0.007
121,1995,0.74,0.27,0.78,0.18,0.15,0.012,0.019,0.007
121,2000,0.68,0.26,0.87,0.18,0.15,0.007,0.023,0.008
121,2005,0.58,0.25,0.83,0.16,0.13,0.007,0.03,0.01
121,2010,0.44,0.17,0.78,0.14,0.12,0.006,0.043,0.009
121,2015,0.43,0.2,0.61,0.12,0.1,0.004,0.04,0.014
121,2020,0.44,0.12,0.5,0.07,0.1,0.014,0.03,0.013
123,1995,0.54,0.15,0.46,0.1,0.09,0.01,0.016,0.01
123,2000,0.47,0.12,0.36,0.06,0.07,0.006,0.013,0.014
123,2005,0.49,0.15,0.54,0.13,0.08,0.011,0.018,0.01
123,2010,0.27,0.08,0.44,0.08,0.08,0.006,0.048,0.021
123,2015,0.38,1.03,0.51,0.11,0.1,0.004,0.05,0.02
123,2020,0.74,0.21,0.79,0.15,0.14,0.012,0.051,0.028
125,1995,1.11,0.26,1.08,0.26,0.21,0.012,0.022,0.02
125,2000,0.88,0.27,0.94,0.19,0.16,0.007,0.03,0.016
125,2005,0.99,0.34,0.95,0.16,0.14,0.007,0.036,0.019
125,2010,0.54,0.33,0.83,0.15,0.16,0.005,0.038,0.015
125,2015,0.87,0.3,0.85,0.23,0.18,0.009,0.04,0.021
125,2020,1.22,0.14,1.51,0.23,0.32,0.005,0.043,0.019
127,1995,0.28,0.14,0.25,0.03,0.06,0.005,0.068,0.015
127,2000,0.29,0.12,0.22,0.05,0.05,0.004,0.054,0.018
127,2005,0.26,0.14,0.21,0.02,0.08,0.003,0.054,0.015
127,2010,0.18,0.03,0.19,0.02,0.02,0.006,0.049,0.012
127,2015,0.23,0.02,0.21,0.01,0.02,0.003,0.05,0.016
127,2020,0.21,0.08,0.28,0.05,0.05,0.002,0.02,0.01
129,1995,0.86,0.39,0.84,0.14,0.16,0.01,0.055,0.012
129,2000,0.76,0.32,0.85,0.14,0.13,0.007,0.056,0.014
129,2005,0.86,0.27,0.75,0.12,0.1,0.006,0.048,0.017
129,2010,0.49,0.21,0.8,0.11,0.11,0.009,0.039,0.013
129,2015,0.5,0.2,0.7,0.1,0.1,0.005,0.04,0.017
129,2020,0.58,0.17,0.71,0.11,0.21,0.009,0.035,0.006
131,1995,1.43,0.68,1.01,0.17,0.27,0.015,0.057,0.034
131,2000,1.66,0.6,0.88,0.15,0.22,0.016,0.048,0.03
131,2005,1.77,0.62,0.84,0.12,0.25,0.011,0.04,0.026
131,2010,0.41,0.11,0.73,0.1,0.1,0.007,0.062,0.018
131,2015,0.39,0.1,0.73,0.09,0.1,0.005,0.05,0.013
131,2020,0.63,0.18,0.82,0.1,0.13,0.003,0.021,0.013
133,1995,0.61,0.13,0.7,0.11,0.09,0.005,0.032,0.02
133,2000,0.5,0.14,0.72,0.08,0.09,0.006,0.034,0.019
133,2005,0.41,0.16,0.77,0.06,0.07,0.009,0.05,0.019
133,2010,0.37,0.14,0.8,0.06,0.09,0.006,0.042,0.018
133,2015,0.56,0.14,0.8,0.12,0.12,0.007,0.05,0.017
133,2020,1.79,0.53,2.24,0.29,0.61,0.006,0.036,0.017
135,1995,0.75,0.1,0.61,0.13,0.09,0.01,0.051,0.022
135,2000,0.68,0.09,0.62,0.09,0.09,0.007,0.048,0.02
135,2005,0.78,0.09,0.63,0.09,0.07,0.009,0.062,0.024
135,2010,0.36,0.06,0.47,0.06,0.06,0.004,0.054,0.019
135,2015,0.44,0.05,0.46,0.1,0.07,0.006,0.05,0.017
135,2020,0.71,0.32,1.01,0.19,0.27,0.009,0.06,0.011
137,1995,0.53,0.07,0.46,0.07,0.06,0.007,0.054,0.017
137,2000,0.59,0.06,0.46,0.06,0.07,0.005,0.048,0.013
137,2005,0.47,0.08,0.42,0.06,0.05,0.009,0.065,0.019
137,2010,0.29,0.06,0.45,0.05,0.06,0.005,0.054,0.016
137,2015,0.32,0.08,0.41,0.08,0.06,0.003,0.06,0.014
137,2020,0.86,0.21,1.16,0.19,0.18,0.004,0.049,0.009
139,1995,0.54,0.09,0.45,0.08,0.06,0.008,0.057,0.02
139,2000,0.42,0.1,0.39,0.04,0.07,0.004,0.053,0.018
139,2005,0.37,0.1,0.45,0.04,0.07,0.006,0.066,0.02
139,2010,0.27,0.1,0.42,0.05,0.06,0.006,0.052,0.021
139,2015,0.28,0.05,0.35,0.06,0.05,0.008,0.05,0.012
139,2020,0.97,0.51,1.89,0.15,0.22,0.007,0.117,0.008
141,1995,0.48,0.05,0.41,0.08,0.05,0.008,0.04,0.012
141,2000,0.33,0.04,0.39,0.06,0.05,0.005,0.031,0.015
141,2005,0.28,0.06,0.38,0.04,0.03,0.006,0.046,0.019
141,2010,0.22,0.04,0.38,0.04,0.04,0.005,0.047,0.015
141,2015,0.27,0.04,0.34,0.07,0.04,0.009,0.04,0.012
141,2020,0.33,0.05,0.41,0.07,0.07,0.003,0.037,0.014
143,1995,0.73,0.16,0.72,0.1,0.15,0.008,0.023,0.016
143,2000,0.69,0.17,0.64,0.12,0.14,0.011,0.028,0.02
143,2005,0.72,0.14,0.72,0.17,0.11,0.014,0.038,0.021
143,2010,0.53,0.13,0.74,0.11,0.13,0.008,0.037,0.026
143,2015,0.37,0.27,0.73,0.06,0.11,0.004,0.04,0.02
143,2020,0.51,0.05,0.56,0.07,0.07,0.003,0.083,0.044
145,1995,0.58,0.08,0.56,0.09,0.1,0.005,0.038,0.019
145,2000,0.5,0.09,0.58,0.08,0.08,0.007,0.041,0.019
145,2005,0.49,0.12,0.51,0.09,0.09,0.01,0.05,0.019
145,2010,0.45,0.08,0.67,0.09,0.09,0.008,0.073,0.023
145,2015,0.41,0.06,0.49,0.1,0.08,0.008,0.05,0.016
145,2020,0.3,0.04,0.45,0.06,0.05,0.003,0.028,0.009
147,1995,0.65,0.12,0.68,0.09,0.11,0.01,0.023,0.025
147,2000,0.57,0.19,0.6,0.07,0.09,0.013,0.03,0.019
147,2005,0.77,0.2,0.8,0.1,0.17,0.012,0.05,0.026
147,2010,0.46,0.16,0.79,0.09,0.11,0.007,0.044,0.024
147,2015,0.43,0.14,0.65,0.08,0.09,0.003,0.04,0.019
147,2020,0.96,0.26,0.9,0.15,0.13,0.005,0.041,0.01
149,1995,0.42,0.05,0.37,0.05,0.05,0.006,0.02,0.025
149,2000,0.37,0.04,0.29,0.03,0.04,0.004,0.024,0.036
149,2005,0.32,0.08,0.28,0.03,0.02,0.006,0.018,0.021
149,2010,0.23,0.06,0.33,0.04,0.04,0.006,0.034,0.017
149,2015,0.21,0.03,0.29,0.05,0.03,0.006,0.03,0.014
149,2020,0.47,0.21,0.56,0.17,0.21,0.004,0.024,0.009
151,1995,1.58,0.32,1.95,0.23,0.24,0.01,0.095,0.036
151,2000,1.51,0.33,2.2,0.2,0.25,0.011,0.106,0.035
151,2005,1.82,0.27,1.92,0.18,0.17,0.008,0.086,0.031
151,2010,1.04,0.28,2.27,0.16,0.2,0.005,0.076,0.028
151,2015,0.8,0.17,1.74,0.13,0.14,0.004,0.06,0.024
151,2020,1.26,0.17,1.65,0.2,0.27,0.005,0.04,0.019
153,1995,0.54,0.07,0.53,0.05,0.06,0.005,0.053,0.019
153,2000,0.54,0.13,0.57,0.08,0.07,0.007,0.055,0.022
153,2005,0.49,0.16,0.49,0.05,0.04,0.012,0.076,0.019
153,2010,0.36,0.09,0.53,0.05,0.05,0.003,0.056,0.019
153,2015,0.26,0.04,0.36,0.04,0.04,0.002,0.04,0.01
153,2020,0.96,0.11,1.22,0.08,0.26,0.004,0.03,0.014
155,1995,0.25,0.04,0.23,0.06,0.03,0.004,0.042,0.02
155,2000,0.27,0.04,0.27,0.03,0.03,0.004,0.041,0.02
155,2005,0.21,0.03,0.3,0.02,0.02,0.007,0.05,0.019
155,2010,0.21,0.04,0.26,0.03,0.02,0.005,0.046,0.015
155,2015,0.19,0.02,0.24,0.04,0.02,0.004,0.05,0.014
155,2020,1.21,0.22,1.45,0.2,0.17,0.004,0.041,0.011
157,1995,0.36,0.06,0.35,0.04,0.05,0.006,0.036,0.017
157,2000,0.29,0.1,0.33,0.05,0.05,0.005,0.042,0.014
157,2005,0.26,0.06,0.35,0.04,0.03,0.002,0.05,0.017
157,2010,0.19,0.04,0.32,0.04,0.03,0.004,0.046,0.017
157,2015,0.2,0.1,0.3,0.06,0.04,0.006,0.06,0.021
157,2020,1.34,0.19,1.91,0.23,0.34,0.006,0.074,0.012
159,1995,0.61,0.14,0.57,0.07,0.08,0.011,0.045,0.026
159,2000,0.66,0.14,0.54,0.06,0.08,0.008,0.05,0.022
159,2005,0.55,0.18,0.58,0.04,0.06,0.006,0.045,0.02
159,2010,0.35,0.07,0.44,0.05,0.06,0.009,0.041,0.025
159,2015,0.43,0.15,0.23,0.05,0.04,0.009,0.04,0.026
159,2020,0.71,1.12,0.84,0.16,0.27,0.006,0.046,0.022
161,1995,0.38,0.04,0.35,0.06,0.06,0.004,0.043,0.022
161,2000,0.32,0.06,0.4,0.05,0.05,0.005,0.047,0.019
161,2005,0.35,0.04,0.43,0.05,0.05,0.004,0.05,0.016
161,2010,0.24,0.05,0.39,0.05,0.05,0.003,0.046,0.016
161,2015,0.25,0.04,0.35,0.05,0.05,0.004,0.04,0.013
161,2020,1.31,0.44,1.51,0.22,0.27,0.006,0.051,0.008
163,1995,0.5,0.06,0.41,0.05,0.07,0.004,0.052,0.019
163,2000,0.43,0.08,0.42,0.05,0.05,0.004,0.046,0.019
163,2005,0.38,0.06,0.36,0.03,0.04,0.003,0.06,0.016
163,2010,0.35,0.06,0.39,0.05,0.05,0.004,0.069,0.017
163,2015,0.3,0.06,0.34,0.03,0.04,0.003,0.06,0.015
163,2020,0.34,0.08,0.41,0.07,0.06,0.004,0.054,0.012
165,1995,0.68,0.08,0.55,0.11,0.1,0.007,0.048,0.019
165,2000,0.58,0.05,0.5,0.07,0.07,0.005,0.05,0.02
165,2005,0.69,0.08,0.47,0.09,0.07,0.004,0.047,0.016
165,2010,0.41,0.09,0.59,0.08,0.08,0.002,0.042,0.017
165,2015,0.38,0.05,0.53,0.1,0.08,0.007,0.04,0.016
165,2020,0.52,0.16,0.62,0.12,0.12,0.005,0.042,0.013
167,1995,0.85,0.16,0.86,0.2,0.18,0.009,0.037,0.02
167,2000,0.69,0.14,0.83,0.16,0.13,0.007,0.047,0.02
167,2005,0.63,0.13,0.71,0.18,0.13,0.008,0.042,0.021
167,2010,0.3,0.1,0.49,0.08,0.07,0.004,0.047,0.015
167,2015,0.27,0.13,0.43,0.06,0.06,0.003,0.06,0.023
167,2020,0.2,0.04,0.26,0.03,0.03,0.001,0.041,0.024
169,1995,0.38,0.15,0.41,0.07,0.08,0.005,0.031,0.012
169,2000,0.32,0.16,0.39,0.06,0.05,0.005,0.04,0.014
169,2005,0.35,0.17,0.4,0.07,0.07,0.005,0.036,0.01
169,2010,0.18,0.03,0.29,0.05,0.04,0.003,0.031,0.01
169,2015,0.19,0.03,0.31,0.05,0.04,0.007,0.03,0.014
169,2020,0.18,0.21,0.3,0.12,0.18,0.004,0.026,0.008
171,1995,0.7,0.09,0.48,0.09,0.09,0.007,0.048,0.019
171,2000,0.66,0.08,0.56,0.08,0.07,0.006,0.06,0.015
171,2005,0.63,0.09,0.51,0.1,0.06,0.007,0.061,0.014
171,2010,0.33,0.05,0.44,0.04,0.05,0.001,0.053,0.019
171,2015,0.45,0.09,0.44,0.09,0.07,0.007,0.05,0.016
171,2020,0.91,2.06,2.42,0.13,0.28,0.009,0.124,0.006
173,1995,0.51,0.08,0.47,0.08,0.07,0.007,0.034,0.019
173,2000,0.55,0.07,0.38,0.06,0.05,0.004,0.03,0.016
173,2005,0.59,0.08,0.45,0.09,0.08,0.007,0.043,0.017
173,2010,0.18,0.03,0.34,0.05,0.03,0.004,0.034,0.009
173,2015,0.21,0.04,0.28,0.05,0.03,0.003,0.03,0.013
173,2020,0.67,0.14,0.89,0.12,0.13,0.005,0.052,0.011
175,1995,0.42,0.16,0.46,0.06,0.06,0.007,0.043,0.014
175,2000,0.39,0.14,0.39,0.04,0.05,0.005,0.05,0.013
175,2005,0.36,0.17,0.43,0.05,0.09,0.009,0.074,0.01
175,2010,0.26,0.11,0.42,0.05,0.05,0.005,0.056,0.012
175,2015,0.23,0.11,0.38,0.05,0.04,0.003,0.05,0.012
175,2020,0.45,0.08,0.54,0.07,0.07,0.002,0.063,0.01
177,1995,1.31,0.17,1.04,0.16,0.16,0.011,0.033,0.024
177,2000,1.16,0.12,0.98,0.13,0.11,0.008,0.037,0.026
177,2005,1.14,0.16,0.85,0.09,0.11,0.01,0.058,0.021
177,2010,0.97,0.17,0.9,0.16,0.11,0.011,0.046,0.022
177,2015,0.92,0.2,0.86,0.13,0.11,0.007,0.05,0.021
177,2020,0.67,0.09,0.8,0.13,0.13,0.004,0.025,0.017
179,1995,0.79,0.33,0.81,0.14,0.11,0.01,0.024,0.01
179,2000,0.63,0.21,0.83,0.1,0.09,0.004,0.3,0.014
179,2005,0.63,0.27,0.72,0.08,0.07,0.009,0.05,0.016
179,2010,0.31,0.08,0.5,0.06,0.07,0.007,0.041,0.011
179,2015,0.44,0.11,0.59,0.1,0.09,0.008,0.04,0.012
179,2020,0.51,0.21,0.62,0.09,0.11,0.004,0.032,0.009
181,1995,0.68,0.05,0.5,0.08,0.04,0.009,0.039,0.016
181,2000,0.62,0.07,0.48,0.06,0.06,0.007,0.031,0.016
181,2005,0.55,0.08,0.47,0.06,0.06,0.005,0.052,0.018
181,2010,0.28,0.06,0.42,0.06,0.06,0.003,0.046,0.017
181,2015,0.28,0.08,0.4,0.06,0.05,0.003,0.04,0.017
181,2020,0.28,0.09,0.34,0.05,0.05,0.003,0.029,0.026
183,1995,0.76,0.17,0.57,0.08,0.07,0.008,0.044,0.02
183,2000,0.67,0.12,0.55,0.06,0.07,0.005,0.049,0.02
183,2005,0.51,0.08,0.57,0.03,0.06,0.005,0.058,0.016
183,2010,0.43,0.05,0.5,0.04,0.05,0.006,0.038,0.019
183,2015,0.54,0.05,0.52,0.09,0.05,0.012,0.04,0.014
183,2020,0.26,0.03,0.34,0.05,0.05,0.003,0.031,0.01
187,1995,1.06,0.29,1.04,0.15,0.2,0.008,0.066,0.025
187,2000,0.9,0.23,0.97,0.13,0.18,0.007,0.064,0.021
187,2005,0.78,0.19,0.98,0.15,0.18,0.009,0.062,0.017
187,2010,0.69,0.15,0.94,0.12,0.11,0.009,0.058,0.019
187,2015,0.71,0.11,0.95,0.12,0.1,0.009,0.05,0.018
187,2020,0.34,0.06,0.52,0.07,0.08,0.003,0.033,0.014
189,1995,1.04,0.32,1.02,0.13,0.13,0.01,0.044,0.036
189,2000,0.87,0.26,0.89,0.12,0.13,0.007,0.052,0.029
189,2005,1.09,0.2,1.32,0.18,0.1,0.008,0.055,0.026
189,2010,0.98,0.19,0.85,0.13,0.1,0.007,0.044,0.021
189,2015,0.77,0.24,0.93,0.14,0.12,0.015,0.04,0.019
189,2020,0.39,0.23,0.59,0.12,0.13,0.005,0.054,0.01
191,1995,0.9,0.22,0.87,0.12,0.12,0.009,0.054,0.026
191,2000,1.19,0.24,1.1,0.14,0.13,0.006,0.057,0.023
191,2005,0.74,0.22,0.91,0.14,0.1,0.008,0.047,0.018
191,2010,0.63,0.19,0.86,0.12,0.12,0.008,0.046,0.021
191,2015,0.8,0.19,0.93,0.15,0.13,0.013,0.04,0.017
191,2020,1.02,0.41,1.34,0.17,0.28,0.006,0.048,0.013
193,1995,2.5,0.49,2.22,0.36,0.25,0.015,0.083,0.025
193,2000,1.99,0.39,2.37,0.28,0.28,0.016,0.105,0.025
193,2005,2.7,0.4,2.78,0.26,0.32,0.021,0.109,0.031
193,2010,1.06,0.43,2.03,0.19,0.21,0.007,0.132,0.034
193,2015,0.85,0.62,1.84,0.15,0.21,0.004,0.14,0.028
193,2020,1.77,0.17,1.93,0.21,0.27,0.006,0.03,0.041
195,1995,2.03,0.37,2.52,0.18,0.24,0.011,0.066,0.033
195,2000,1.83,0.47,1.89,0.15,0.22,0.01,0.058,0.028
195,2005,1.76,0.39,2.02,0.16,0.23,0.01,0.105,0.022
195,2010,1.28,0.31,2.33,0.12,0.19,0.006,0.041,0.023
195,2015,1.34,0.31,2.43,0.13,0.18,0.008,0.06,0.022
195,2020,0.25,0.01,0.2,0.02,0.02,0.001,0.024,0.019
197,1995,1.34,0.29,1.38,0.2,0.2,0.01,0.066,0.026
197,2000,1.31,0.36,1.45,0.2,0.21,0.014,0.07,0.028
197,2005,1.15,1.51,1.34,0.21,0.28,0.012,0.066,0.019
197,2010,0.93,0.25,1.23,0.23,0.17,0.012,0.043,0.018
197,2015,1.02,0.23,1.31,0.25,0.16,0.014,0.06,0.021
197,2020,1.05,0.56,1.3,0.21,0.35,0.006,0.029,0.02
199,1995,0.46,0.14,0.49,0.06,0.06,0.004,0.04,0.016
199,2000,0.48,0.09,0.53,0.06,0.06,0.004,0.043,0.014
199,2005,0.37,0.08,0.43,0.08,0.03,0.004,0.041,0.016
199,2010,0.25,0.06,0.47,0.06,0.04,0.003,0.041,0.009
199,2015,0.27,0.05,0.51,0.07,0.05,0.007,0.04,0.011
199,2020,0.44,0.04,0.45,0.06,0.09,0.003,0.023,0.004
201,1995,0.3,0.06,0.22,0.04,0.03,0.005,0.079,0.021
201,2000,0.33,0.1,0.27,0.04,0.04,0.006,0.068,0.025
201,2005,0.29,0.09,0.27,0.03,0.03,0.004,0.08,0.016
201,2010,0.22,0.03,0.26,0.04,0.03,0.007,0.04,0.014
201,2015,0.28,0.07,0.3,0.05,0.05,0.007,0.04,0.014
201,2020,0.4,0.23,0.63,0.09,0.1,0.006,0.088,0.012
203,1995,0.36,0.15,0.38,0.05,0.07,0.008,0.037,0.019
203,2000,0.33,0.13,0.36,0.05,0.06,0.007,0.027,0.021
203,2005,0.32,0.15,0.39,0.06,0.05,0.006,0.028,0.02
203,2010,0.24,0.17,0.38,0.05,0.06,0.005,0.026,0.013
203,2015,0.19,0.11,0.37,0.03,0.04,0.004,0.02,0.012
203,2020,0.17,0.12,0.35,0.04,0.07,0.008,0.023,0.007
205,1995,0.44,0.05,0.52,0.07,0.07,0.005,0.05,0.025
205,2000,0.41,0.06,0.47,0.07,0.07,0.006,0.06,0.024
205,2005,0.41,0.12,0.48,0.06,0.07,0.007,0.056,0.02
205,2010,0.22,0.05,0.47,0.05,0.05,0.004,0.042,0.012
205,2015,0.28,0.03,0.39,0.03,0.05,0.005,0.05,0.011
205,2020,0.89,0.17,0.89,0.16,0.12,0.005,0.032,0.01
207,1995,1.18,0.18,1.08,0.18,0.14,0.01,0.074,0.025
207,2000,1.12,0.2,1.11,0.14,0.14,0.008,0.068,0.025
207,2005,1.01,0.26,1.28,0.22,0.14,0.009,0.08,0.03
207,2010,0.93,0.16,1.16,0.2,0.14,0.021,0.058,0.022
207,2015,0.7,0.14,1.0,0.13,0.11,0.007,0.06,0.014
207,2020,1.16,0.22,1.9,0.17,0.22,0.004,0.057,0.012
209,1995,1.02,0.14,0.93,0.13,0.14,0.008,0.042,0.021
209,2000,0.94,0.12,0.96,0.12,0.12,0.008,0.046,0.024
209,2005,0.84,0.13,0.87,0.17,0.1,0.011,0.078,0.02
209,2010,0.73,0.12,0.97,0.13,0.12,0.008,0.061,0.019
209,2015,0.83,0.12,1.13,0.16,0.12,0.009,0.05,0.013
209,2020,0.3,0.03,0.28,0.03,0.04,0.002,0.047,0.013
211,1995,0.6,0.09,0.68,0.08,0.07,0.004,0.04,0.019
211,2000,0.65,0.14,0.67,0.09,0.09,0.004,0.04,0.018
211,2005,0.64,0.14,0.87,0.14,0.09,0.006,0.05,0.014
211,2010,0.57,0.1,0.74,0.12,0.08,0.011,0.039,0.017
211,2015,0.32,0.08,0.57,0.07,0.06,0.004,0.04,0.012
211,2020,0.42,0.5,0.66,0.1,0.31,0.003,0.071,0.016
213,1995,0.52,0.17,0.59,0.1,0.08,0.006,0.038,0.02
213,2000,0.43,0.2,0.5,0.08,0.09,0.006,0.048,0.023
213,2005,0.4,0.15,0.52,0.07,0.07,0.007,0.046,0.018
213,2010,0.26,0.1,0.5,0.07,0.06,0.003,0.042,0.013
213,2015,0.19,0.11,0.35,0.04,0.05,0.003,0.04,0.015
213,2020,0.36,0.71,0.47,0.1,0.41,0.003,0.031,0.04
215,1995,0.63,0.23,0.75,0.12,0.12,0.007,0.038,0.018
215,2000,0.57,0.27,0.63,0.11,0.1,0.007,0.034,0.019
215,2005,0.51,0.26,0.61,0.12,0.1,0.007,0.048,0.014
215,2010,0.26,0.13,0.61,0.09,0.07,0.004,0.039,0.009
215,2015,0.27,0.12,0.45,0.05,0.06,0.006,0.03,0.012
215,2020,0.26,0.22,0.31,0.04,0.08,0.005,0.019,0.016
217,1995,0.27,0.04,0.24,0.03,0.03,0.004,0.026,0.012
217,2000,0.28,0.05,0.2,0.04,0.03,0.004,0.034,0.012
217,2005,0.3,0.03,0.31,0.05,0.03,0.004,0.052,0.011
217,2010,0.36,0.07,0.64,0.08,0.06,0.004,0.047,0.014
217,2015,0.36,0.1,0.72,0.09,0.07,0.003,0.05,0.012
217,2020,0.35,0.17,0.41,0.1,0.11,0.005,0.038,0.005
219,1995,0.54,0.13,0.67,0.1,0.09,0.004,0.035,0.016
219,2000,0.59,0.18,0.73,0.11,0.1,0.006,0.041,0.02
219,2005,0.51,0.17,0.69,0.11,0.07,0.005,0.052,0.017
219,2010,0.36,0.14,0.68,0.09,0.08,0.004,0.069,0.014
219,2015,0.49,0.1,0.6,0.11,0.08,0.007,0.04,0.015
219,2020,0.28,0.12,0.33,0.07,0.06,0.004,0.045,0.013
221,1995,0.68,0.13,0.52,0.08,0.07,0.005,0.098,0.026
221,2000,0.57,0.1,0.47,0.05,0.06,0.004,0.111,0.023
221,2005,0.5,0.19,0.48,0.06,0.06,0.005,0.114,0.021
221,2010,0.42,0.12,0.49,0.07,0.07,0.004,0.099,0.024
221,2015,0.36,0.16,0.41,0.06,0.07,0.006,0.11,0.021
221,2020,0.42,0.1,0.61,0.06,0.07,0.002,0.033,0.019
223,1995,0.59,0.13,0.57,0.08,0.08,0.006,0.022,0.016
223,2000,0.51,0.11,0.5,0.07,0.07,0.006,0.029,0.017
223,2005,0.51,0.11,0.53,0.06,0.07,0.007,0.035,0.017
223,2010,0.36,0.07,0.53,0.05,0.05,0.007,0.042,0.013
223,2015,0.37,0.09,0.42,0.04,0.05,0.006,0.04,0.016
223,2020,0.51,0.1,0.74,0.12,0.11,0.005,0.052,0.02
225,1995,0.39,0.03,0.36,0.04,0.03,0.003,0.011,0.019
225,2000,0.36,0.04,0.24,0.03,0.02,0.003,0.014,0.019
225,2005,0.37,0.04,0.32,0.04,0.03,0.005,0.021,0.016
225,2010,0.28,0.02,0.32,0.03,0.02,0.007,0.051,0.014
225,2015,0.24,0.01,0.29,0.01,0.02,0.003,0.05,0.015
225,2020,0.84,0.22,1.08,0.2,0.25,0.006,0.037,0.011
229,1995,0.67,0.19,0.67,0.1,0.11,0.006,0.036,0.02
229,2000,0.58,0.2,0.62,0.08,0.1,0.006,0.034,0.018
229,2005,0.62,0.18,0.68,0.09,0.1,0.008,0.042,0.019
229,2010,0.56,0.17,0.64,0.09,0.1,0.008,0.047,0.016
229,2015,0.42,0.15,0.52,0.03,0.07,0.004,0.04,0.014
229,2020,0.4,0.14,0.5,0.07,0.07,0.004,0.034,0.013
231,1995,0.38,0.15,0.34,0.05,0.05,0.005,0.068,0.024
231,2000,0.31,0.15,0.28,0.04,0.04,0.004,0.071,0.02
231,2005,0.34,0.15,0.35,0.04,0.03,0.004,0.067,0.02
231,2010,0.26,0.05,0.3,0.04,0.03,0.002,0.062,0.012
231,2015,0.25,0.05,0.28,0.01,0.03,0.002,0.06,0.014
231,2020,0.7,0.3,0.71,0.11,0.21,0.005,0.071,0.014
233,1995,0.44,0.06,0.43,0.07,0.07,0.005,0.046,0.021
233,2000,0.41,0.09,0.44,0.09,0.09,0.006,0.043,0.018
233,2005,0.39,0.1,0.4,0.08,0.1,0.008,0.055,0.021
233,2010,0.31,0.06,0.52,0.07,0.06,0.004,0.056,0.014
233,2015,0.27,0.05,0.53,0.06,0.06,0.006,0.06,0.016
233,2020,0.64,0.18,0.69,0.09,0.1,0.003,0.026,0.011
235,1995,0.8,0.18,0.76,0.12,0.15,0.008,0.049,0.019
235,2000,0.69,0.18,0.68,0.1,0.14,0.007,0.035,0.018
235,2005,0.86,0.18,0.62,0.06,0.12,0.008,0.055,0.02
235,2010,0.38,0.12,0.63,0.07,0.09,0.006,0.041,0.014
235,2015,0.29,0.07,0.52,0.06,0.07,0.006,0.04,0.012
235,2020,0.95,0.57,1.5,0.13,0.17,0.006,0.062,0.01
237,1995,0.58,0.09,0.52,0.07,0.06,0.004,0.046,0.021
237,2000,0.59,0.13,0.55,0.09,0.07,0.005,0.059,0.023
237,2005,0.52,0.09,0.55,0.06,0.07,0.008,0.059,0.018
237,2010,0.38,0.07,0.54,0.06,0.05,0.005,0.056,0.017
237,2015,0.24,0.03,0.45,0.03,0.04,0.003,0.06,0.016
237,2020,0.64,0.2,1.01,0.12,0.2,0.004,0.04,0.009
239,1995,0.57,0.1,0.51,0.06,0.07,0.005,0.012,0.029
239,2000,0.47,0.11,0.46,0.05,0.06,0.004,0.021,0.031
239,2005,0.49,0.11,0.52,0.05,0.03,0.003,0.017,0.022
239,2010,0.36,0.08,0.49,0.06,0.05,0.003,0.043,0.014
239,2015,0.3,0.07,0.39,0.02,0.04,0.003,0.04,0.014
239,2020,0.31,0.06,0.28,0.04,0.04,0.001,0.06,0.009
241,1995,0.55,0.08,0.53,0.08,0.08,0.005,0.038,0.019
241,2000,0.54,0.11,0.54,0.08,0.08,0.005,0.032,0.016
241,2005,0.54,0.1,0.54,0.06,0.09,0.009,0.041,0.015
241,2010,0.27,0.07,0.42,0.06,0.05,0.006,0.033,0.015
241,2015,0.21,0.07,0.47,0.04,0.05,0.003,0.03,0.014
241,2020,0.25,0.13,0.21,0.03,0.05,0.002,0.031,0.013
243,1995,0.28,0.11,0.2,0.03,0.04,0.003,0.034,0.016
243,2000,0.28,0.08,0.18,0.02,0.02,0.003,0.028,0.012
243,2005,0.27,0.06,0.18,0.02,0.02,0.003,0.043,0.016
243,2010,0.21,0.02,0.19,0.02,0.02,0.002,0.022,0.014
243,2015,0.3,0.02,0.24,0.03,0.03,0.003,0.03,0.014
243,2020,0.51,0.04,0.73,0.11,0.09,0.003,0.029,0.012
245,1995,0.42,0.14,0.41,0.04,0.06,0.004,0.036,0.021
245,2000,0.4,0.11,0.39,0.05,0.06,0.006,0.046,0.018
245,2005,0.5,0.17,0.42,0.07,0.07,0.009,0.053,0.024
245,2010,0.33,0.04,0.42,0.04,0.04,0.003,0.072,0.019
245,2015,0.49,0.04,0.51,0.05,0.06,0.003,0.07,0.018
245,2020,1.3,0.4,1.61,0.32,0.26,0.007,0.086,0.012
247,1995,0.59,0.1,0.65,0.07,0.09,0.006,0.024,0.036
247,2000,0.49,0.14,0.63,0.08,0.09,0.006,0.03,0.032
247,2005,0.37,0.18,0.69,0.1,0.1,0.006,0.134,0.035
247,2010,0.5,0.1,0.88,0.08,0.09,0.006,0.106,0.029
247,2015,0.67,0.05,0.82,0.14,0.11,0.008,0.03,0.013
247,2020,0.46,0.06,0.63,0.1,0.09,0.003,0.033,0.039
249,1995,0.76,0.1,0.68,0.12,0.12,0.006,0.046,0.025
249,2000,0.89,0.09,0.65,0.09,0.08,0.004,0.048,0.026
249,2005,0.88,0.1,0.62,0.12,0.09,0.008,0.056,0.023
249,2010,0.36,0.08,0.51,0.08,0.08,0.004,0.042,0.016
249,2015,0.35,0.06,0.42,0.08,0.06,0.005,0.04,0.013
249,2020,0.31,0.02,0.46,0.03,0.04,0.003,0.033,0.01
251,1995,0.72,0.16,0.63,0.13,0.13,0.006,0.063,0.025
251,2000,0.68,0.16,0.49,0.1,0.11,0.005,0.062,0.028
251,2005,0.66,0.32,0.66,0.11,0.11,0.011,0.077,0.031
251,2010,0.3,0.09,0.52,0.07,0.07,0.004,0.049,0.015
251,2015,0.33,0.07,0.42,0.07,0.07,0.004,0.05,0.012
251,2020,1.14,0.34,1.82,0.17,0.45,0.006,0.038,0.008
253,1995,0.67,0.12,0.54,0.07,0.08,0.005,0.076,0.026
253,2000,0.64,0.12,0.59,0.08,0.07,0.007,0.068,0.02
253,2005,0.53,0.18,0.59,0.07,0.07,0.01,0.072,0.021
253,2010,0.46,0.2,0.56,0.05,0.06,0.008,0.049,0.018
253,2015,0.59,0.09,0.51,0.06,0.07,0.008,0.04,0.013
253,2020,0.85,0.35,0.99,0.21,0.17,0.004,0.077,0.027
255,1995,0.68,0.2,0.64,0.08,0.15,0.005,0.046,0.02
255,2000,0.62,0.14,0.65,0.1,0.16,0.005,0.037,0.018
255,2005,0.59,0.12,0.77,0.14,0.16,0.01,0.046,0.019
255,2010,0.4,0.09,0.59,0.05,0.08,0.006,0.04,0.017
255,2015,0.42,0.1,0.49,0.07,0.08,0.006,0.04,0.015
255,2020,1.05,0.31,1.18,0.21,0.17,0.005,0.047,0.015
257,1995,0.29,0.03,0.32,0.04,0.05,0.003,0.038,0.015
257,2000,0.32,0.04,0.38,0.06,0.05,0.005,0.025,0.013
257,2005,0.29,0.05,0.37,0.05,0.04,0.008,0.052,0.017
257,2010,0.18,0.04,0.37,0.04,0.03,0.005,0.049,0.016
257,2015,0.2,0.08,0.27,0.05,0.03,0.003,0.06,0.021
257,2020,0.37,0.14,0.52,0.14,0.09,0.004,0.038,0.013
259,1995,0.6,0.11,0.56,0.1,0.09,0.007,0.052,0.029
259,2000,0.6,0.14,0.57,0.1,0.08,0.005,0.058,0.026
259,2005,0.53,0.09,0.6,0.14,0.08,0.013,0.052,0.019
259,2010,0.32,0.09,0.56,0.08,0.07,0.003,0.044,0.017
259,2015,0.28,0.07,0.42,0.06,0.06,0.003,0.04,0.013
259,2020,1.76,0.27,2.5,0.23,0.41,0.006,0.075,0.014
261,1995,0.46,0.04,0.4,0.06,0.06,0.005,0.031,0.022
261,2000,0.38,0.07,0.39,0.06,0.06,0.007,0.028,0.028
261,2005,0.36,0.09,0.43,0.06,0.05,0.07,0.03,0.016
261,2010,0.26,0.06,0.42,0.06,0.05,0.01,0.038,0.023
261,2015,0.31,0.05,0.35,0.08,0.06,0.008,0.03,0.015
261,2020,0.59,0.05,0.66,0.06,0.07,0.003,0.03,0.012
263,1995,0.88,0.09,0.87,0.14,0.13,0.005,0.067,0.019
263,2000,0.71,0.06,0.79,0.12,0.1,0.004,0.056,0.02
263,2005,0.81,0.06,0.71,0.09,0.1,0.007,0.048,0.016
263,2010,0.52,0.09,0.8,0.09,0.09,0.004,0.029,0.015
263,2015,0.55,0.07,0.84,0.11,0.11,0.004,0.03,0.014
263,2020,0.68,0.31,1.01,0.17,0.17,0.004,0.055,0.013
265,1995,0.4,0.06,0.51,0.07,0.07,0.003,0.03,0.018
265,2000,0.27,0.05,0.31,0.04,0.04,0.004,0.042,0.018
265,2005,0.29,0.06,0.43,0.04,0.03,0.005,0.05,0.014
265,2010,0.15,0.03,0.35,0.03,0.03,0.002,0.029,0.009
265,2015,0.18,0.02,0.32,0.02,0.03,0.002,0.03,0.011
265,2020,0.77,0.15,0.98,0.15,0.15,0.006,0.049,0.005
267,1995,0.56,0.12,0.53,0.11,0.09,0.006,0.064,0.021
267,2000,0.49,0.12,0.55,0.09,0.09,0.005,0.057,0.019
267,2005,0.52,0.11,0.48,0.08,0.07,0.011,0.047,0.019
267,2010,0.3,0.09,0.5,0.07,0.07,0.001,0.037,0.016
267,2015,0.34,0.09,0.52,0.09,0.07,0.007,0.03,0.015
267,2020,0.69,0.18,0.84,0.12,0.12,0.005,0.032,0.012
269,1995,0.67,0.2,0.85,0.13,0.19,0.006,0.02,0.025
269,2000,0.65,0.24,0.97,0.11,0.19,0.01,0.028,0.022
269,2005,0.65,0.28,0.8,0.1,0.23,0.009,0.043,0.079
269,2010,0.44,0.2,0.98,0.07,0.17,0.005,0.04,0.023
269,2015,0.42,0.17,0.89,0.08,0.16,0.009,0.04,0.019
269,2020,0.36,0.1,0.47,0.08,0.07,0.003,0.051,0.013
271,1995,0.33,0.04,0.34,0.06,0.06,0.005,0.029,0.016
271,2000,0.33,0.06,0.41,0.06,0.06,0.005,0.031,0.016
271,2005,0.31,0.06,0.41,0.06,0.04,0.004,0.04,0.016
271,2010,0.23,0.05,0.36,0.05,0.05,0.007,0.037,0.016
271,2015,0.25,0.04,0.41,0.06,0.06,0.007,0.03,0.015
271,2020,0.3,0.09,0.41,0.04,0.06,0.002,0.033,0.01
273,1995,0.3,0.04,0.2,0.04,0.03,0.004,0.029,0.015
273,2000,0.28,0.04,0.23,0.04,0.03,0.004,0.034,0.018
273,2005,0.28,0.03,0.25,0.03,0.02,0.004,0.04,0.015
273,2010,0.29,0.05,0.41,0.05,0.05,0.004,0.042,0.017
273,2015,0.3,0.06,0.35,0.05,0.06,0.003,0.03,0.014
273,2020,0.47,0.48,0.71,0.11,0.1,0.003,0.062,0.011
275,1995,0.32,0.04,0.26,0.03,0.04,0.002,0.086,0.02
275,2000,0.27,0.04,0.29,0.03,0.04,0.003,0.078,0.016
275,2005,0.22,0.02,0.25,0.03,0.03,0.001,0.068,0.016
275,2010,0.23,0.03,0.28,0.02,0.03,0.003,0.037,0.015
275,2015,0.24,0.03,0.3,0.02,0.04,0.003,0.03,0.012
275,2020,0.7,0.29,0.71,0.07,0.09,0.003,0.048,0.009
277,1995,1.2,0.42,1.11,0.19,0.23,0.011,0.056,0.026
277,2000,0.88,0.5,0.82,0.11,0.19,0.01,0.04,0.023
277,2005,0.83,0.44,0.9,0.18,0.28,0.016,0.055,0.025
277,2010,0.57,0.22,0.79,0.08,0.22,0.009,0.042,0.028
277,2015,0.57,0.79,0.72,0.09,0.19,0.008,0.03,0.02
277,2020,0.52,0.2,0.62,0.12,0.15,0.005,0.045,0.029
279,1995,0.87,0.22,0.75,0.11,0.12,0.007,0.062,0.016
279,2000,0.78,0.19,0.6,0.08,0.09,0.006,0.058,0.02
279,2005,0.89,0.17,0.61,0.1,0.07,0.009,0.061,0.029
279,2010,0.47,0.28,0.62,0.11,0.08,0.005,0.06,0.017
279,2015,0.46,0.1,0.52,0.06,0.08,0.005,0.05,0.015
279,2020,0.88,0.31,0.97,0.16,0.15,0.005,0.053,0.014
281,1995,1.18,0.27,1.07,0.16,0.18,0.008,0.062,0.031
281,2000,0.91,0.18,0.83,0.12,0.12,0.008,0.056,0.028
281,2005,0.98,0.17,0.87,0.15,0.13,0.011,0.072,0.027
281,2010,0.66,0.15,0.94,0.12,0.12,0.003,0.059,0.027
281,2015,0.86,0.19,1.01,0.16,0.14,0.004,0.06,0.02
281,2020,0.38,0.07,0.45,0.07,0.06,0.003,0.049,0.012
283,1995,1.46,0.32,1.28,0.2,0.24,0.012,0.051,0.014
283,2000,1.47,0.3,1.48,0.18,0.27,0.01,0.043,0.018
283,2005,1.67,0.37,1.84,0.17,0.23,0.015,0.054,0.022
283,2010,0.47,0.41,0.7,0.09,0.09,0.004,0.038,0.026
283,2015,0.68,0.28,0.77,0.14,0.13,0.007,0.05,0.02
283,2020,1.18,0.44,1.29,0.14,0.22,0.006,0.061,0.064
285,1995,1.05,0.17,0.92,0.15,0.16,0.012,0.042,0.016
285,2000,1.15,0.23,1.08,0.17,0.15,0.009,0.055,0.02
285,2005,1.05,0.19,1.12,0.22,0.13,0.016,0.053,0.021
285,2010,0.69,0.13,0.92,0.09,0.13,0.003,0.035,0.017
285,2015,0.85,0.21,0.98,0.14,0.14,0.008,0.05,0.016
285,2020,0.94,0.22,1.23,0.28,0.23,0.005,0.04,0.012
287,1995,0.36,0.21,0.35,0.06,0.05,0.007,0.045,0.032
287,2000,0.31,0.15,0.26,0.08,0.04,0.004,0.034,0.028
287,2005,0.39,0.17,0.34,0.04,0.03,0.008,0.045,0.026
287,2010,0.26,0.03,0.29,0.05,0.03,0.002,0.035,0.016
287,2015,0.29,0.03,0.26,0.02,0.03,0.004,0.03,0.014
287,2020,0.96,0.26,1.12,0.18,0.19,0.004,0.075,0.006
289,1995,0.42,0.08,0.31,0.05,0.06,0.005,0.048,0.018
289,2000,0.35,0.08,0.27,0.03,0.03,0.004,0.038,0.018
289,2005,0.39,0.08,0.33,0.04,0.03,0.004,0.052,0.016
289,2010,0.32,0.06,0.34,0.05,0.06,0.001,0.058,0.021
289,2015,0.29,0.06,0.32,0.04,0.04,0.004,0.06,0.014
289,2020,0.31,0.19,0.4,0.04,0.05,0.004,0.068,0.01
291,1995,0.78,0.19,0.75,0.13,0.12,0.008,0.045,0.018
291,2000,0.65,0.27,0.86,0.1,0.11,0.006,0.04,0.014
291,2005,0.55,0.22,0.84,0.1,0.12,0.01,0.05,0.016
291,2010,0.31,0.09,0.54,0.08,0.05,0.005,0.041,0.012
291,2015,0.29,0.09,0.54,0.04,0.06,0.003,0.06,0.012
291,2020,1.1,0.14,1.11,0.15,0.16,0.004,0.034,0.012
295,1995,0.6,0.1,0.57,0.12,0.08,0.008,0.026,0.031
295,2000,0.47,0.08,0.5,0.08,0.07,0.006,0.035,0.028
295,2005,0.53,0.13,0.55,0.12,0.06,0.011,0.035,0.03
295,2010,0.37,0.12,0.52,0.08,0.07,0.006,0.026,0.018
295,2015,0.3,0.1,0.41,0.06,0.06,0.013,0.03,0.018
295,2020,1.44,0.36,1.55,0.19,0.28,0.005,0.049,0.011
297,1995,0.39,0.15,0.36,0.06,0.05,0.005,0.023,0.026
297,2000,0.29,0.18,0.4,0.04,0.03,0.004,0.03,0.029
297,2005,0.32,0.21,0.3,0.07,0.04,0.006,0.04,0.025
297,2010,0.17,0.29,0.23,0.05,0.03,0.004,0.037,0.016
297,2015,0.16,0.38,0.25,0.02,0.03,0.003,0.04,0.016
297,2020,0.44,0.05,0.42,0.08,0.06,0.003,0.03,0.07
299,1995,1.67,20.8,1.08,0.56,0.27,0.111,0.117,0.069
299,2000,1.12,25.9,0.83,0.41,0.17,0.098,0.122,0.053
299,2005,1.22,26.8,0.92,0.4,0.21,0.099,0.143,0.066
299,2010,0.83,21.29,0.87,0.25,0.18,0.011,0.132,0.079
299,2015,0.57,21.0,0.77,0.16,0.14,0.011,0.12,0.063
299,2020,0.88,19.03,0.72,0.23,0.17,0.014,0.106,0.205
301,1995,2.2,0.36,2.53,0.2,0.49,0.017,0.104,0.044
301,2000,1.89,0.38,2.4,0.16,0.38,0.016,0.093,0.038
301,2005,1.42,0.5,2.4,0.24,0.34,0.021,0.08,0.04
301,2010,1.81,0.45,2.63,0.23,0.45,0.018,0.116,0.045
301,2015,1.27,0.23,2.13,0.12,0.29,0.009,0.07,0.042
301,2020,1.92,1.94,2.34,0.61,0.77,0.008,0.06,0.038
303,1995,1.63,0.13,1.89,0.16,0.25,0.011,0.082,0.034
303,2000,1.45,0.17,1.45,0.14,0.22,0.008,0.111,0.032
303,2005,1.6,0.42,1.7,0.16,0.22,0.011,0.098,0.039
303,2010,1.06,0.19,1.7,0.18,0.19,0.009,0.084,0.031
303,2015,1.0,0.12,2.2,0.1,0.23,0.007,0.07,0.029
303,2020,0.41,0.14,0.5,0.09,0.1,0.004,0.037,0.026
305,1995,1.67,0.18,3.17,0.17,0.32,0.011,0.101,0.027
305,2000,1.62,0.16,2.75,0.17,0.39,0.01,0.087,0.021
305,2005,1.43,0.14,3.06,0.12,0.33,0.009,0.105,0.025
305,2010,1.27,0.07,2.53,0.16,0.33,0.017,0.098,0.023
305,2015,1.01,0.1,2.91,0.1,0.26,0.009,0.08,0.023
305,2020,0.3,0.02,0.26,0.02,0.03,0.002,0.054,0.016
307,1995,1.54,0.28,1.63,0.2,0.23,0.01,0.061,0.027
307,2000,1.22,0.33,1.2,0.14,0.15,0.008,0.061,0.023
307,2005,1.46,0.33,1.17,0.17,0.12,0.007,0.094,0.019
307,2010,1.12,0.2,1.47,0.19,0.17,0.007,0.062,0.022
307,2015,0.94,0.21,1.89,0.17,0.18,0.007,0.06,0.02
307,2020,0.35,0.07,0.45,0.08,0.08,0.003,0.042,0.016
311,1995,1.57,0.19,1.52,0.22,0.26,0.008,0.053,0.02
311,2000,1.26,0.14,1.35,0.15,0.2,0.007,0.061,0.021
311,2005,1.53,0.16,1.56,0.22,0.21,0.009,0.054,0.019
311,2010,0.89,0.17,1.24,0.18,0.19,0.011,0.049,0.018
311,2015,0.58,0.16,1.31,0.13,0.15,0.006,0.05,0.015
311,2020,0.17,2.66,0.17,0.03,0.04,0.002,0.053,0.015
313,1995,0.88,0.32,0.95,0.12,0.15,0.005,0.071,0.025
313,2000,0.95,0.35,1.1,0.15,0.14,0.007,0.082,0.02
313,2005,0.87,0.34,1.0,0.16,0.1,0.006,0.081,0.016
313,2010,0.61,0.35,0.96,0.14,0.12,0.005,0.08,0.03
313,2015,0.38,0.22,0.91,0.1,0.08,0.005,0.07,0.024
313,2020,1.12,0.18,1.21,0.14,0.17,0.018,0.084,0.026
315,1995,0.99,0.28,0.87,0.15,0.13,0.008,0.055,0.025
315,2000,1.11,0.29,1.07,0.16,0.16,0.008,0.062,0.026
315,2005,0.91,0.33,0.91,0.2,0.17,0.01,0.067,0.021
315,2010,0.82,0.36,1.18,0.16,0.18,0.006,0.108,0.018
315,2015,0.64,0.25,1.04,0.13,0.15,0.006,0.08,0.026
315,2020,1.32,0.21,1.59,0.21,0.31,0.006,0.054,0.026
317,1995,2.23,0.21,2.59,0.18,0.51,0.009,0.156,0.039
317,2000,2.1,0.18,2.71,0.14,0.48,0.007,0.144,0.036
317,2005,2.28,0.15,2.8,0.17,0.36,0.009,0.116,0.032
317,2010,1.73,0.24,2.64,0.12,0.51,0.011,0.073,0.052
317,2015,1.55,0.18,2.28,0.13,0.46,0.008,0.06,0.033
317,2020,0.44,0.1,0.49,0.06,0.07,0.003,0.051,0.017
319,1995,1.4,0.41,1.5,0.25,0.23,0.009,0.093,0.032
319,2000,1.23,0.39,1.45,0.21,0.22,0.01,0.109,0.027
319,2005,1.27,0.47,1.48,0.22,0.2,0.008,0.1,0.031
319,2010,0.87,0.35,1.47,0.21,0.22,0.003,0.083,0.026
319,2015,0.68,0.32,1.35,0.17,0.18,0.004,0.09,0.024
319,2020,0.45,0.1,0.54,0.08,0.08,0.003,0.06,0.017
321,1995,0.64,0.1,0.64,0.09,0.1,0.005,0.04,0.018
321,2000,0.6,0.1,0.67,0.06,0.08,0.004,0.038,0.016
321,2005,0.56,0.06,0.57,0.06,0.07,0.005,0.05,0.02
321,2010,0.37,0.09,0.61,0.06,0.07,0.002,0.056,0.015
321,2015,0.33,0.07,0.59,0.04,0.06,0.003,0.05,0.016
321,2020,0.99,0.19,1.01,0.15,0.15,0.004,0.046,0.013
323,1995,0.37,0.09,0.44,0.03,0.04,0.005,0.085,0.021
323,2000,0.36,0.22,0.48,0.03,0.04,0.005,0.072,0.018
323,2005,0.35,0.06,0.46,0.02,0.02,0.002,0.069,0.022
323,2010,0.29,0.03,0.44,0.02,0.02,0.003,0.053,0.017
323,2015,0.31,0.02,0.52,0.03,0.03,0.005,0.04,0.017
323,2020,1.51,0.57,2.34,0.26,0.53,0.008,0.063,0.02
325,1995,0.73,0.1,0.78,0.12,0.11,0.007,0.035,0.029
325,2000,0.65,0.09,0.67,0.08,0.08,0.004,0.043,0.023
325,2005,0.56,0.11,0.66,0.09,0.07,0.006,0.051,0.02
325,2010,0.35,0.06,0.63,0.05,0.05,0.002,0.049,0.015
325,2015,0.45,0.07,0.66,0.07,0.06,0.006,0.05,0.016
325,2020,1.26,0.38,1.31,0.21,0.23,0.004,0.043,0.011
327,1995,0.63,0.08,0.55,0.11,0.07,0.007,0.054,0.019
327,2000,0.56,0.06,0.48,0.08,0.05,0.005,0.06,0.018
327,2005,0.69,0.05,0.46,0.08,0.03,0.004,0.046,0.025
327,2010,0.32,0.07,0.46,0.04,0.05,0.006,0.037,0.014
327,2015,0.32,0.23,0.57,0.04,0.07,0.005,0.04,0.025
327,2020,0.21,0.21,0.21,0.04,0.03,0.003,0.047,0.011
329,1995,1.16,0.13,1.2,0.18,0.21,0.01,0.06,0.019
329,2000,0.98,0.11,1.18,0.16,0.21,0.008,0.073,0.019
329,2005,0.8,0.09,1.11,0.13,0.16,0.007,0.06,0.021
329,2010,1.0,0.1,1.75,0.19,0.31,0.005,0.045,0.019
329,2015,1.01,0.13,1.62,0.18,0.29,0.005,0.04,0.02
329,2020,0.9,0.34,0.92,0.14,0.18,0.007,0.099,0.013
331,1995,0.81,0.25,0.83,0.1,0.13,0.009,0.089,0.025
331,2000,0.66,0.26,0.75,0.07,0.09,0.006,0.101,0.021
331,2005,0.79,0.26,0.86,0.1,0.07,0.009,0.095,0.027
331,2010,0.49,0.14,0.76,0.07,0.06,"<0,0008",0.069,0.019
331,2015,0.55,0.13,0.7,0.06,0.06,0.005,0.07,0.022
331,2020,0.78,1.01,1.08,0.22,0.23,0.006,0.069,0.016
333,1995,1.54,0.51,1.32,0.26,0.18,0.011,0.063,0.041
333,2000,1.86,0.4,1.27,0.2,0.14,0.005,0.07,0.039
333,2005,1.51,0.38,1.21,0.24,0.17,0.008,0.109,0.034
333,2010,0.48,0.17,0.92,0.21,0.07,"<0,0008",0.038,0.019
333,2015,0.74,0.17,0.75,0.12,0.08,0.006,0.04,0.024
333,2020,1.33,0.96,1.87,0.27,0.26,0.009,0.158,0.026
335,1995,2.15,4.0,2.39,0.49,1.57,0.028,0.094,0.04
335,2000,2.17,3.88,2.63,0.52,1.54,0.021,0.105,0.038
335,2005,2.27,3.65,2.11,0.59,1.56,0.015,0.116,0.05
335,2010,1.32,1.18,2.57,0.17,0.3,0.009,0.098,0.04
335,2015,1.35,1.33,2.28,0.25,0.34,0.011,0.11,0.043
335,2020,0.63,0.22,0.84,0.16,0.15,0.005,0.048,0.061
337,1995,0.89,0.13,0.75,0.12,0.14,0.01,0.026,0.022
337,2000,0.69,0.16,0.67,0.12,0.1,0.008,0.03,0.018
337,2005,0.69,0.28,0.77,0.13,0.1,0.009,0.037,0.025
337,2010,0.44,0.16,0.8,0.07,0.08,0.006,0.033,0.016
337,2015,0.62,0.14,0.65,0.08,0.08,0.006,0.03,0.024
337,2020,0.15,0.03,0.19,0.02,0.02,0.002,0.025,0.017
339,1995,0.73,0.3,0.69,0.07,0.1,0.007,0.012,0.023
339,2000,0.58,0.22,0.61,0.06,0.08,0.004,0.028,0.018
339,2005,0.65,0.21,0.47,0.08,0.07,0.006,0.04,0.024
339,2010,0.45,0.18,0.55,0.06,0.07,0.008,0.046,0.016
339,2015,0.41,0.15,0.53,0.05,0.06,0.004,0.04,0.019
339,2020,0.47,0.17,0.3,0.04,0.05,0.003,0.105,0.014
341,1995,0.44,0.06,0.3,0.05,0.04,0.006,0.02,0.022
341,2000,0.44,0.09,0.4,0.05,0.05,0.003,0.027,0.019
341,2005,0.36,0.33,0.38,0.05,0.06,0.007,0.043,0.017
341,2010,0.25,0.07,0.36,0.03,0.02,0.001,0.034,0.014
341,2015,0.29,0.07,0.3,0.04,0.03,0.003,0.03,0.017
341,2020,0.58,0.15,0.91,0.14,0.21,0.01,0.06,0.009
343,1995,0.48,0.47,0.78,0.08,0.14,0.006,0.068,0.019
343,2000,0.45,0.46,0.71,0.06,0.15,0.004,0.08,0.02
343,2005,0.46,0.47,0.71,0.08,0.23,0.008,0.09,0.019
343,2010,0.55,0.91,1.29,0.08,0.91,0.003,0.048,0.022
343,2015,0.46,1.34,1.23,0.06,0.78,0.004,0.05,0.027
343,2020,1.3,0.09,2.05,0.12,0.24,0.006,0.064,0.054
345,1995,1.01,0.27,0.84,0.12,0.1,0.005,0.061,0.028
345,2000,0.98,0.28,0.83,0.13,0.09,0.006,0.073,0.024
345,2005,0.89,0.28,0.72,0.12,0.07,0.006,0.068,0.026
345,2010,0.65,0.26,0.88,0.13,0.06,0.005,0.042,0.02
345,2015,0.44,0.28,0.65,0.07,0.05,0.002,0.04,0.019
345,2020,0.57,0.16,0.88,0.13,0.16,0.004,0.047,0.017
347,1995,1.15,0.18,1.02,0.14,0.19,0.008,0.074,0.022
347,2000,0.87,0.18,0.9,0.16,0.14,0.008,0.081,0.027
347,2005,0.81,0.22,0.96,0.12,0.11,0.01,0.108,0.029
347,2010,0.84,0.18,1.47,0.14,0.23,0.01,0.064,0.027
347,2015,0.9,0.22,1.34,0.14,0.22,0.006,0.08,0.02
347,2020,2.45,0.32,3.5,0.23,0.81,0.007,0.063,0.017
349,1995,1.18,0.2,1.01,0.15,0.14,0.01,0.071,0.039
349,2000,1.23,0.17,1.21,0.18,0.17,0.01,0.068,0.035
349,2005,1.15,0.19,1.14,0.18,0.12,0.014,0.069,0.028
349,2010,1.03,0.19,1.46,0.14,0.18,0.011,0.054,0.02
349,2015,1.0,0.13,1.25,0.13,0.17,0.005,0.05,0.016
349,2020,0.27,0.18,0.4,0.04,0.05,0.003,0.046,0.017
351,1995,1.35,0.16,1.1,0.12,0.15,0.009,0.095,0.031
351,2000,1.08,0.37,1.06,0.13,0.17,0.007,0.084,0.03
351,2005,1.11,0.21,1.12,0.17,0.13,0.015,0.083,0.027
351,2010,0.78,0.15,1.09,0.1,0.14,0.003,0.074,0.03
351,2015,1.29,0.23,1.31,0.15,0.19,0.01,0.07,0.022
351,2020,1.18,0.32,1.68,0.2,0.26,0.008,0.079,0.018
353,1995,1.23,1.45,2.18,0.21,0.24,0.018,0.166,0.049
353,2000,1.05,1.43,2.06,0.21,0.24,0.024,0.186,0.043
353,2005,0.93,1.42,2.24,0.25,0.22,0.02,0.175,0.037
353,2010,0.71,0.77,2.06,0.19,0.19,0.009,0.093,0.038
353,2015,0.93,0.76,1.98,0.16,0.21,0.009,0.08,0.027
353,2020,0.65,0.22,1.01,0.13,0.2,0.004,0.05,0.021
355,1995,1.71,0.5,1.54,0.26,0.27,0.011,0.071,0.032
355,2000,1.64,0.55,1.47,0.26,0.27,0.012,0.071,0.034
355,2005,1.54,0.46,1.58,0.31,0.22,0.019,0.077,0.034
355,2010,1.04,0.38,1.58,0.18,0.21,0.01,0.062,0.023
355,2015,1.16,0.41,1.55,0.19,0.23,0.006,0.06,0.017
355,2020,0.9,0.3,1.05,0.15,0.09,0.002,0.054,0.02
357,1995,0.69,0.15,0.64,0.11,0.1,0.005,0.029,0.019
357,2000,0.65,0.2,0.64,0.1,0.09,0.004,0.028,0.014
357,2005,0.51,0.18,0.6,0.1,0.07,0.008,0.048,0.019
357,2010,0.38,0.18,0.64,0.09,0.06,0.003,0.037,0.015
357,2015,0.55,0.15,0.69,0.11,0.09,0.005,0.03,0.015
357,2020,0.71,0.1,0.31,0.09,0.15,0.004,0.08,0.012
359,1995,0.85,0.15,0.97,0.17,0.1,0.005,0.035,0.018
359,2000,0.72,0.13,0.84,0.13,0.08,0.004,0.04,0.018
359,2005,0.77,0.13,1.01,0.16,0.1,0.006,0.038,0.016
359,2010,0.45,0.09,0.83,0.08,0.06,0.002,0.027,0.013
359,2015,0.46,0.1,0.58,0.08,0.06,0.005,0.04,0.023
359,2020,2.32,1.55,3.57,0.27,0.76,0.012,0.047,0.014
361,1995,0.57,0.03,0.53,0.06,0.05,0.002,0.058,0.018
361,2000,0.51,0.04,0.49,0.06,0.05,0.004,0.068,0.018
361,2005,0.41,0.03,0.43,0.05,0.03,0.004,0.051,0.017
361,2010,0.24,0.02,0.47,0.03,0.03,0.002,0.03,0.012
361,2015,0.31,0.02,0.39,0.03,0.03,0.002,0.04,0.012
361,2020,0.67,0.19,0.84,0.08,0.11,0.003,0.037,0.008
363,1995,1.0,0.05,1.0,0.12,0.17,0.007,0.045,0.027
363,2000,0.87,0.04,1.13,0.1,0.13,0.009,0.046,0.024
363,2005,0.95,0.04,1.13,0.12,0.11,0.01,0.062,0.02
363,2010,0.83,0.06,1.13,0.08,0.13,0.004,0.049,0.02
363,2015,0.76,0.07,1.22,0.11,0.16,0.009,0.06,0.016
363,2020,0.44,0.18,0.66,0.16,0.12,0.006,0.046,0.021
365,1995,1.36,0.2,1.39,0.19,0.29,0.007,0.08,0.027
365,2000,1.34,0.28,1.58,0.2,0.29,0.009,0.075,0.029
365,2005,1.16,0.2,1.53,0.19,0.22,0.013,0.088,0.023
365,2010,1.45,0.33,2.73,0.26,0.43,0.008,0.113,0.021
365,2015,1.67,0.46,3.16,0.22,0.53,0.007,0.09,0.023
365,2020,0.71,0.19,0.8,0.13,0.13,0.005,0.041,0.023
367,1995,0.39,0.03,0.44,0.09,0.06,0.005,0.046,0.016
367,2000,0.26,0.05,0.32,0.06,0.04,0.003,0.055,0.018
367,2005,0.21,0.06,0.41,0.05,0.03,0.003,0.048,0.016
367,2010,0.2,0.05,0.33,0.05,0.04,0.004,0.033,0.011
367,2015,0.18,0.03,0.31,0.04,0.03,0.003,0.03,0.012
367,2020,0.6,0.25,0.72,0.1,0.09,0.004,0.045,0.008
369,1995,0.3,0.02,0.31,0.06,0.05,0.003,0.032,0.012
369,2000,0.3,0.05,0.45,0.05,0.05,0.003,0.03,0.013
369,2005,0.32,0.07,0.37,0.07,0.04,0.004,0.036,0.012
369,2010,0.15,0.05,0.4,0.04,0.04,0.003,0.027,0.008
369,2015,0.18,0.04,0.28,0.05,0.04,0.005,0.02,0.008
369,2020,0.57,0.13,0.74,0.12,0.11,0.004,0.048,0.005
371,1995,0.97,0.47,0.85,0.17,0.18,0.008,0.098,0.024
371,2000,0.6,0.39,0.72,0.13,0.14,0.005,0.091,0.019
371,2005,0.8,0.33,1.13,0.22,0.2,0.01,0.086,0.022
371,2010,0.8,0.34,1.44,0.21,0.22,0.006,0.074,0.028
371,2015,0.64,0.32,1.45,0.2,0.21,0.005,0.07,0.028
371,2020,1.24,0.28,1.55,0.22,0.25,0.005,0.055,0.033
373,1995,0.88,0.13,0.82,0.13,0.14,0.006,0.058,0.019
373,2000,0.97,0.12,1.03,0.16,0.13,0.005,0.07,0.021
373,2005,0.95,0.2,0.96,0.17,0.13,0.011,0.075,0.022
373,2010,0.36,0.07,0.61,0.11,0.06,0.003,0.048,0.014
373,2015,0.38,0.07,0.59,0.06,0.06,0.005,0.04,0.014
373,2020,0.31,0.08,0.45,0.02,0.03,0.001,0.035,0.012
375,1995,1.38,0.25,1.17,0.18,0.24,0.008,0.045,0.017
375,2000,1.27,0.3,1.27,0.19,0.23,0.007,0.053,0.016
375,2005,1.11,0.22,1.07,0.13,0.17,0.006,0.047,0.019
375,2010,0.71,0.23,1.09,0.11,0.17,0.006,0.034,0.015
375,2015,0.84,0.21,1.14,0.14,0.16,0.009,0.03,0.017
375,2020,1.01,0.49,1.24,0.18,0.18,0.005,0.087,0.032
377,1995,1.73,0.21,2.47,0.15,0.21,0.006,0.086,0.032
377,2000,1.93,0.2,2.28,0.17,0.22,0.01,0.106,0.03
377,2005,2.59,0.22,3.04,0.27,0.17,0.012,0.107,0.031
377,2010,1.1,0.14,1.92,0.08,0.14,0.011,0.057,0.025
377,2015,0.79,0.28,1.67,0.06,0.11,0.004,0.06,0.023
377,2020,0.63,0.16,0.88,0.11,0.11,0.003,0.035,0.019
379,1995,0.51,0.07,0.48,0.07,0.07,0.006,0.053,0.025
379,2000,0.41,0.03,0.45,0.04,0.05,0.006,0.064,0.024
379,2005,0.36,0.09,0.43,0.03,0.04,0.004,0.055,0.017
379,2010,0.32,0.06,0.44,0.04,0.05,0.004,0.051,0.015
379,2015,0.27,0.05,0.44,0.03,0.04,0.002,0.05,0.014
379,2020,0.34,0.09,0.39,0.07,0.07,0.004,0.039,0.008
381,1995,1.26,0.33,1.15,0.21,0.21,0.006,0.085,0.021
381,2000,1.14,0.39,1.27,0.24,0.21,0.01,0.089,0.026
381,2005,0.95,0.46,1.05,0.18,0.2,0.007,0.108,0.026
381,2010,0.71,0.3,0.95,0.12,0.14,0.008,0.111,0.022
381,2015,0.71,0.27,1.21,0.13,0.15,0.009,0.09,0.022
381,2020,1.44,0.34,1.83,0.11,0.17,0.005,0.078,0.024
383,1995,0.94,0.26,0.89,0.13,0.13,0.007,0.076,0.031
383,2000,0.83,0.22,0.9,0.09,0.11,0.008,0.063,0.028
383,2005,0.81,0.23,0.8,0.06,0.1,0.005,0.055,0.029
383,2010,0.46,0.18,0.84,0.05,0.08,0.005,0.041,0.02
383,2015,0.37,0.16,0.7,0.05,0.08,0.005,0.04,0.022
383,2020,0.56,0.09,0.7,0.07,0.08,0.003,0.046,0.015
385,1995,0.4,0.03,0.45,0.04,0.04,0.003,0.069,0.016
385,2000,0.36,0.04,0.5,0.04,0.04,0.005,0.067,0.014
385,2005,0.33,0.05,0.5,0.04,0.03,0.005,0.071,0.019
385,2010,0.24,0.03,0.48,0.02,0.03,0.007,0.041,0.014
385,2015,0.2,0.01,0.47,0.01,0.03,0.003,0.03,0.013
385,2020,0.41,0.1,0.54,0.04,0.06,0.003,0.036,0.008
387,1995,0.88,0.15,0.94,0.16,0.16,0.006,0.083,0.025
387,2000,0.91,0.16,1.01,0.14,0.15,0.01,0.078,0.02
387,2005,0.82,0.14,0.87,0.12,0.17,0.006,0.076,0.02
387,2010,0.64,0.13,0.91,0.13,0.13,0.005,0.058,0.016
387,2015,0.6,0.1,0.95,0.11,0.14,0.009,0.06,0.016
387,2020,0.55,0.24,0.52,0.07,0.11,0.003,0.064,0.011
389,1995,0.83,0.11,0.75,0.13,0.13,0.005,0.049,0.025
389,2000,0.8,0.15,0.89,0.12,0.12,0.008,0.048,0.02
389,2005,0.89,0.11,0.77,0.13,0.1,0.008,0.062,0.019
389,2010,0.62,0.11,0.88,0.12,0.11,0.006,0.052,0.015
389,2015,0.73,0.18,1.05,0.16,0.16,0.01,0.06,0.016
389,2020,0.57,0.3,0.64,0.07,0.1,0.006,0.067,0.015
393,1995,1.32,0.21,1.13,0.17,0.13,0.009,0.031,0.029
393,2000,0.98,0.19,1.08,0.14,0.13,0.008,0.034,0.02
393,2005,0.87,0.19,0.89,0.17,0.1,0.006,0.04,0.019
393,2010,0.44,0.22,0.47,0.14,0.08,0.005,0.04,0.01
393,2015,0.48,0.25,0.58,0.05,0.08,0.006,0.04,0.017
393,2020,1.23,0.09,1.58,0.11,0.17,0.004,0.055,0.015
395,1995,1.51,0.61,1.29,0.26,0.26,0.013,0.04,0.031
395,2000,1.34,0.83,0.85,0.24,0.22,0.008,0.048,0.028
395,2005,1.17,0.65,1.15,0.21,0.18,0.012,0.063,0.026
395,2010,0.77,0.23,1.09,0.14,0.15,0.004,0.043,0.021
395,2015,0.84,0.22,1.11,0.17,0.15,0.009,0.05,0.019
395,2020,0.38,0.04,0.49,0.07,0.07,0.003,0.035,0.016
397,1995,1.16,0.24,1.03,0.17,0.18,0.012,0.046,0.029
397,2000,0.88,0.21,0.92,0.14,0.13,0.007,0.058,0.029
397,2005,0.84,0.3,1.04,0.19,0.13,0.012,0.118,0.026
397,2010,0.59,0.32,0.85,0.13,0.12,0.006,0.122,0.027
397,2015,0.59,0.31,0.81,0.14,0.11,0.009,0.12,0.019
397,2020,0.62,0.18,0.91,0.11,0.15,0.004,0.047,0.014
399,1995,1.51,0.19,1.31,0.24,0.19,0.012,0.046,0.026
399,2000,1.34,0.24,1.33,0.17,0.21,0.009,0.046,0.028
399,2005,1.29,0.25,1.04,0.18,0.17,0.014,0.056,0.025
399,2010,0.64,0.21,0.87,0.12,0.12,0.007,0.049,0.017
399,2015,0.56,0.2,0.8,0.08,0.11,0.004,0.05,0.017
399,2020,0.3,0.02,0.29,0.02,0.03,0.001,0.036,0.012
401,1995,1.48,0.52,1.25,0.25,0.26,0.017,0.057,0.025
401,2000,1.19,0.6,0.97,0.2,0.26,0.013,0.061,0.02
401,2005,0.99,0.53,0.92,0.17,0.23,0.017,0.06,0.021
401,2010,0.53,0.18,0.72,0.15,0.09,0.005,0.048,0.013
401,2015,0.46,0.17,0.63,0.1,0.08,0.006,0.04,0.016
401,2020,0.91,0.14,1.06,0.14,0.17,0.004,0.023,0.017
403,1995,1.58,1.02,1.41,0.3,0.29,0.013,0.057,0.037
403,2000,1.34,1.21,1.18,0.24,0.21,0.009,0.061,0.028
403,2005,1.17,1.12,1.27,0.24,0.18,0.013,0.07,0.025
403,2010,0.73,0.39,1.08,0.14,0.16,0.005,0.056,0.022
403,2015,0.46,0.17,0.63,0.1,0.08,0.006,0.05,0.021
403,2020,0.42,0.01,0.38,0.03,0.05,0.001,0.048,0.016
405,1995,1.6,0.34,1.57,0.19,0.26,0.01,0.131,0.035
405,2000,1.31,0.31,1.42,0.17,0.23,0.009,0.151,0.029
405,2005,1.39,0.27,1.32,0.15,0.2,0.01,0.132,0.03
405,2010,0.97,0.18,1.43,0.13,0.15,0.023,0.144,0.029
405,2015,0.97,0.13,1.47,0.13,0.17,0.004,0.06,0.019
405,2020,0.95,0.25,0.98,0.14,0.15,0.004,0.038,0.013
407,1995,2.33,0.37,2.18,0.43,0.33,0.013,0.098,0.026
407,2000,2.65,0.3,2.23,0.34,0.29,0.016,0.093,0.023
407,2005,2.9,0.24,2.08,0.38,0.23,0.011,0.103,0.03
407,2010,1.02,0.27,2.09,0.13,0.19,0.008,0.093,0.029
407,2015,1.1,0.26,1.67,0.16,0.19,0.007,0.09,0.031
407,2020,0.95,0.13,0.95,0.13,0.12,0.003,0.037,0.023
409,1995,1.44,0.13,1.17,0.19,0.19,0.007,0.082,0.024
409,2000,1.27,0.14,1.17,0.16,0.17,0.008,0.089,0.02
409,2005,1.16,0.16,1.09,0.12,0.13,0.008,0.092,0.02
409,2010,1.0,0.14,1.2,0.12,0.15,0.008,0.087,0.018
409,2015,0.99,0.15,1.01,0.11,0.14,0.009,0.08,0.023
409,2020,0.74,0.15,0.87,0.11,0.12,0.005,0.042,0.021
411,1995,2.0,0.97,1.73,0.26,0.29,0.017,0.117,0.037
411,2000,1.46,1.09,1.69,0.21,0.25,0.015,0.122,0.038
411,2005,1.44,0.86,1.8,0.16,0.19,0.015,0.204,0.043
411,2010,0.99,1.31,1.6,0.2,0.33,0.01,0.143,0.05
411,2015,0.96,0.75,1.55,0.14,0.23,0.005,0.09,0.034
411,2020,0.52,0.12,0.73,0.12,0.11,0.005,0.046,0.012
413,1995,2.1,0.3,1.87,0.43,0.44,0.015,0.082,0.026
413,2000,1.82,0.27,1.92,0.36,0.37,0.011,0.1,0.026
413,2005,2.15,0.48,2.13,0.39,0.4,0.017,0.101,0.03
413,2010,1.17,0.3,2.17,0.13,0.3,0.007,0.068,0.025
413,2015,0.91,0.15,1.75,0.09,0.26,0.004,0.06,0.025
413,2020,1.53,0.17,2.51,0.22,0.5,0.006,0.075,0.016
415,1995,1.17,0.54,1.51,0.27,0.32,0.022,0.082,0.022
415,2000,1.05,0.67,1.48,0.22,0.32,0.018,0.099,0.027
415,2005,1.2,0.66,1.83,0.24,0.33,0.014,0.085,0.034
415,2010,0.96,0.26,1.66,0.13,0.26,0.005,0.063,0.031
415,2015,0.91,0.12,1.7,0.16,0.24,0.007,0.06,0.027
415,2020,2.67,2.52,3.64,0.95,0.86,0.009,0.063,0.024
417,1995,1.5,0.1,1.39,0.2,0.23,0.01,0.056,0.027
417,2000,1.28,0.11,1.22,0.17,0.18,0.007,0.07,0.027
417,2005,1.29,0.14,1.46,0.18,0.2,0.01,0.08,0.024
417,2010,0.88,0.12,1.34,0.1,0.16,0.008,0.062,0.023
417,2015,1.29,0.15,1.59,0.14,0.22,0.009,0.05,0.023
417,2020,1.5,0.27,2.2,0.13,0.18,0.004,0.046,0.009
419,1995,1.63,0.21,1.64,0.14,0.19,0.008,0.063,0.032
419,2000,1.49,0.18,1.45,0.12,0.16,0.011,0.059,0.028
419,2005,1.46,0.17,1.62,0.14,0.15,0.017,0.051,0.024
419,2010,1.14,0.15,1.91,0.11,0.15,0.012,0.057,0.035
419,2015,1.18,0.09,1.4,0.16,0.17,0.008,0.06,0.026
419,2020,0.6,0.07,0.65,0.08,0.12,0.003,0.042,0.022
421,1995,1.05,0.26,1.0,0.14,0.16,0.01,0.054,0.026
421,2000,1.01,0.23,1.04,0.15,0.15,0.011,0.046,0.024
421,2005,0.79,0.2,1.19,0.15,0.16,0.012,0.076,0.02
421,2010,0.64,0.13,0.99,0.16,0.11,0.009,0.054,0.022
421,2015,0.57,0.12,0.79,0.11,0.1,0.01,0.06,0.02
421,2020,0.49,1.37,0.65,0.13,0.12,0.006,0.055,0.012
423,1995,1.77,0.18,2.02,0.2,0.43,0.011,0.095,0.029
423,2000,1.58,0.14,1.98,0.21,0.41,0.01,0.081,0.025
423,2005,1.47,0.19,2.1,0.2,0.43,0.013,0.099,0.024
423,2010,1.1,0.11,2.12,0.15,0.39,0.01,0.074,0.028
423,2015,1.07,0.12,2.01,0.17,0.39,0.007,0.07,0.024
423,2020,0.77,0.12,1.12,0.14,0.18,0.003,0.04,0.013
425,1995,1.13,0.35,1.07,0.13,0.19,0.011,0.066,0.036
425,2000,1.02,0.35,1.16,0.13,0.18,0.013,0.071,0.035
425,2005,1.04,0.36,1.17,0.17,0.13,0.014,0.072,0.039
425,2010,0.84,0.16,1.29,0.1,0.16,0.015,0.058,0.026
425,2015,0.86,0.14,1.09,0.13,0.14,0.007,0.06,0.022
425,2020,0.76,1.27,1.26,0.18,0.14,0.006,0.266,0.025
427,1995,2.53,0.25,2.94,0.38,0.85,0.015,0.096,0.04
427,2000,2.83,0.3,2.75,0.28,0.77,0.016,0.102,0.045
427,2005,2.91,0.34,2.94,0.25,0.61,0.02,0.13,0.038
427,2010,1.85,0.28,3.08,0.25,0.67,0.017,0.073,0.046
427,2015,1.81,0.22,2.7,0.23,0.64,0.011,0.07,0.036
427,2020,0.34,0.12,0.32,0.06,0.05,0.003,0.034,0.018
429,1995,2.5,0.31,2.88,0.56,0.69,0.01,0.098,0.044
429,2000,2.35,0.31,2.68,0.52,0.65,0.009,0.077,0.038
429,2005,2.68,0.34,2.88,0.7,0.65,0.013,0.101,0.035
429,2010,1.52,0.34,2.77,0.25,0.54,0.009,0.084,0.036
429,2015,1.43,0.34,2.63,0.26,0.54,0.005,0.08,0.037
429,2020,0.23,0.08,0.28,0.05,0.05,0.003,0.051,0.032
431,1995,1.43,0.22,1.36,0.14,0.27,0.01,0.068,0.026
431,2000,1.22,0.27,1.35,0.12,0.28,0.008,0.57,0.021
431,2005,1.11,0.18,1.45,0.16,0.22,0.016,0.054,0.018
431,2010,1.02,0.27,1.78,0.13,0.27,0.011,0.039,0.016
431,2015,1.11,0.12,1.56,0.15,0.27,0.011,0.04,0.014
431,2020,0.62,0.18,0.68,0.14,0.11,0.003,0.044,0.013
433,1995,1.83,0.29,2.07,0.28,0.49,0.012,0.114,0.027
433,2000,1.48,0.37,2.26,0.24,0.53,0.017,0.107,0.03
433,2005,1.58,0.53,2.15,0.2,0.54,0.017,0.097,0.029
433,2010,1.15,0.52,2.53,0.24,0.6,0.013,0.062,0.035
433,2015,1.35,0.52,2.39,0.23,0.68,0.011,0.06,0.024
433,2020,0.79,0.24,0.79,0.13,0.12,0.005,0.073,0.035
435,1995,1.56,0.25,1.77,0.22,0.45,0.009,0.084,0.029
435,2000,1.43,0.29,1.87,0.24,0.43,0.008,0.079,0.024
435,2005,1.3,0.46,2.13,0.18,0.51,0.011,0.093,0.026
435,2010,1.16,0.4,2.31,0.25,0.48,0.008,0.064,0.027
435,2015,1.17,0.26,2.06,0.24,0.43,0.008,0.06,0.02
435,2020,0.35,0.06,0.46,0.07,0.07,0.003,0.038,0.015
437,1995,1.45,0.17,1.47,0.2,0.24,0.012,0.07,0.021
437,2000,1.27,0.15,1.37,0.16,0.21,0.01,0.077,0.019
437,2005,1.17,0.15,2.46,0.18,0.22,0.012,0.066,0.017
437,2010,0.67,0.17,1.28,0.15,0.17,0.006,0.05,0.015
437,2015,0.7,0.09,1.06,0.11,0.17,0.006,0.05,0.016
437,2020,0.93,0.4,1.23,0.27,0.25,0.005,0.084,0.012
439,1995,1.29,0.14,1.4,0.16,0.27,0.007,0.069,0.021
439,2000,1.25,0.14,1.42,0.17,0.22,0.008,0.067,0.021
439,2005,0.92,0.14,1.3,0.14,0.2,0.008,0.059,0.021
439,2010,1.07,0.17,1.9,0.15,0.32,0.007,0.043,0.018
439,2015,1.21,0.18,1.87,0.18,0.34,0.006,0.04,0.019
439,2020,0.37,0.11,0.47,0.07,0.07,0.002,0.038,0.022
441,1995,2.8,0.43,3.22,0.47,0.74,0.017,0.102,0.028
441,2000,2.47,0.43,3.39,0.46,0.74,0.013,0.1,0.026
441,2005,2.67,0.42,2.9,0.51,0.73,0.023,0.1,0.027
441,2010,1.52,0.31,3.13,0.25,0.58,0.011,0.087,0.026
441,2015,1.63,0.35,2.88,0.28,0.61,0.007,0.08,0.025
441,2020,0.32,0.11,0.41,0.06,0.06,0.008,0.045,0.024
443,1995,1.87,0.29,1.84,0.18,0.33,0.011,0.08,0.034
443,2000,2.2,0.38,2.61,0.23,0.35,0.011,0.095,0.037
443,2005,2.1,0.37,2.57,0.26,0.43,0.013,0.08,0.045
443,2010,1.24,0.34,2.33,0.16,0.34,0.008,0.097,0.037
443,2015,1.51,0.36,2.22,0.21,0.36,0.007,0.1,0.038
443,2020,1.38,2.39,2.03,0.24,0.38,0.006,0.089,0.022
445,1995,1.21,0.22,1.15,0.14,0.18,0.006,0.098,0.025
445,2000,1.33,0.3,1.42,0.17,0.22,0.01,0.083,0.025
445,2005,1.29,0.26,1.45,0.19,0.23,0.01,0.076,0.022
445,2010,1.05,0.22,1.4,0.15,0.21,0.006,0.05,0.017
445,2015,1.17,0.23,1.66,0.14,0.24,0.006,0.04,0.019
445,2020,1.57,0.53,2.31,0.26,0.61,0.005,0.076,0.015
447,1995,1.33,0.38,1.29,0.23,0.22,0.007,0.085,0.031
447,2000,1.2,0.3,1.28,0.19,0.19,0.01,0.102,0.032
447,2005,0.99,0.45,1.32,0.15,0.17,0.007,0.092,0.031
447,2010,0.78,0.41,1.32,0.17,0.17,0.005,0.085,0.032
447,2015,0.9,0.18,1.17,0.18,0.19,0.007,0.06,0.022
447,2020,0.47,0.15,0.53,0.08,0.09,0.007,0.101,0.014
449,1995,1.4,0.25,1.57,0.24,0.27,0.006,0.039,0.027
449,2000,1.93,0.3,2.04,0.25,0.35,0.011,0.048,0.032
449,2005,1.77,0.28,1.83,0.29,0.33,0.01,0.06,0.029
449,2010,0.75,0.27,1.62,0.17,0.2,0.009,0.06,0.021
449,2015,0.67,0.27,1.41,0.16,0.19,0.004,0.062,0.031
449,2020,0.54,0.15,0.53,0.03,0.05,0.002,0.078,0.02
